r,N
0.0001,5.11727e-08
0.000100231,5.1409e-08
0.000100462,5.16463e-08
0.000100693,5.18847e-08
0.000100925,5.21243e-08
0.000101158,5.23649e-08
0.000101391,5.26067e-08
0.000101625,5.28495e-08
0.00010186,5.30935e-08
0.000102094,5.33386e-08
0.00010233,5.35849e-08
0.000102566,5.38323e-08
0.000102802,5.40808e-08
0.000103039,5.43305e-08
0.000103277,5.45813e-08
0.000103515,5.48333e-08
0.000103754,5.50864e-08
0.000103993,5.53408e-08
0.000104233,5.55963e-08
0.000104473,5.58529e-08
0.000104714,5.61108e-08
0.000104955,5.63698e-08
0.000105197,5.66301e-08
0.00010544,5.68915e-08
0.000105683,5.71542e-08
0.000105927,5.7418e-08
0.000106171,5.76831e-08
0.000106416,5.79494e-08
0.000106661,5.8217e-08
0.000106907,5.84857e-08
0.000107153,5.87557e-08
0.0001074,5.9027e-08
0.000107648,5.92995e-08
0.000107896,5.95733e-08
0.000108145,5.98483e-08
0.000108394,6.01246e-08
0.000108644,6.04022e-08
0.000108895,6.06811e-08
0.000109146,6.09612e-08
0.000109398,6.12426e-08
0.00010965,6.15254e-08
0.000109903,6.18094e-08
0.000110156,6.20948e-08
0.00011041,6.23815e-08
0.000110665,6.26695e-08
0.00011092,6.29588e-08
0.000111176,6.32494e-08
0.000111432,6.35415e-08
0.000111689,6.38348e-08
0.000111946,6.41295e-08
0.000112204,6.44256e-08
0.000112463,6.4723e-08
0.000112722,6.50218e-08
0.000112982,6.5322e-08
0.000113243,6.56236e-08
0.000113504,6.59265e-08
0.000113766,6.62309e-08
0.000114028,6.65367e-08
0.000114291,6.68439e-08
0.000114554,6.71525e-08
0.000114819,6.74625e-08
0.000115083,6.77739e-08
0.000115349,6.80868e-08
0.000115615,6.84012e-08
0.000115881,6.8717e-08
0.000116148,6.90342e-08
0.000116416,6.93529e-08
0.000116685,6.96731e-08
0.000116954,6.99948e-08
0.000117223,7.03179e-08
0.000117494,7.06425e-08
0.000117764,7.09687e-08
0.000118036,7.12963e-08
0.000118308,7.16255e-08
0.000118581,7.19562e-08
0.000118854,7.22884e-08
0.000119128,7.26221e-08
0.000119403,7.29574e-08
0.000119678,7.32942e-08
0.000119954,7.36326e-08
0.000120231,7.39725e-08
0.000120508,7.4314e-08
0.000120786,7.46571e-08
0.000121064,7.50018e-08
0.000121344,7.5348e-08
0.000121623,7.56959e-08
0.000121904,7.60454e-08
0.000122185,7.63964e-08
0.000122467,7.67491e-08
0.000122749,7.71035e-08
0.000123032,7.74594e-08
0.000123316,7.7817e-08
0.0001236,7.81763e-08
0.000123885,7.85372e-08
0.000124171,7.88998e-08
0.000124457,7.92641e-08
0.000124744,7.963e-08
0.000125031,7.99976e-08
0.00012532,8.0367e-08
0.000125609,8.0738e-08
0.000125898,8.11107e-08
0.000126189,8.14852e-08
0.00012648,8.18614e-08
0.000126771,8.22393e-08
0.000127063,8.2619e-08
0.000127356,8.30004e-08
0.00012765,8.33836e-08
0.000127944,8.37686e-08
0.000128239,8.41553e-08
0.000128535,8.45438e-08
0.000128831,8.49342e-08
0.000129129,8.53263e-08
0.000129426,8.57202e-08
0.000129725,8.61159e-08
0.000130024,8.65135e-08
0.000130324,8.69129e-08
0.000130624,8.73142e-08
0.000130925,8.77173e-08
0.000131227,8.81222e-08
0.00013153,8.85291e-08
0.000131833,8.89378e-08
0.000132137,8.93484e-08
0.000132442,8.97609e-08
0.000132747,9.01753e-08
0.000133053,9.05916e-08
0.00013336,9.10098e-08
0.000133667,9.143e-08
0.000133976,9.18521e-08
0.000134284,9.22762e-08
0.000134594,9.27022e-08
0.000134904,9.31302e-08
0.000135215,9.35601e-08
0.000135527,9.39921e-08
0.00013584,9.4426e-08
0.000136153,9.48619e-08
0.000136467,9.52999e-08
0.000136781,9.57399e-08
0.000137097,9.61819e-08
0.000137413,9.66259e-08
0.00013773,9.7072e-08
0.000138047,9.75201e-08
0.000138366,9.79704e-08
0.000138685,9.84227e-08
0.000139004,9.88771e-08
0.000139325,9.93335e-08
0.000139646,9.97921e-08
0.000139968,1.00253e-07
0.000140291,1.00716e-07
0.000140614,1.01181e-07
0.000140939,1.01648e-07
0.000141264,1.02117e-07
0.000141589,1.02589e-07
0.000141916,1.03062e-07
0.000142243,1.03538e-07
0.000142571,1.04016e-07
0.0001429,1.04496e-07
0.000143229,1.04979e-07
0.000143559,1.05463e-07
0.00014389,1.0595e-07
0.000144222,1.06439e-07
0.000144555,1.06931e-07
0.000144888,1.07424e-07
0.000145222,1.0792e-07
0.000145557,1.08419e-07
0.000145892,1.08919e-07
0.000146229,1.09422e-07
0.000146566,1.09927e-07
0.000146904,1.10435e-07
0.000147243,1.10944e-07
0.000147582,1.11457e-07
0.000147922,1.11971e-07
0.000148263,1.12488e-07
0.000148605,1.13007e-07
0.000148948,1.13529e-07
0.000149291,1.14053e-07
0.000149636,1.1458e-07
0.000149981,1.15109e-07
0.000150326,1.1564e-07
0.000150673,1.16174e-07
0.00015102,1.16711e-07
0.000151369,1.17249e-07
0.000151718,1.17791e-07
0.000152068,1.18334e-07
0.000152418,1.18881e-07
0.00015277,1.1943e-07
0.000153122,1.19981e-07
0.000153475,1.20535e-07
0.000153829,1.21091e-07
0.000154183,1.2165e-07
0.000154539,1.22212e-07
0.000154895,1.22776e-07
0.000155252,1.23343e-07
0.00015561,1.23913e-07
0.000155969,1.24485e-07
0.000156329,1.25059e-07
0.000156689,1.25637e-07
0.00015705,1.26217e-07
0.000157413,1.26799e-07
0.000157776,1.27385e-07
0.000158139,1.27973e-07
0.000158504,1.28564e-07
0.000158869,1.29157e-07
0.000159236,1.29754e-07
0.000159603,1.30353e-07
0.000159971,1.30954e-07
0.00016034,1.31559e-07
0.000160709,1.32166e-07
0.00016108,1.32776e-07
0.000161451,1.33389e-07
0.000161824,1.34005e-07
0.000162197,1.34624e-07
0.000162571,1.35245e-07
0.000162946,1.3587e-07
0.000163321,1.36497e-07
0.000163698,1.37127e-07
0.000164075,1.3776e-07
0.000164454,1.38396e-07
0.000164833,1.39035e-07
0.000165213,1.39677e-07
0.000165594,1.40322e-07
0.000165976,1.4097e-07
0.000166358,1.41621e-07
0.000166742,1.42275e-07
0.000167126,1.42931e-07
0.000167512,1.43591e-07
0.000167898,1.44254e-07
0.000168285,1.4492e-07
0.000168673,1.45589e-07
0.000169062,1.46261e-07
0.000169452,1.46937e-07
0.000169842,1.47615e-07
0.000170234,1.48296e-07
0.000170626,1.48981e-07
0.00017102,1.49669e-07
0.000171414,1.5036e-07
0.000171809,1.51054e-07
0.000172206,1.51751e-07
0.000172603,1.52452e-07
0.000173001,1.53156e-07
0.000173399,1.53863e-07
0.000173799,1.54573e-07
0.0001742,1.55287e-07
0.000174602,1.56004e-07
0.000175004,1.56724e-07
0.000175408,1.57448e-07
0.000175812,1.58174e-07
0.000176218,1.58905e-07
0.000176624,1.59638e-07
0.000177031,1.60375e-07
0.000177439,1.61116e-07
0.000177848,1.6186e-07
0.000178258,1.62607e-07
0.000178669,1.63358e-07
0.000179081,1.64112e-07
0.000179494,1.64869e-07
0.000179908,1.65631e-07
0.000180323,1.66395e-07
0.000180739,1.67163e-07
0.000181156,1.67935e-07
0.000181573,1.6871e-07
0.000181992,1.69489e-07
0.000182411,1.70272e-07
0.000182832,1.71058e-07
0.000183254,1.71848e-07
0.000183676,1.72641e-07
0.0001841,1.73438e-07
0.000184524,1.74239e-07
0.00018495,1.75043e-07
0.000185376,1.75851e-07
0.000185803,1.76663e-07
0.000186232,1.77479e-07
0.000186661,1.78298e-07
0.000187092,1.79121e-07
0.000187523,1.79948e-07
0.000187955,1.80779e-07
0.000188389,1.81614e-07
0.000188823,1.82452e-07
0.000189259,1.83294e-07
0.000189695,1.84141e-07
0.000190132,1.84991e-07
0.000190571,1.85845e-07
0.00019101,1.86703e-07
0.00019145,1.87565e-07
0.000191892,1.88431e-07
0.000192334,1.89301e-07
0.000192778,1.90175e-07
0.000193222,1.91053e-07
0.000193668,1.91935e-07
0.000194114,1.92821e-07
0.000194562,1.93711e-07
0.000195011,1.94605e-07
0.00019546,1.95504e-07
0.000195911,1.96406e-07
0.000196363,1.97313e-07
0.000196815,1.98224e-07
0.000197269,1.99139e-07
0.000197724,2.00058e-07
0.00019818,2.00982e-07
0.000198637,2.0191e-07
0.000199095,2.02842e-07
0.000199554,2.03778e-07
0.000200014,2.04719e-07
0.000200475,2.05664e-07
0.000200937,2.06614e-07
0.000201401,2.07568e-07
0.000201865,2.08526e-07
0.00020233,2.09489e-07
0.000202797,2.10456e-07
0.000203265,2.11428e-07
0.000203733,2.12404e-07
0.000204203,2.13384e-07
0.000204674,2.14369e-07
0.000205146,2.15359e-07
0.000205619,2.16353e-07
0.000206093,2.17352e-07
0.000206568,2.18356e-07
0.000207044,2.19364e-07
0.000207522,2.20376e-07
0.000208,2.21394e-07
0.00020848,2.22416e-07
0.00020896,2.23443e-07
0.000209442,2.24474e-07
0.000209925,2.25511e-07
0.000210409,2.26552e-07
0.000210894,2.27598e-07
0.000211381,2.28648e-07
0.000211868,2.29704e-07
0.000212356,2.30765e-07
0.000212846,2.3183e-07
0.000213337,2.329e-07
0.000213829,2.33975e-07
0.000214322,2.35056e-07
0.000214816,2.36141e-07
0.000215311,2.37231e-07
0.000215808,2.38326e-07
0.000216305,2.39427e-07
0.000216804,2.40532e-07
0.000217304,2.41642e-07
0.000217805,2.42758e-07
0.000218307,2.43879e-07
0.00021881,2.45005e-07
0.000219315,2.46136e-07
0.000219821,2.47272e-07
0.000220327,2.48414e-07
0.000220835,2.49561e-07
0.000221345,2.50713e-07
0.000221855,2.5187e-07
0.000222367,2.53033e-07
0.000222879,2.54201e-07
0.000223393,2.55375e-07
0.000223908,2.56554e-07
0.000224424,2.57738e-07
0.000224942,2.58928e-07
0.000225461,2.60123e-07
0.00022598,2.61324e-07
0.000226501,2.62531e-07
0.000227024,2.63743e-07
0.000227547,2.6496e-07
0.000228072,2.66184e-07
0.000228598,2.67413e-07
0.000229125,2.68647e-07
0.000229653,2.69887e-07
0.000230183,2.71133e-07
0.000230713,2.72385e-07
0.000231245,2.73643e-07
0.000231778,2.74906e-07
0.000232313,2.76175e-07
0.000232848,2.7745e-07
0.000233385,2.78731e-07
0.000233923,2.80018e-07
0.000234463,2.81311e-07
0.000235003,2.82609e-07
0.000235545,2.83914e-07
0.000236088,2.85225e-07
0.000236633,2.86542e-07
0.000237178,2.87865e-07
0.000237725,2.89194e-07
0.000238273,2.90529e-07
0.000238823,2.9187e-07
0.000239373,2.93218e-07
0.000239925,2.94571e-07
0.000240478,2.95931e-07
0.000241033,2.97297e-07
0.000241589,2.9867e-07
0.000242146,3.00049e-07
0.000242704,3.01434e-07
0.000243264,3.02826e-07
0.000243825,3.04224e-07
0.000244387,3.05628e-07
0.00024495,3.07039e-07
0.000245515,3.08457e-07
0.000246081,3.09881e-07
0.000246648,3.11311e-07
0.000247217,3.12749e-07
0.000247787,3.14193e-07
0.000248358,3.15643e-07
0.000248931,3.171e-07
0.000249505,3.18564e-07
0.00025008,3.20035e-07
0.000250657,3.21513e-07
0.000251235,3.22997e-07
0.000251814,3.24488e-07
0.000252395,3.25986e-07
0.000252977,3.27491e-07
0.00025356,3.29003e-07
0.000254145,3.30522e-07
0.000254731,3.32048e-07
0.000255318,3.33581e-07
0.000255907,3.35121e-07
0.000256497,3.36668e-07
0.000257088,3.38222e-07
0.000257681,3.39784e-07
0.000258275,3.41353e-07
0.000258871,3.42928e-07
0.000259467,3.44512e-07
0.000260066,3.46102e-07
0.000260665,3.477e-07
0.000261266,3.49305e-07
0.000261869,3.50918e-07
0.000262473,3.52538e-07
0.000263078,3.54166e-07
0.000263684,3.55801e-07
0.000264292,3.57443e-07
0.000264902,3.59093e-07
0.000265512,3.60751e-07
0.000266125,3.62417e-07
0.000266738,3.6409e-07
0.000267353,3.65771e-07
0.00026797,3.6746e-07
0.000268588,3.69156e-07
0.000269207,3.7086e-07
0.000269828,3.72572e-07
0.00027045,3.74292e-07
0.000271073,3.7602e-07
0.000271698,3.77756e-07
0.000272325,3.795e-07
0.000272953,3.81253e-07
0.000273582,3.83013e-07
0.000274213,3.84781e-07
0.000274845,3.86557e-07
0.000275479,3.88342e-07
0.000276114,3.90135e-07
0.000276751,3.91936e-07
0.000277389,3.93745e-07
0.000278028,3.95563e-07
0.000278669,3.97389e-07
0.000279312,3.99224e-07
0.000279956,4.01067e-07
0.000280601,4.02919e-07
0.000281248,4.04779e-07
0.000281897,4.06648e-07
0.000282547,4.08525e-07
0.000283198,4.10411e-07
0.000283851,4.12306e-07
0.000284506,4.14209e-07
0.000285162,4.16122e-07
0.000285819,4.18043e-07
0.000286478,4.19973e-07
0.000287139,4.21912e-07
0.000287801,4.23859e-07
0.000288464,4.25816e-07
0.000289129,4.27782e-07
0.000289796,4.29757e-07
0.000290464,4.31741e-07
0.000291134,4.33734e-07
0.000291805,4.35737e-07
0.000292478,4.37749e-07
0.000293152,4.39769e-07
0.000293828,4.418e-07
0.000294506,4.43839e-07
0.000295185,4.45889e-07
0.000295865,4.47947e-07
0.000296548,4.50015e-07
0.000297231,4.52093e-07
0.000297917,4.5418e-07
0.000298604,4.56277e-07
0.000299292,4.58383e-07
0.000299982,4.60499e-07
0.000300674,4.62625e-07
0.000301367,4.64761e-07
0.000302062,4.66907e-07
0.000302758,4.69062e-07
0.000303456,4.71228e-07
0.000304156,4.73404e-07
0.000304857,4.75589e-07
0.00030556,4.77785e-07
0.000306265,4.79991e-07
0.000306971,4.82207e-07
0.000307679,4.84433e-07
0.000308388,4.86669e-07
0.000309099,4.88916e-07
0.000309812,4.91173e-07
0.000310526,4.93441e-07
0.000311242,4.95719e-07
0.00031196,4.98008e-07
0.000312679,5.00307e-07
0.0003134,5.02616e-07
0.000314123,5.04937e-07
0.000314847,5.07268e-07
0.000315573,5.0961e-07
0.000316301,5.11963e-07
0.00031703,5.14326e-07
0.000317761,5.16701e-07
0.000318494,5.19086e-07
0.000319228,5.21483e-07
0.000319964,5.2389e-07
0.000320702,5.26309e-07
0.000321441,5.28739e-07
0.000322182,5.3118e-07
0.000322925,5.33632e-07
0.00032367,5.36096e-07
0.000324416,5.38571e-07
0.000325164,5.41057e-07
0.000325914,5.43555e-07
0.000326665,5.46064e-07
0.000327418,5.48585e-07
0.000328173,5.51118e-07
0.00032893,5.53662e-07
0.000329688,5.56219e-07
0.000330449,5.58786e-07
0.00033121,5.61366e-07
0.000331974,5.63958e-07
0.00033274,5.66562e-07
0.000333507,5.69177e-07
0.000334276,5.71805e-07
0.000335046,5.74445e-07
0.000335819,5.77097e-07
0.000336593,5.79761e-07
0.000337369,5.82438e-07
0.000338147,5.85127e-07
0.000338927,5.87828e-07
0.000339708,5.90542e-07
0.000340492,5.93268e-07
0.000341277,5.96007e-07
0.000342064,5.98759e-07
0.000342852,6.01523e-07
0.000343643,6.043e-07
0.000344435,6.0709e-07
0.000345229,6.09893e-07
0.000346025,6.12708e-07
0.000346823,6.15537e-07
0.000347623,6.18379e-07
0.000348424,6.21234e-07
0.000349228,6.24102e-07
0.000350033,6.26983e-07
0.00035084,6.29878e-07
0.000351649,6.32786e-07
0.00035246,6.35707e-07
0.000353272,6.38642e-07
0.000354087,6.4159e-07
0.000354903,6.44552e-07
0.000355722,6.47528e-07
0.000356542,6.50518e-07
0.000357364,6.53521e-07
0.000358188,6.56538e-07
0.000359014,6.59569e-07
0.000359841,6.62614e-07
0.000360671,6.65673e-07
0.000361503,6.68746e-07
0.000362336,6.71834e-07
0.000363172,6.74935e-07
0.000364009,6.78051e-07
0.000364848,6.81182e-07
0.00036569,6.84327e-07
0.000366533,6.87486e-07
0.000367378,6.9066e-07
0.000368225,6.93848e-07
0.000369074,6.97052e-07
0.000369925,7.0027e-07
0.000370778,7.03503e-07
0.000371633,7.06751e-07
0.00037249,7.10014e-07
0.000373349,7.13291e-07
0.000374209,7.16585e-07
0.000375072,7.19893e-07
0.000375937,7.23216e-07
0.000376804,7.26555e-07
0.000377673,7.2991e-07
0.000378543,7.33279e-07
0.000379416,7.36665e-07
0.000380291,7.40066e-07
0.000381168,7.43482e-07
0.000382047,7.46915e-07
0.000382928,7.50363e-07
0.00038381,7.53827e-07
0.000384695,7.57307e-07
0.000385582,7.60804e-07
0.000386471,7.64316e-07
0.000387363,7.67845e-07
0.000388256,7.7139e-07
0.000389151,7.74951e-07
0.000390048,7.78529e-07
0.000390947,7.82123e-07
0.000391849,7.85734e-07
0.000392752,7.89361e-07
0.000393658,7.93006e-07
0.000394566,7.96667e-07
0.000395475,8.00345e-07
0.000396387,8.0404e-07
0.000397301,8.07752e-07
0.000398217,8.11481e-07
0.000399135,8.15227e-07
0.000400056,8.18991e-07
0.000400978,8.22772e-07
0.000401903,8.2657e-07
0.000402829,8.30386e-07
0.000403758,8.3422e-07
0.000404689,8.38071e-07
0.000405622,8.41941e-07
0.000406557,8.45828e-07
0.000407495,8.49732e-07
0.000408434,8.53655e-07
0.000409376,8.57597e-07
0.00041032,8.61556e-07
0.000411266,8.65533e-07
0.000412214,8.69529e-07
0.000413165,8.73544e-07
0.000414117,8.77577e-07
0.000415072,8.81628e-07
0.000416029,8.85698e-07
0.000416988,8.89787e-07
0.00041795,8.93895e-07
0.000418914,8.98022e-07
0.000419879,9.02168e-07
0.000420848,9.06333e-07
0.000421818,9.10517e-07
0.000422791,9.14721e-07
0.000423765,9.18944e-07
0.000424742,9.23186e-07
0.000425722,9.27449e-07
0.000426703,9.3173e-07
0.000427687,9.36032e-07
0.000428673,9.40353e-07
0.000429662,9.44695e-07
0.000430652,9.49056e-07
0.000431645,9.53437e-07
0.000432641,9.57839e-07
0.000433638,9.62261e-07
0.000434638,9.66704e-07
0.00043564,9.71167e-07
0.000436645,9.7565e-07
0.000437651,9.80155e-07
0.00043866,9.8468e-07
0.000439672,9.89226e-07
0.000440686,9.93793e-07
0.000441702,9.98381e-07
0.00044272,1.00299e-06
0.000443741,1.00762e-06
0.000444764,1.01227e-06
0.000445789,1.01695e-06
0.000446817,1.02164e-06
0.000447848,1.02636e-06
0.00044888,1.0311e-06
0.000449915,1.03586e-06
0.000450953,1.04064e-06
0.000451992,1.04544e-06
0.000453034,1.05027e-06
0.000454079,1.05512e-06
0.000455126,1.05999e-06
0.000456175,1.06488e-06
0.000457227,1.0698e-06
0.000458281,1.07474e-06
0.000459338,1.0797e-06
0.000460397,1.08468e-06
0.000461459,1.08969e-06
0.000462523,1.09472e-06
0.000463589,1.09978e-06
0.000464658,1.10485e-06
0.000465729,1.10995e-06
0.000466803,1.11508e-06
0.00046788,1.12023e-06
0.000468958,1.1254e-06
0.00047004,1.13059e-06
0.000471123,1.13581e-06
0.00047221,1.14106e-06
0.000473298,1.14633e-06
0.00047439,1.15162e-06
0.000475483,1.15693e-06
0.00047658,1.16228e-06
0.000477679,1.16764e-06
0.00047878,1.17303e-06
0.000479884,1.17845e-06
0.00048099,1.18389e-06
0.000482099,1.18935e-06
0.000483211,1.19485e-06
0.000484325,1.20036e-06
0.000485442,1.2059e-06
0.000486561,1.21147e-06
0.000487683,1.21706e-06
0.000488807,1.22268e-06
0.000489935,1.22833e-06
0.000491064,1.234e-06
0.000492196,1.2397e-06
0.000493331,1.24542e-06
0.000494469,1.25117e-06
0.000495609,1.25694e-06
0.000496752,1.26275e-06
0.000497897,1.26858e-06
0.000499045,1.27443e-06
0.000500196,1.28032e-06
0.000501349,1.28623e-06
0.000502505,1.29217e-06
0.000503663,1.29813e-06
0.000504825,1.30413e-06
0.000505989,1.31015e-06
0.000507155,1.31619e-06
0.000508325,1.32227e-06
0.000509497,1.32838e-06
0.000510672,1.33451e-06
0.000511849,1.34067e-06
0.000513029,1.34686e-06
0.000514212,1.35308e-06
0.000515398,1.35932e-06
0.000516586,1.3656e-06
0.000517777,1.3719e-06
0.000518971,1.37824e-06
0.000520168,1.3846e-06
0.000521367,1.39099e-06
0.000522569,1.39741e-06
0.000523774,1.40387e-06
0.000524982,1.41035e-06
0.000526192,1.41686e-06
0.000527405,1.4234e-06
0.000528621,1.42997e-06
0.00052984,1.43657e-06
0.000531062,1.44321e-06
0.000532286,1.44987e-06
0.000533514,1.45656e-06
0.000534744,1.46329e-06
0.000535977,1.47004e-06
0.000537212,1.47683e-06
0.000538451,1.48365e-06
0.000539693,1.4905e-06
0.000540937,1.49738e-06
0.000542184,1.50429e-06
0.000543434,1.51124e-06
0.000544687,1.51821e-06
0.000545943,1.52522e-06
0.000547202,1.53226e-06
0.000548464,1.53934e-06
0.000549728,1.54644e-06
0.000550996,1.55358e-06
0.000552266,1.56076e-06
0.00055354,1.56796e-06
0.000554816,1.5752e-06
0.000556095,1.58247e-06
0.000557377,1.58978e-06
0.000558662,1.59712e-06
0.00055995,1.60449e-06
0.000561242,1.6119e-06
0.000562536,1.61934e-06
0.000563833,1.62682e-06
0.000565133,1.63433e-06
0.000566436,1.64187e-06
0.000567742,1.64945e-06
0.000569051,1.65707e-06
0.000570363,1.66472e-06
0.000571678,1.6724e-06
0.000572996,1.68012e-06
0.000574317,1.68788e-06
0.000575641,1.69567e-06
0.000576969,1.7035e-06
0.000578299,1.71137e-06
0.000579632,1.71927e-06
0.000580969,1.7272e-06
0.000582308,1.73518e-06
0.000583651,1.74319e-06
0.000584997,1.75124e-06
0.000586346,1.75932e-06
0.000587697,1.76744e-06
0.000589053,1.7756e-06
0.000590411,1.7838e-06
0.000591772,1.79204e-06
0.000593136,1.80031e-06
0.000594504,1.80862e-06
0.000595875,1.81697e-06
0.000597249,1.82536e-06
0.000598626,1.83379e-06
0.000600006,1.84225e-06
0.000601389,1.85076e-06
0.000602776,1.8593e-06
0.000604166,1.86789e-06
0.000605559,1.87651e-06
0.000606955,1.88517e-06
0.000608355,1.89388e-06
0.000609757,1.90262e-06
0.000611163,1.9114e-06
0.000612572,1.92023e-06
0.000613985,1.92909e-06
0.0006154,1.938e-06
0.000616819,1.94695e-06
0.000618242,1.95593e-06
0.000619667,1.96496e-06
0.000621096,1.97404e-06
0.000622528,1.98315e-06
0.000623963,1.99231e-06
0.000625402,2.0015e-06
0.000626844,2.01074e-06
0.000628289,2.02003e-06
0.000629738,2.02935e-06
0.00063119,2.03872e-06
0.000632645,2.04813e-06
0.000634104,2.05759e-06
0.000635566,2.06709e-06
0.000637031,2.07663e-06
0.0006385,2.08622e-06
0.000639972,2.09585e-06
0.000641448,2.10553e-06
0.000642927,2.11525e-06
0.000644409,2.12501e-06
0.000645895,2.13482e-06
0.000647384,2.14468e-06
0.000648877,2.15458e-06
0.000650373,2.16453e-06
0.000651873,2.17452e-06
0.000653376,2.18456e-06
0.000654882,2.19465e-06
0.000656392,2.20478e-06
0.000657906,2.21496e-06
0.000659423,2.22518e-06
0.000660943,2.23546e-06
0.000662467,2.24578e-06
0.000663994,2.25614e-06
0.000665525,2.26656e-06
0.00066706,2.27702e-06
0.000668598,2.28754e-06
0.00067014,2.2981e-06
0.000671685,2.30871e-06
0.000673233,2.31937e-06
0.000674786,2.33007e-06
0.000676341,2.34083e-06
0.000677901,2.35164e-06
0.000679464,2.36249e-06
0.000681031,2.3734e-06
0.000682601,2.38436e-06
0.000684175,2.39537e-06
0.000685752,2.40642e-06
0.000687333,2.41753e-06
0.000688918,2.4287e-06
0.000690507,2.43991e-06
0.000692099,2.45117e-06
0.000693694,2.46249e-06
0.000695294,2.47386e-06
0.000696897,2.48528e-06
0.000698504,2.49675e-06
0.000700114,2.50828e-06
0.000701729,2.51986e-06
0.000703347,2.53149e-06
0.000704968,2.54318e-06
0.000706594,2.55492e-06
0.000708223,2.56672e-06
0.000709856,2.57857e-06
0.000711493,2.59047e-06
0.000713133,2.60243e-06
0.000714777,2.61444e-06
0.000716425,2.62651e-06
0.000718077,2.63864e-06
0.000719733,2.65082e-06
0.000721393,2.66306e-06
0.000723056,2.67536e-06
0.000724723,2.68771e-06
0.000726394,2.70011e-06
0.000728069,2.71258e-06
0.000729748,2.7251e-06
0.00073143,2.73768e-06
0.000733117,2.75032e-06
0.000734807,2.76302e-06
0.000736501,2.77578e-06
0.000738199,2.78859e-06
0.000739901,2.80147e-06
0.000741607,2.8144e-06
0.000743317,2.82739e-06
0.000745031,2.84045e-06
0.000746749,2.85356e-06
0.000748471,2.86673e-06
0.000750197,2.87997e-06
0.000751926,2.89326e-06
0.00075366,2.90662e-06
0.000755398,2.92004e-06
0.000757139,2.93352e-06
0.000758885,2.94707e-06
0.000760635,2.96067e-06
0.000762389,2.97434e-06
0.000764147,2.98807e-06
0.000765908,3.00187e-06
0.000767674,3.01573e-06
0.000769444,3.02965e-06
0.000771218,3.04363e-06
0.000772997,3.05769e-06
0.000774779,3.0718e-06
0.000776565,3.08598e-06
0.000778356,3.10023e-06
0.000780151,3.11454e-06
0.000781949,3.12892e-06
0.000783752,3.14337e-06
0.000785559,3.15788e-06
0.000787371,3.17246e-06
0.000789186,3.18711e-06
0.000791006,3.20182e-06
0.00079283,3.2166e-06
0.000794658,3.23145e-06
0.00079649,3.24637e-06
0.000798326,3.26136e-06
0.000800167,3.27642e-06
0.000802012,3.29154e-06
0.000803861,3.30674e-06
0.000805715,3.322e-06
0.000807572,3.33734e-06
0.000809434,3.35275e-06
0.000811301,3.36823e-06
0.000813171,3.38378e-06
0.000815046,3.3994e-06
0.000816925,3.41509e-06
0.000818809,3.43086e-06
0.000820697,3.4467e-06
0.000822589,3.46261e-06
0.000824486,3.4786e-06
0.000826387,3.49466e-06
0.000828292,3.51079e-06
0.000830202,3.527e-06
0.000832116,3.54328e-06
0.000834035,3.55964e-06
0.000835958,3.57607e-06
0.000837885,3.59258e-06
0.000839817,3.60917e-06
0.000841754,3.62583e-06
0.000843695,3.64257e-06
0.00084564,3.65939e-06
0.00084759,3.67628e-06
0.000849544,3.69325e-06
0.000851503,3.71031e-06
0.000853466,3.72743e-06
0.000855434,3.74464e-06
0.000857406,3.76193e-06
0.000859383,3.7793e-06
0.000861365,3.79675e-06
0.000863351,3.81427e-06
0.000865341,3.83188e-06
0.000867337,3.84958e-06
0.000869336,3.86735e-06
0.000871341,3.8852e-06
0.00087335,3.90314e-06
0.000875364,3.92116e-06
0.000877382,3.93926e-06
0.000879405,3.95745e-06
0.000881432,3.97572e-06
0.000883465,3.99407e-06
0.000885502,4.01251e-06
0.000887543,4.03104e-06
0.00088959,4.04965e-06
0.000891641,4.06834e-06
0.000893697,4.08713e-06
0.000895757,4.10599e-06
0.000897823,4.12495e-06
0.000899893,4.14399e-06
0.000901968,4.16313e-06
0.000904047,4.18235e-06
0.000906132,4.20165e-06
0.000908221,4.22105e-06
0.000910315,4.24054e-06
0.000912414,4.26012e-06
0.000914518,4.27978e-06
0.000916627,4.29954e-06
0.00091874,4.31939e-06
0.000920858,4.33933e-06
0.000922982,4.35937e-06
0.00092511,4.37949e-06
0.000927243,4.39971e-06
0.000929381,4.42002e-06
0.000931524,4.44043e-06
0.000933671,4.46093e-06
0.000935824,4.48153e-06
0.000937982,4.50222e-06
0.000940145,4.523e-06
0.000942312,4.54388e-06
0.000944485,4.56486e-06
0.000946663,4.58593e-06
0.000948845,4.60711e-06
0.000951033,4.62838e-06
0.000953226,4.64974e-06
0.000955424,4.67121e-06
0.000957627,4.69278e-06
0.000959835,4.71444e-06
0.000962048,4.73621e-06
0.000964266,4.75807e-06
0.000966489,4.78004e-06
0.000968718,4.80211e-06
0.000970951,4.82428e-06
0.00097319,4.84655e-06
0.000975434,4.86892e-06
0.000977683,4.8914e-06
0.000979937,4.91398e-06
0.000982197,4.93667e-06
0.000984461,4.95946e-06
0.000986731,4.98236e-06
0.000989006,5.00536e-06
0.000991287,5.02847e-06
0.000993572,5.05168e-06
0.000995863,5.07501e-06
0.000998159,5.09844e-06
0.00100046,5.12197e-06
0.00100277,5.14562e-06
0.00100508,5.16938e-06
0.0010074,5.19324e-06
0.00100972,5.21722e-06
0.00101205,5.2413e-06
0.00101438,5.2655e-06
0.00101672,5.28981e-06
0.00101906,5.31423e-06
0.00102141,5.33877e-06
0.00102377,5.36341e-06
0.00102613,5.38817e-06
0.0010285,5.41305e-06
0.00103087,5.43804e-06
0.00103324,5.46315e-06
0.00103563,5.48837e-06
0.00103801,5.51371e-06
0.00104041,5.53916e-06
0.00104281,5.56473e-06
0.00104521,5.59042e-06
0.00104762,5.61623e-06
0.00105004,5.64216e-06
0.00105246,5.66821e-06
0.00105488,5.69438e-06
0.00105732,5.72067e-06
0.00105975,5.74708e-06
0.0010622,5.77361e-06
0.00106465,5.80027e-06
0.0010671,5.82704e-06
0.00106956,5.85395e-06
0.00107203,5.88097e-06
0.0010745,5.90812e-06
0.00107698,5.9354e-06
0.00107946,5.9628e-06
0.00108195,5.99033e-06
0.00108444,6.01799e-06
0.00108694,6.04577e-06
0.00108945,6.07368e-06
0.00109196,6.10172e-06
0.00109448,6.12989e-06
0.001097,6.15819e-06
0.00109953,6.18662e-06
0.00110207,6.21518e-06
0.00110461,6.24388e-06
0.00110716,6.2727e-06
0.00110971,6.30166e-06
0.00111227,6.33075e-06
0.00111483,6.35998e-06
0.0011174,6.38934e-06
0.00111998,6.41884e-06
0.00112256,6.44848e-06
0.00112515,6.47825e-06
0.00112774,6.50815e-06
0.00113034,6.5382e-06
0.00113295,6.56839e-06
0.00113556,6.59871e-06
0.00113818,6.62917e-06
0.00114081,6.65978e-06
0.00114344,6.69052e-06
0.00114607,6.72141e-06
0.00114871,6.75244e-06
0.00115136,6.78362e-06
0.00115402,6.81494e-06
0.00115668,6.8464e-06
0.00115935,6.87801e-06
0.00116202,6.90976e-06
0.0011647,6.94166e-06
0.00116738,6.97371e-06
0.00117007,7.0059e-06
0.00117277,7.03825e-06
0.00117548,7.07074e-06
0.00117819,7.10338e-06
0.0011809,7.13618e-06
0.00118363,7.16912e-06
0.00118636,7.20222e-06
0.00118909,7.23547e-06
0.00119183,7.26888e-06
0.00119458,7.30243e-06
0.00119733,7.33615e-06
0.0012001,7.37002e-06
0.00120286,7.40404e-06
0.00120564,7.43822e-06
0.00120842,7.47256e-06
0.0012112,7.50706e-06
0.00121399,7.54172e-06
0.00121679,7.57654e-06
0.0012196,7.61152e-06
0.00122241,7.64666e-06
0.00122523,7.68196e-06
0.00122806,7.71742e-06
0.00123089,7.75305e-06
0.00123372,7.78885e-06
0.00123657,7.82481e-06
0.00123942,7.86093e-06
0.00124228,7.89722e-06
0.00124514,7.93368e-06
0.00124801,7.97031e-06
0.00125089,8.0071e-06
0.00125378,8.04407e-06
0.00125667,8.08121e-06
0.00125956,8.11852e-06
0.00126247,8.156e-06
0.00126538,8.19365e-06
0.0012683,8.23148e-06
0.00127122,8.26948e-06
0.00127415,8.30766e-06
0.00127709,8.34601e-06
0.00128003,8.38454e-06
0.00128299,8.42325e-06
0.00128594,8.46214e-06
0.00128891,8.50121e-06
0.00129188,8.54045e-06
0.00129486,8.57988e-06
0.00129784,8.61949e-06
0.00130084,8.65929e-06
0.00130384,8.69926e-06
0.00130684,8.73943e-06
0.00130986,8.77977e-06
0.00131288,8.82031e-06
0.0013159,8.86103e-06
0.00131894,8.90194e-06
0.00132198,8.94303e-06
0.00132503,8.98432e-06
0.00132808,9.0258e-06
0.00133114,9.06747e-06
0.00133421,9.10933e-06
0.00133729,9.15139e-06
0.00134037,9.19363e-06
0.00134346,9.23608e-06
0.00134656,9.27872e-06
0.00134967,9.32156e-06
0.00135278,9.36459e-06
0.0013559,9.40782e-06
0.00135902,9.45126e-06
0.00136216,9.49489e-06
0.0013653,9.53873e-06
0.00136844,9.58276e-06
0.0013716,9.627e-06
0.00137476,9.67145e-06
0.00137793,9.7161e-06
0.00138111,9.76096e-06
0.00138429,9.80602e-06
0.00138749,9.85129e-06
0.00139068,9.89677e-06
0.00139389,9.94246e-06
0.0013971,9.98836e-06
0.00140033,1.00345e-05
0.00140356,1.00808e-05
0.00140679,1.01273e-05
0.00141003,1.01741e-05
0.00141329,1.02211e-05
0.00141654,1.02683e-05
0.00141981,1.03157e-05
0.00142308,1.03633e-05
0.00142637,1.04111e-05
0.00142965,1.04592e-05
0.00143295,1.05075e-05
0.00143625,1.0556e-05
0.00143957,1.06047e-05
0.00144289,1.06537e-05
0.00144621,1.07029e-05
0.00144955,1.07523e-05
0.00145289,1.08019e-05
0.00145624,1.08518e-05
0.0014596,1.09019e-05
0.00146296,1.09522e-05
0.00146634,1.10028e-05
0.00146972,1.10536e-05
0.0014731,1.11046e-05
0.0014765,1.11559e-05
0.00147991,1.12074e-05
0.00148332,1.12591e-05
0.00148674,1.13111e-05
0.00149017,1.13633e-05
0.0014936,1.14158e-05
0.00149705,1.14685e-05
0.0015005,1.15214e-05
0.00150396,1.15746e-05
0.00150742,1.16281e-05
0.0015109,1.16817e-05
0.00151438,1.17357e-05
0.00151788,1.17899e-05
0.00152138,1.18443e-05
0.00152488,1.1899e-05
0.0015284,1.19539e-05
0.00153192,1.20091e-05
0.00153546,1.20645e-05
0.001539,1.21202e-05
0.00154254,1.21762e-05
0.0015461,1.22324e-05
0.00154967,1.22889e-05
0.00155324,1.23456e-05
0.00155682,1.24026e-05
0.00156041,1.24599e-05
0.00156401,1.25174e-05
0.00156761,1.25752e-05
0.00157123,1.26332e-05
0.00157485,1.26915e-05
0.00157848,1.27501e-05
0.00158212,1.2809e-05
0.00158577,1.28681e-05
0.00158943,1.29275e-05
0.00159309,1.29872e-05
0.00159676,1.30472e-05
0.00160045,1.31074e-05
0.00160414,1.31679e-05
0.00160783,1.32287e-05
0.00161154,1.32898e-05
0.00161526,1.33512e-05
0.00161898,1.34128e-05
0.00162271,1.34747e-05
0.00162646,1.35369e-05
0.00163021,1.35994e-05
0.00163396,1.36622e-05
0.00163773,1.37253e-05
0.00164151,1.37886e-05
0.00164529,1.38523e-05
0.00164909,1.39163e-05
0.00165289,1.39805e-05
0.0016567,1.4045e-05
0.00166052,1.41099e-05
0.00166435,1.4175e-05
0.00166819,1.42405e-05
0.00167203,1.43062e-05
0.00167589,1.43723e-05
0.00167975,1.44386e-05
0.00168362,1.45053e-05
0.00168751,1.45722e-05
0.0016914,1.46395e-05
0.0016953,1.47071e-05
0.00169921,1.4775e-05
0.00170312,1.48432e-05
0.00170705,1.49117e-05
0.00171099,1.49806e-05
0.00171493,1.50497e-05
0.00171889,1.51192e-05
0.00172285,1.5189e-05
0.00172682,1.52591e-05
0.0017308,1.53296e-05
0.00173479,1.54004e-05
0.00173879,1.54715e-05
0.0017428,1.55429e-05
0.00174682,1.56146e-05
0.00175085,1.56867e-05
0.00175489,1.57591e-05
0.00175893,1.58319e-05
0.00176299,1.5905e-05
0.00176705,1.59784e-05
0.00177113,1.60522e-05
0.00177521,1.61263e-05
0.0017793,1.62007e-05
0.00178341,1.62755e-05
0.00178752,1.63507e-05
0.00179164,1.64262e-05
0.00179577,1.6502e-05
0.00179991,1.65782e-05
0.00180406,1.66547e-05
0.00180822,1.67316e-05
0.00181239,1.68089e-05
0.00181657,1.68865e-05
0.00182076,1.69644e-05
0.00182496,1.70427e-05
0.00182916,1.71214e-05
0.00183338,1.72005e-05
0.00183761,1.72799e-05
0.00184184,1.73596e-05
0.00184609,1.74398e-05
0.00185035,1.75203e-05
0.00185461,1.76012e-05
0.00185889,1.76824e-05
0.00186318,1.77641e-05
0.00186747,1.78461e-05
0.00187178,1.79285e-05
0.00187609,1.80112e-05
0.00188042,1.80944e-05
0.00188476,1.81779e-05
0.0018891,1.82619e-05
0.00189346,1.83462e-05
0.00189782,1.84309e-05
0.0019022,1.8516e-05
0.00190658,1.86014e-05
0.00191098,1.86873e-05
0.00191539,1.87736e-05
0.0019198,1.88603e-05
0.00192423,1.89473e-05
0.00192867,1.90348e-05
0.00193311,1.91227e-05
0.00193757,1.9211e-05
0.00194204,1.92997e-05
0.00194652,1.93888e-05
0.001951,1.94783e-05
0.0019555,1.95682e-05
0.00196001,1.96585e-05
0.00196453,1.97493e-05
0.00196906,1.98405e-05
0.0019736,1.99321e-05
0.00197815,2.00241e-05
0.00198271,2.01165e-05
0.00198728,2.02094e-05
0.00199186,2.03027e-05
0.00199646,2.03964e-05
0.00200106,2.04906e-05
0.00200567,2.05852e-05
0.0020103,2.06802e-05
0.00201493,2.07757e-05
0.00201958,2.08716e-05
0.00202424,2.0968e-05
0.0020289,2.10648e-05
0.00203358,2.1162e-05
0.00203827,2.12597e-05
0.00204297,2.13579e-05
0.00204768,2.14565e-05
0.0020524,2.15555e-05
0.00205713,2.1655e-05
0.00206188,2.1755e-05
0.00206663,2.18554e-05
0.0020714,2.19563e-05
0.00207617,2.20577e-05
0.00208096,2.21595e-05
0.00208576,2.22618e-05
0.00209057,2.23646e-05
0.00209539,2.24679e-05
0.00210022,2.25716e-05
0.00210506,2.26758e-05
0.00210991,2.27805e-05
0.00211478,2.28857e-05
0.00211966,2.29913e-05
0.00212454,2.30975e-05
0.00212944,2.32041e-05
0.00213435,2.33112e-05
0.00213927,2.34188e-05
0.0021442,2.3527e-05
0.00214915,2.36356e-05
0.0021541,2.37447e-05
0.00215907,2.38543e-05
0.00216405,2.39644e-05
0.00216904,2.40751e-05
0.00217404,2.41862e-05
0.00217905,2.42979e-05
0.00218408,2.44101e-05
0.00218911,2.45227e-05
0.00219416,2.4636e-05
0.00219922,2.47497e-05
0.00220429,2.4864e-05
0.00220937,2.49787e-05
0.00221447,2.50941e-05
0.00221957,2.52099e-05
0.00222469,2.53263e-05
0.00222982,2.54432e-05
0.00223496,2.55607e-05
0.00224011,2.56787e-05
0.00224528,2.57972e-05
0.00225046,2.59163e-05
0.00225564,2.6036e-05
0.00226085,2.61562e-05
0.00226606,2.62769e-05
0.00227128,2.63982e-05
0.00227652,2.65201e-05
0.00228177,2.66426e-05
0.00228703,2.67656e-05
0.0022923,2.68891e-05
0.00229759,2.70133e-05
0.00230289,2.7138e-05
0.0023082,2.72633e-05
0.00231352,2.73891e-05
0.00231885,2.75156e-05
0.0023242,2.76426e-05
0.00232956,2.77702e-05
0.00233493,2.78984e-05
0.00234031,2.80272e-05
0.00234571,2.81566e-05
0.00235112,2.82866e-05
0.00235654,2.84172e-05
0.00236197,2.85484e-05
0.00236742,2.86802e-05
0.00237288,2.88126e-05
0.00237835,2.89456e-05
0.00238383,2.90792e-05
0.00238933,2.92135e-05
0.00239484,2.93483e-05
0.00240036,2.94838e-05
0.00240589,2.962e-05
0.00241144,2.97567e-05
0.002417,2.98941e-05
0.00242257,3.00321e-05
0.00242816,3.01707e-05
0.00243376,3.031e-05
0.00243937,3.045e-05
0.00244499,3.05905e-05
0.00245063,3.07318e-05
0.00245628,3.08736e-05
0.00246194,3.10162e-05
0.00246762,3.11594e-05
0.00247331,3.13032e-05
0.00247901,3.14477e-05
0.00248473,3.15929e-05
0.00249046,3.17388e-05
0.0024962,3.18853e-05
0.00250196,3.20325e-05
0.00250772,3.21804e-05
0.00251351,3.23289e-05
0.0025193,3.24782e-05
0.00252511,3.26281e-05
0.00253093,3.27788e-05
0.00253677,3.29301e-05
0.00254262,3.30821e-05
0.00254848,3.32348e-05
0.00255436,3.33883e-05
0.00256025,3.35424e-05
0.00256615,3.36973e-05
0.00257207,3.38528e-05
0.002578,3.40091e-05
0.00258394,3.41661e-05
0.0025899,3.43239e-05
0.00259587,3.44823e-05
0.00260185,3.46415e-05
0.00260785,3.48014e-05
0.00261387,3.49621e-05
0.00261989,3.51235e-05
0.00262593,3.52857e-05
0.00263199,3.54486e-05
0.00263806,3.56122e-05
0.00264414,3.57766e-05
0.00265024,3.59418e-05
0.00265635,3.61077e-05
0.00266247,3.62744e-05
0.00266861,3.64419e-05
0.00267476,3.66101e-05
0.00268093,3.67791e-05
0.00268711,3.69489e-05
0.00269331,3.71195e-05
0.00269952,3.72909e-05
0.00270574,3.7463e-05
0.00271198,3.7636e-05
0.00271823,3.78098e-05
0.0027245,3.79843e-05
0.00273078,3.81597e-05
0.00273708,3.83358e-05
0.00274339,3.85128e-05
0.00274972,3.86906e-05
0.00275606,3.88692e-05
0.00276241,3.90487e-05
0.00276878,3.9229e-05
0.00277516,3.94101e-05
0.00278156,3.9592e-05
0.00278798,3.97748e-05
0.0027944,3.99584e-05
0.00280085,4.01429e-05
0.00280731,4.03282e-05
0.00281378,4.05144e-05
0.00282027,4.07014e-05
0.00282677,4.08893e-05
0.00283329,4.10781e-05
0.00283982,4.12677e-05
0.00284637,4.14583e-05
0.00285293,4.16497e-05
0.00285951,4.18419e-05
0.0028661,4.20351e-05
0.00287271,4.22292e-05
0.00287933,4.24241e-05
0.00288597,4.262e-05
0.00289263,4.28167e-05
0.0028993,4.30144e-05
0.00290598,4.3213e-05
0.00291268,4.34125e-05
0.0029194,4.36129e-05
0.00292613,4.38142e-05
0.00293287,4.40165e-05
0.00293964,4.42197e-05
0.00294641,4.44239e-05
0.00295321,4.4629e-05
0.00296002,4.4835e-05
0.00296684,4.5042e-05
0.00297368,4.52499e-05
0.00298054,4.54588e-05
0.00298741,4.56687e-05
0.0029943,4.58795e-05
0.0030012,4.60913e-05
0.00300812,4.63041e-05
0.00301506,4.65179e-05
0.00302201,4.67326e-05
0.00302898,4.69484e-05
0.00303596,4.71651e-05
0.00304296,4.73829e-05
0.00304998,4.76016e-05
0.00305701,4.78214e-05
0.00306406,4.80422e-05
0.00307112,4.82639e-05
0.00307821,4.84868e-05
0.0030853,4.87106e-05
0.00309242,4.89355e-05
0.00309955,4.91614e-05
0.00310669,4.93884e-05
0.00311386,4.96164e-05
0.00312104,4.98454e-05
0.00312823,5.00755e-05
0.00313545,5.03067e-05
0.00314267,5.0539e-05
0.00314992,5.07723e-05
0.00315718,5.10067e-05
0.00316446,5.12421e-05
0.00317176,5.14787e-05
0.00317907,5.17164e-05
0.0031864,5.19551e-05
0.00319375,5.2195e-05
0.00320111,5.24359e-05
0.00320849,5.2678e-05
0.00321589,5.29212e-05
0.00322331,5.31655e-05
0.00323074,5.3411e-05
0.00323819,5.36575e-05
0.00324565,5.39053e-05
0.00325314,5.41541e-05
0.00326064,5.44041e-05
0.00326816,5.46553e-05
0.00327569,5.49076e-05
0.00328324,5.51611e-05
0.00329081,5.54158e-05
0.0032984,5.56716e-05
0.00330601,5.59286e-05
0.00331363,5.61868e-05
0.00332127,5.64462e-05
0.00332893,5.67068e-05
0.0033366,5.69686e-05
0.0033443,5.72316e-05
0.00335201,5.74958e-05
0.00335974,5.77612e-05
0.00336748,5.80279e-05
0.00337525,5.82958e-05
0.00338303,5.85649e-05
0.00339083,5.88353e-05
0.00339865,5.91069e-05
0.00340648,5.93798e-05
0.00341434,5.96539e-05
0.00342221,5.99293e-05
0.0034301,6.02059e-05
0.00343801,6.04839e-05
0.00344594,6.07631e-05
0.00345388,6.10436e-05
0.00346185,6.13255e-05
0.00346983,6.16086e-05
0.00347783,6.1893e-05
0.00348585,6.21787e-05
0.00349389,6.24658e-05
0.00350194,6.27541e-05
0.00351002,6.30439e-05
0.00351811,6.33349e-05
0.00352622,6.36273e-05
0.00353435,6.3921e-05
0.0035425,6.42161e-05
0.00355067,6.45126e-05
0.00355885,6.48104e-05
0.00356706,6.51096e-05
0.00357528,6.54102e-05
0.00358353,6.57122e-05
0.00359179,6.60155e-05
0.00360007,6.63203e-05
0.00360837,6.66265e-05
0.00361669,6.69341e-05
0.00362503,6.72431e-05
0.00363339,6.75535e-05
0.00364177,6.78654e-05
0.00365016,6.81787e-05
0.00365858,6.84934e-05
0.00366702,6.88096e-05
0.00367547,6.91273e-05
0.00368395,6.94464e-05
0.00369244,6.9767e-05
0.00370095,7.00891e-05
0.00370949,7.04127e-05
0.00371804,7.07377e-05
0.00372661,7.10643e-05
0.00373521,7.13924e-05
0.00374382,7.1722e-05
0.00375245,7.20531e-05
0.0037611,7.23857e-05
0.00376977,7.27199e-05
0.00377847,7.30556e-05
0.00378718,7.33928e-05
0.00379591,7.37317e-05
0.00380466,7.40721e-05
0.00381343,7.4414e-05
0.00382223,7.47575e-05
0.00383104,7.51027e-05
0.00383987,7.54494e-05
0.00384873,7.57977e-05
0.0038576,7.61476e-05
0.0038665,7.64992e-05
0.00387541,7.68523e-05
0.00388435,7.72071e-05
0.0038933,7.75635e-05
0.00390228,7.79216e-05
0.00391128,7.82813e-05
0.00392029,7.86427e-05
0.00392933,7.90058e-05
0.00393839,7.93705e-05
0.00394747,7.97369e-05
0.00395658,8.0105e-05
0.0039657,8.04749e-05
0.00397484,8.08464e-05
0.00398401,8.12196e-05
0.00399319,8.15946e-05
0.0040024,8.19712e-05
0.00401163,8.23497e-05
0.00402088,8.27298e-05
0.00403015,8.31117e-05
0.00403944,8.34954e-05
0.00404875,8.38809e-05
0.00405809,8.42681e-05
0.00406745,8.46572e-05
0.00407682,8.5048e-05
0.00408622,8.54406e-05
0.00409565,8.5835e-05
0.00410509,8.62313e-05
0.00411455,8.66294e-05
0.00412404,8.70293e-05
0.00413355,8.74311e-05
0.00414308,8.78347e-05
0.00415263,8.82402e-05
0.00416221,8.86476e-05
0.00417181,8.90568e-05
0.00418142,8.94679e-05
0.00419107,8.9881e-05
0.00420073,9.02959e-05
0.00421041,9.07128e-05
0.00422012,9.11315e-05
0.00422985,9.15522e-05
0.00423961,9.19749e-05
0.00424938,9.23995e-05
0.00425918,9.28261e-05
0.004269,9.32546e-05
0.00427884,9.36851e-05
0.00428871,9.41176e-05
0.0042986,9.45521e-05
0.00430851,9.49886e-05
0.00431844,9.54271e-05
0.0043284,9.58676e-05
0.00433838,9.63102e-05
0.00434838,9.67548e-05
0.00435841,9.72015e-05
0.00436846,9.76502e-05
0.00437853,9.8101e-05
0.00438862,9.85539e-05
0.00439874,9.90089e-05
0.00440889,9.9466e-05
0.00441905,9.99251e-05
0.00442924,0.000100386
0.00443945,0.00010085
0.00444969,0.000101315
0.00445995,0.000101783
0.00447023,0.000102253
0.00448054,0.000102725
0.00449087,0.000103199
0.00450122,0.000103676
0.0045116,0.000104154
0.00452201,0.000104635
0.00453243,0.000105118
0.00454288,0.000105604
0.00455336,0.000106091
0.00456386,0.000106581
0.00457438,0.000107073
0.00458493,0.000107567
0.0045955,0.000108064
0.00460609,0.000108563
0.00461671,0.000109064
0.00462736,0.000109567
0.00463803,0.000110073
0.00464872,0.000110581
0.00465944,0.000111092
0.00467018,0.000111605
0.00468095,0.00011212
0.00469174,0.000112637
0.00470256,0.000113157
0.0047134,0.00011368
0.00472427,0.000114205
0.00473516,0.000114732
0.00474608,0.000115261
0.00475703,0.000115793
0.00476799,0.000116328
0.00477899,0.000116865
0.00479001,0.000117405
0.00480105,0.000117947
0.00481212,0.000118491
0.00482322,0.000119038
0.00483434,0.000119588
0.00484548,0.00012014
0.00485666,0.000120694
0.00486785,0.000121251
0.00487908,0.000121811
0.00489033,0.000122374
0.0049016,0.000122938
0.0049129,0.000123506
0.00492423,0.000124076
0.00493559,0.000124649
0.00494697,0.000125224
0.00495837,0.000125802
0.0049698,0.000126383
0.00498126,0.000126967
0.00499275,0.000127553
0.00500426,0.000128142
0.0050158,0.000128733
0.00502736,0.000129327
0.00503895,0.000129925
0.00505057,0.000130524
0.00506222,0.000131127
0.00507389,0.000131732
0.00508559,0.00013234
0.00509731,0.000132951
0.00510907,0.000133565
0.00512085,0.000134182
0.00513265,0.000134801
0.00514449,0.000135423
0.00515635,0.000136048
0.00516824,0.000136677
0.00518016,0.000137307
0.0051921,0.000137941
0.00520407,0.000138578
0.00521607,0.000139218
0.0052281,0.000139861
0.00524015,0.000140506
0.00525223,0.000141155
0.00526434,0.000141806
0.00527648,0.000142461
0.00528865,0.000143119
0.00530084,0.000143779
0.00531306,0.000144443
0.00532531,0.00014511
0.00533759,0.00014578
0.0053499,0.000146453
0.00536224,0.000147129
0.0053746,0.000147808
0.00538699,0.00014849
0.00539941,0.000149176
0.00541186,0.000149865
0.00542434,0.000150556
0.00543685,0.000151251
0.00544938,0.00015195
0.00546195,0.000152651
0.00547454,0.000153356
0.00548716,0.000154064
0.00549981,0.000154775
0.0055125,0.00015549
0.00552521,0.000156207
0.00553795,0.000156928
0.00555071,0.000157653
0.00556351,0.000158381
0.00557634,0.000159112
0.0055892,0.000159846
0.00560208,0.000160584
0.005615,0.000161326
0.00562795,0.00016207
0.00564092,0.000162818
0.00565393,0.00016357
0.00566697,0.000164325
0.00568003,0.000165084
0.00569313,0.000165846
0.00570626,0.000166611
0.00571941,0.000167381
0.0057326,0.000168153
0.00574582,0.000168929
0.00575907,0.000169709
0.00577234,0.000170493
0.00578565,0.00017128
0.00579899,0.00017207
0.00581236,0.000172865
0.00582577,0.000173663
0.0058392,0.000174464
0.00585266,0.00017527
0.00586616,0.000176079
0.00587968,0.000176892
0.00589324,0.000177708
0.00590683,0.000178529
0.00592045,0.000179353
0.0059341,0.000180181
0.00594778,0.000181013
0.00596149,0.000181848
0.00597524,0.000182688
0.00598902,0.000183531
0.00600282,0.000184378
0.00601667,0.000185229
0.00603054,0.000186084
0.00604444,0.000186943
0.00605838,0.000187806
0.00607235,0.000188673
0.00608635,0.000189544
0.00610038,0.000190419
0.00611445,0.000191298
0.00612855,0.000192181
0.00614268,0.000193069
0.00615684,0.00019396
0.00617104,0.000194855
0.00618526,0.000195755
0.00619953,0.000196658
0.00621382,0.000197566
0.00622815,0.000198478
0.00624251,0.000199394
0.0062569,0.000200315
0.00627133,0.00020124
0.00628579,0.000202169
0.00630028,0.000203102
0.00631481,0.000204039
0.00632937,0.000204981
0.00634396,0.000205928
0.00635859,0.000206878
0.00637325,0.000207833
0.00638794,0.000208793
0.00640267,0.000209756
0.00641743,0.000210725
0.00643223,0.000211697
0.00644706,0.000212675
0.00646193,0.000213656
0.00647683,0.000214643
0.00649176,0.000215634
0.00650673,0.000216629
0.00652173,0.000217629
0.00653677,0.000218634
0.00655184,0.000219643
0.00656695,0.000220657
0.00658209,0.000221675
0.00659726,0.000222699
0.00661248,0.000223727
0.00662772,0.00022476
0.006643,0.000225797
0.00665832,0.000226839
0.00667367,0.000227886
0.00668906,0.000228938
0.00670448,0.000229995
0.00671994,0.000231057
0.00673544,0.000232124
0.00675097,0.000233195
0.00676653,0.000234272
0.00678213,0.000235353
0.00679777,0.000236439
0.00681344,0.000237531
0.00682915,0.000238627
0.0068449,0.000239729
0.00686068,0.000240836
0.0068765,0.000241947
0.00689236,0.000243064
0.00690825,0.000244186
0.00692418,0.000245313
0.00694014,0.000246446
0.00695614,0.000247583
0.00697218,0.000248726
0.00698826,0.000249874
0.00700437,0.000251028
0.00702052,0.000252187
0.00703671,0.000253351
0.00705293,0.00025452
0.00706919,0.000255695
0.00708549,0.000256876
0.00710183,0.000258061
0.0071182,0.000259253
0.00713462,0.000260449
0.00715107,0.000261652
0.00716756,0.000262859
0.00718408,0.000264073
0.00720065,0.000265292
0.00721725,0.000266516
0.00723389,0.000267747
0.00725057,0.000268983
0.00726729,0.000270224
0.00728404,0.000271472
0.00730084,0.000272725
0.00731767,0.000273984
0.00733454,0.000275248
0.00735145,0.000276519
0.0073684,0.000277795
0.00738539,0.000279078
0.00740242,0.000280366
0.00741949,0.00028166
0.0074366,0.00028296
0.00745374,0.000284266
0.00747093,0.000285579
0.00748816,0.000286897
0.00750542,0.000288221
0.00752273,0.000289552
0.00754007,0.000290888
0.00755746,0.000292231
0.00757488,0.00029358
0.00759235,0.000294935
0.00760985,0.000296297
0.0076274,0.000297664
0.00764499,0.000299038
0.00766261,0.000300419
0.00768028,0.000301805
0.00769799,0.000303198
0.00771574,0.000304598
0.00773353,0.000306004
0.00775136,0.000307417
0.00776923,0.000308836
0.00778715,0.000310261
0.0078051,0.000311693
0.0078231,0.000313132
0.00784113,0.000314578
0.00785921,0.00031603
0.00787733,0.000317488
0.0078955,0.000318954
0.0079137,0.000320426
0.00793195,0.000321905
0.00795024,0.000323391
0.00796857,0.000324884
0.00798694,0.000326384
0.00800536,0.00032789
0.00802381,0.000329404
0.00804231,0.000330924
0.00806086,0.000332452
0.00807944,0.000333986
0.00809807,0.000335528
0.00811674,0.000337077
0.00813546,0.000338633
0.00815422,0.000340196
0.00817302,0.000341766
0.00819186,0.000343344
0.00821075,0.000344929
0.00822968,0.000346521
0.00824866,0.00034812
0.00826768,0.000349727
0.00828674,0.000351341
0.00830585,0.000352963
0.008325,0.000354592
0.00834419,0.000356229
0.00836343,0.000357874
0.00838271,0.000359525
0.00840204,0.000361185
0.00842142,0.000362852
0.00844083,0.000364527
0.00846029,0.00036621
0.0084798,0.0003679
0.00849935,0.000369598
0.00851895,0.000371304
0.00853859,0.000373018
0.00855828,0.00037474
0.00857801,0.00037647
0.00859779,0.000378207
0.00861761,0.000379953
0.00863748,0.000381707
0.0086574,0.000383469
0.00867736,0.000385239
0.00869737,0.000387017
0.00871742,0.000388803
0.00873752,0.000390598
0.00875767,0.000392401
0.00877786,0.000394212
0.0087981,0.000396032
0.00881839,0.00039786
0.00883872,0.000399696
0.0088591,0.000401541
0.00887952,0.000403395
0.0089,0.000405257
0.00892052,0.000407127
0.00894109,0.000409006
0.0089617,0.000410894
0.00898236,0.000412791
0.00900308,0.000414696
0.00902383,0.00041661
0.00904464,0.000418533
0.00906549,0.000420465
0.0090864,0.000422406
0.00910735,0.000424356
0.00912835,0.000426314
0.00914939,0.000428282
0.00917049,0.000430259
0.00919163,0.000432245
0.00921283,0.00043424
0.00923407,0.000436244
0.00925536,0.000438258
0.0092767,0.000440281
0.00929809,0.000442313
0.00931953,0.000444354
0.00934102,0.000446405
0.00936255,0.000448466
0.00938414,0.000450536
0.00940578,0.000452615
0.00942746,0.000454705
0.0094492,0.000456803
0.00947099,0.000458912
0.00949283,0.00046103
0.00951471,0.000463158
0.00953665,0.000465296
0.00955864,0.000467443
0.00958068,0.000469601
0.00960277,0.000471768
0.00962491,0.000473946
0.0096471,0.000476133
0.00966935,0.000478331
0.00969164,0.000480539
0.00971399,0.000482757
0.00973638,0.000484985
0.00975883,0.000487224
0.00978133,0.000489472
0.00980389,0.000491732
0.00982649,0.000494001
0.00984915,0.000496281
0.00987186,0.000498572
0.00989462,0.000500873
0.00991743,0.000503185
0.0099403,0.000505507
0.00996322,0.000507841
0.00998619,0.000510184
0.0100092,0.000512539
0.0100323,0.000514905
0.0100554,0.000517281
0.0100786,0.000519669
0.0101018,0.000522068
0.0101251,0.000524477
0.0101485,0.000526898
0.0101719,0.00052933
0.0101953,0.000531773
0.0102188,0.000534227
0.0102424,0.000536693
0.010266,0.00053917
0.0102897,0.000541659
0.0103134,0.000544159
0.0103372,0.00054667
0.010361,0.000549193
0.0103849,0.000551728
0.0104089,0.000554274
0.0104329,0.000556833
0.0104569,0.000559403
0.010481,0.000561985
0.0105052,0.000564578
0.0105294,0.000567184
0.0105537,0.000569802
0.010578,0.000572432
0.0106024,0.000575074
0.0106269,0.000577728
0.0106514,0.000580394
0.0106759,0.000583073
0.0107005,0.000585764
0.0107252,0.000588468
0.0107499,0.000591184
0.0107747,0.000593912
0.0107996,0.000596653
0.0108245,0.000599407
0.0108494,0.000602174
0.0108744,0.000604953
0.0108995,0.000607745
0.0109247,0.00061055
0.0109498,0.000613368
0.0109751,0.000616198
0.0110004,0.000619042
0.0110258,0.000621899
0.0110512,0.00062477
0.0110767,0.000627653
0.0111022,0.00063055
0.0111278,0.00063346
0.0111535,0.000636384
0.0111792,0.000639321
0.0112049,0.000642271
0.0112308,0.000645236
0.0112567,0.000648213
0.0112826,0.000651205
0.0113086,0.000654211
0.0113347,0.00065723
0.0113609,0.000660263
0.0113871,0.00066331
0.0114133,0.000666372
0.0114396,0.000669447
0.011466,0.000672537
0.0114924,0.000675641
0.0115189,0.000678759
0.0115455,0.000681891
0.0115721,0.000685038
0.0115988,0.0006882
0.0116255,0.000691376
0.0116523,0.000694567
0.0116792,0.000697772
0.0117061,0.000700993
0.0117331,0.000704228
0.0117602,0.000707478
0.0117873,0.000710743
0.0118145,0.000714023
0.0118417,0.000717318
0.011869,0.000720629
0.0118964,0.000723954
0.0119238,0.000727295
0.0119513,0.000730652
0.0119789,0.000734024
0.0120065,0.000737411
0.0120342,0.000740815
0.0120619,0.000744233
0.0120897,0.000747668
0.0121176,0.000751119
0.0121455,0.000754585
0.0121735,0.000758067
0.0122016,0.000761566
0.0122297,0.00076508
0.0122579,0.000768611
0.0122862,0.000772158
0.0123145,0.000775722
0.0123429,0.000779302
0.0123714,0.000782898
0.0123999,0.000786511
0.0124285,0.000790141
0.0124572,0.000793787
0.0124859,0.00079745
0.0125147,0.00080113
0.0125435,0.000804827
0.0125724,0.000808542
0.0126014,0.000812273
0.0126305,0.000816021
0.0126596,0.000819787
0.0126888,0.00082357
0.0127181,0.000827371
0.0127474,0.000831189
0.0127768,0.000835025
0.0128062,0.000838878
0.0128358,0.00084275
0.0128654,0.000846639
0.012895,0.000850546
0.0129248,0.000854471
0.0129546,0.000858414
0.0129844,0.000862375
0.0130144,0.000866355
0.0130444,0.000870353
0.0130744,0.000874369
0.0131046,0.000878404
0.0131348,0.000882458
0.0131651,0.00088653
0.0131954,0.000890621
0.0132259,0.000894731
0.0132564,0.00089886
0.0132869,0.000903008
0.0133176,0.000907175
0.0133483,0.000911361
0.0133791,0.000915567
0.0134099,0.000919792
0.0134408,0.000924036
0.0134718,0.0009283
0.0135029,0.000932584
0.013534,0.000936887
0.0135652,0.00094121
0.0135965,0.000945554
0.0136278,0.000949917
0.0136593,0.0009543
0.0136908,0.000958704
0.0137223,0.000963128
0.013754,0.000967572
0.0137857,0.000972037
0.0138175,0.000976523
0.0138493,0.000981029
0.0138812,0.000985556
0.0139133,0.000990103
0.0139453,0.000994672
0.0139775,0.000999262
0.0140097,0.00100387
0.014042,0.00100851
0.0140744,0.00101316
0.0141068,0.00101783
0.0141394,0.00102253
0.014172,0.00102725
0.0142046,0.00103199
0.0142374,0.00103675
0.0142702,0.00104153
0.0143031,0.00104634
0.0143361,0.00105117
0.0143692,0.00105602
0.0144023,0.00106089
0.0144355,0.00106579
0.0144688,0.0010707
0.0145021,0.00107565
0.0145356,0.00108061
0.0145691,0.00108559
0.0146027,0.0010906
0.0146364,0.00109564
0.0146701,0.00110069
0.0147039,0.00110577
0.0147378,0.00111087
0.0147718,0.001116
0.0148059,0.00112115
0.01484,0.00112632
0.0148742,0.00113152
0.0149085,0.00113674
0.0149429,0.00114198
0.0149774,0.00114725
0.0150119,0.00115255
0.0150465,0.00115786
0.0150812,0.00116321
0.015116,0.00116857
0.0151508,0.00117397
0.0151858,0.00117938
0.0152208,0.00118482
0.0152559,0.00119029
0.015291,0.00119578
0.0153263,0.0012013
0.0153616,0.00120684
0.015397,0.00121241
0.0154325,0.001218
0.0154681,0.00122362
0.0155038,0.00122927
0.0155395,0.00123494
0.0155754,0.00124064
0.0156113,0.00124636
0.0156473,0.00125211
0.0156834,0.00125789
0.0157195,0.00126369
0.0157558,0.00126953
0.0157921,0.00127538
0.0158285,0.00128127
0.015865,0.00128718
0.0159016,0.00129312
0.0159382,0.00129908
0.015975,0.00130508
0.0160118,0.0013111
0.0160487,0.00131715
0.0160857,0.00132322
0.0161228,0.00132933
0.01616,0.00133546
0.0161973,0.00134162
0.0162346,0.00134781
0.0162721,0.00135403
0.0163096,0.00136028
0.0163472,0.00136655
0.0163849,0.00137286
0.0164226,0.00137919
0.0164605,0.00138555
0.0164985,0.00139195
0.0165365,0.00139837
0.0165746,0.00140482
0.0166128,0.0014113
0.0166512,0.00141781
0.0166895,0.00142435
0.016728,0.00143092
0.0167666,0.00143753
0.0168053,0.00144416
0.016844,0.00145082
0.0168828,0.00145751
0.0169218,0.00146424
0.0169608,0.00147099
0.0169999,0.00147778
0.0170391,0.0014846
0.0170784,0.00149144
0.0171178,0.00149832
0.0171572,0.00150524
0.0171968,0.00151218
0.0172364,0.00151916
0.0172762,0.00152617
0.017316,0.00153321
0.0173559,0.00154028
0.0173959,0.00154738
0.0174361,0.00155452
0.0174763,0.00156169
0.0175166,0.0015689
0.0175569,0.00157614
0.0175974,0.00158341
0.017638,0.00159071
0.0176787,0.00159805
0.0177194,0.00160542
0.0177603,0.00161283
0.0178012,0.00162027
0.0178423,0.00162774
0.0178834,0.00163525
0.0179247,0.00164279
0.017966,0.00165037
0.0180074,0.00165798
0.0180489,0.00166563
0.0180905,0.00167331
0.0181322,0.00168103
0.0181741,0.00168879
0.018216,0.00169658
0.018258,0.0017044
0.0183001,0.00171227
0.0183423,0.00172016
0.0183845,0.0017281
0.0184269,0.00173607
0.0184694,0.00174408
0.018512,0.00175212
0.0185547,0.0017602
0.0185975,0.00176832
0.0186404,0.00177648
0.0186833,0.00178467
0.0187264,0.00179291
0.0187696,0.00180118
0.0188129,0.00180948
0.0188562,0.00181783
0.0188997,0.00182621
0.0189433,0.00183464
0.018987,0.0018431
0.0190307,0.0018516
0.0190746,0.00186014
0.0191186,0.00186872
0.0191627,0.00187734
0.0192069,0.001886
0.0192512,0.0018947
0.0192955,0.00190344
0.01934,0.00191222
0.0193846,0.00192104
0.0194293,0.0019299
0.0194741,0.0019388
0.019519,0.00194774
0.019564,0.00195672
0.0196091,0.00196575
0.0196544,0.00197481
0.0196997,0.00198392
0.0197451,0.00199307
0.0197906,0.00200227
0.0198362,0.0020115
0.019882,0.00202078
0.0199278,0.0020301
0.0199738,0.00203946
0.0200198,0.00204887
0.020066,0.00205831
0.0201123,0.00206781
0.0201586,0.00207734
0.0202051,0.00208692
0.0202517,0.00209655
0.0202984,0.00210622
0.0203452,0.00211593
0.0203921,0.00212569
0.0204391,0.00213549
0.0204862,0.00214534
0.0205335,0.00215524
0.0205808,0.00216517
0.0206283,0.00217516
0.0206758,0.00218519
0.0207235,0.00219527
0.0207713,0.00220539
0.0208192,0.00221556
0.0208672,0.00222578
0.0209153,0.00223604
0.0209635,0.00224636
0.0210119,0.00225671
0.0210603,0.00226712
0.0211089,0.00227758
0.0211575,0.00228808
0.0212063,0.00229863
0.0212552,0.00230923
0.0213042,0.00231988
0.0213533,0.00233058
0.0214026,0.00234132
0.0214519,0.00235212
0.0215014,0.00236297
0.021551,0.00237386
0.0216007,0.00238481
0.0216505,0.00239581
0.0217004,0.00240685
0.0217504,0.00241795
0.0218006,0.0024291
0.0218508,0.0024403
0.0219012,0.00245155
0.0219517,0.00246286
0.0220023,0.00247421
0.0220531,0.00248562
0.0221039,0.00249708
0.0221549,0.0025086
0.0222059,0.00252016
0.0222571,0.00253178
0.0223085,0.00254346
0.0223599,0.00255519
0.0224115,0.00256697
0.0224631,0.0025788
0.0225149,0.00259069
0.0225668,0.00260264
0.0226189,0.00261464
0.022671,0.00262669
0.0227233,0.0026388
0.0227757,0.00265097
0.0228282,0.00266319
0.0228808,0.00267547
0.0229336,0.00268781
0.0229865,0.0027002
0.0230395,0.00271265
0.0230926,0.00272515
0.0231458,0.00273772
0.0231992,0.00275034
0.0232527,0.00276302
0.0233063,0.00277576
0.02336,0.00278855
0.0234139,0.00280141
0.0234679,0.00281433
0.023522,0.0028273
0.0235762,0.00284033
0.0236306,0.00285343
0.0236851,0.00286658
0.0237397,0.0028798
0.0237944,0.00289307
0.0238493,0.00290641
0.0239043,0.00291981
0.0239594,0.00293327
0.0240146,0.00294679
0.02407,0.00296038
0.0241255,0.00297402
0.0241811,0.00298773
0.0242369,0.00300151
0.0242928,0.00301534
0.0243488,0.00302924
0.0244049,0.00304321
0.0244612,0.00305723
0.0245176,0.00307133
0.0245741,0.00308548
0.0246308,0.00309971
0.0246876,0.003114
0.0247445,0.00312835
0.0248016,0.00314277
0.0248587,0.00315726
0.0249161,0.00317181
0.0249735,0.00318643
0.0250311,0.00320112
0.0250888,0.00321587
0.0251466,0.00323069
0.0252046,0.00324558
0.0252627,0.00326054
0.025321,0.00327557
0.0253794,0.00329067
0.0254379,0.00330584
0.0254965,0.00332107
0.0255553,0.00333638
0.0256143,0.00335176
0.0256733,0.0033672
0.0257325,0.00338272
0.0257918,0.00339831
0.0258513,0.00341398
0.0259109,0.00342971
0.0259707,0.00344552
0.0260305,0.0034614
0.0260906,0.00347735
0.0261507,0.00349338
0.026211,0.00350948
0.0262714,0.00352565
0.026332,0.0035419
0.0263927,0.00355822
0.0264536,0.00357462
0.0265146,0.00359109
0.0265757,0.00360764
0.026637,0.00362426
0.0266984,0.00364097
0.02676,0.00365775
0.0268217,0.0036746
0.0268835,0.00369153
0.0269455,0.00370855
0.0270076,0.00372563
0.0270699,0.0037428
0.0271323,0.00376005
0.0271949,0.00377738
0.0272576,0.00379478
0.0273204,0.00381227
0.0273834,0.00382983
0.0274465,0.00384748
0.0275098,0.00386521
0.0275733,0.00388302
0.0276368,0.00390091
0.0277006,0.00391889
0.0277644,0.00393694
0.0278284,0.00395508
0.0278926,0.0039733
0.0279569,0.00399161
0.0280214,0.00401
0.028086,0.00402848
0.0281507,0.00404704
0.0282157,0.00406569
0.0282807,0.00408442
0.0283459,0.00410323
0.0284113,0.00412214
0.0284768,0.00414113
0.0285424,0.00416021
0.0286083,0.00417938
0.0286742,0.00419863
0.0287403,0.00421797
0.0288066,0.0042374
0.028873,0.00425693
0.0289396,0.00427654
0.0290063,0.00429624
0.0290732,0.00431603
0.0291402,0.00433591
0.0292074,0.00435589
0.0292748,0.00437595
0.0293423,0.00439611
0.0294099,0.00441636
0.0294777,0.0044367
0.0295457,0.00445714
0.0296138,0.00447767
0.0296821,0.0044983
0.0297505,0.00451902
0.0298191,0.00453983
0.0298879,0.00456074
0.0299568,0.00458175
0.0300259,0.00460286
0.0300951,0.00462406
0.0301645,0.00464536
0.030234,0.00466675
0.0303037,0.00468825
0.0303736,0.00470984
0.0304436,0.00473153
0.0305138,0.00475332
0.0305842,0.00477522
0.0306547,0.00479721
0.0307254,0.0048193
0.0307962,0.0048415
0.0308672,0.0048638
0.0309384,0.0048862
0.0310098,0.0049087
0.0310813,0.0049313
0.0311529,0.00495401
0.0312247,0.00497683
0.0312967,0.00499975
0.0313689,0.00502277
0.0314412,0.0050459
0.0315137,0.00506914
0.0315864,0.00509248
0.0316592,0.00511593
0.0317322,0.00513949
0.0318054,0.00516316
0.0318787,0.00518693
0.0319522,0.00521081
0.0320259,0.00523481
0.0320997,0.00525891
0.0321737,0.00528313
0.0322479,0.00530745
0.0323223,0.00533189
0.0323968,0.00535644
0.0324715,0.0053811
0.0325464,0.00540588
0.0326214,0.00543077
0.0326966,0.00545577
0.032772,0.00548089
0.0328476,0.00550612
0.0329233,0.00553147
0.0329992,0.00555694
0.0330753,0.00558252
0.0331516,0.00560822
0.033228,0.00563404
0.0333046,0.00565998
0.0333814,0.00568603
0.0334584,0.00571221
0.0335355,0.00573851
0.0336128,0.00576492
0.0336903,0.00579146
0.033768,0.00581812
0.0338459,0.0058449
0.0339239,0.00587181
0.0340021,0.00589883
0.0340805,0.00592599
0.0341591,0.00595326
0.0342379,0.00598067
0.0343168,0.00600819
0.0343959,0.00603585
0.0344753,0.00606363
0.0345547,0.00609154
0.0346344,0.00611957
0.0347143,0.00614774
0.0347943,0.00617603
0.0348745,0.00620446
0.034955,0.00623301
0.0350355,0.0062617
0.0351163,0.00629052
0.0351973,0.00631947
0.0352785,0.00634855
0.0353598,0.00637776
0.0354413,0.00640711
0.035523,0.0064366
0.0356049,0.00646622
0.035687,0.00649597
0.0357693,0.00652586
0.0358518,0.00655589
0.0359345,0.00658606
0.0360173,0.00661637
0.0361004,0.00664681
0.0361836,0.00667739
0.036267,0.00670812
0.0363506,0.00673898
0.0364345,0.00676999
0.0365185,0.00680114
0.0366027,0.00683243
0.0366871,0.00686386
0.0367716,0.00689544
0.0368564,0.00692717
0.0369414,0.00695904
0.0370266,0.00699105
0.037112,0.00702321
0.0371975,0.00705552
0.0372833,0.00708798
0.0373693,0.00712059
0.0374554,0.00715334
0.0375418,0.00718625
0.0376283,0.0072193
0.0377151,0.00725251
0.0378021,0.00728587
0.0378892,0.00731939
0.0379766,0.00735305
0.0380641,0.00738687
0.0381519,0.00742085
0.0382399,0.00745498
0.038328,0.00748927
0.0384164,0.00752372
0.038505,0.00755832
0.0385938,0.00759308
0.0386828,0.007628
0.038772,0.00766308
0.0388614,0.00769832
0.038951,0.00773373
0.0390408,0.00776929
0.0391308,0.00780502
0.039221,0.00784091
0.0393114,0.00787697
0.0394021,0.00791319
0.0394929,0.00794958
0.039584,0.00798613
0.0396753,0.00802285
0.0397667,0.00805974
0.0398584,0.0080968
0.0399503,0.00813403
0.0400424,0.00817143
0.0401348,0.008209
0.0402273,0.00824674
0.0403201,0.00828465
0.040413,0.00832274
0.0405062,0.008361
0.0405996,0.00839944
0.0406932,0.00843806
0.040787,0.00847685
0.0408811,0.00851581
0.0409753,0.00855496
0.0410698,0.00859429
0.0411645,0.00863379
0.0412594,0.00867348
0.0413546,0.00871335
0.0414499,0.0087534
0.0415455,0.00879363
0.0416413,0.00883405
0.0417373,0.00887465
0.0418335,0.00891544
0.04193,0.00895641
0.0420266,0.00899758
0.0421235,0.00903893
0.0422207,0.00908047
0.042318,0.0091222
0.0424156,0.00916412
0.0425134,0.00920623
0.0426114,0.00924854
0.0427097,0.00929104
0.0428081,0.00933373
0.0429068,0.00937662
0.0430058,0.0094197
0.0431049,0.00946298
0.0432043,0.00950646
0.0433039,0.00955014
0.0434038,0.00959402
0.0435039,0.0096381
0.0436042,0.00968238
0.0437047,0.00972686
0.0438055,0.00977155
0.0439065,0.00981644
0.0440077,0.00986153
0.0441092,0.00990683
0.0442109,0.00995234
0.0443128,0.00999806
0.044415,0.010044
0.0445174,0.0100901
0.04462,0.0101365
0.0447229,0.010183
0.044826,0.0102298
0.0449294,0.0102768
0.045033,0.010324
0.0451368,0.0103714
0.0452409,0.010419
0.0453452,0.0104669
0.0454498,0.0105149
0.0455545,0.0105632
0.0456596,0.0106117
0.0457649,0.0106605
0.0458704,0.0107094
0.0459761,0.0107586
0.0460821,0.010808
0.0461884,0.0108576
0.0462949,0.0109075
0.0464016,0.0109575
0.0465086,0.0110079
0.0466159,0.0110584
0.0467233,0.0111092
0.0468311,0.0111602
0.0469391,0.0112114
0.0470473,0.0112629
0.0471558,0.0113146
0.0472645,0.0113665
0.0473735,0.0114187
0.0474827,0.0114711
0.0475922,0.0115237
0.0477019,0.0115766
0.0478119,0.0116298
0.0479221,0.0116831
0.0480326,0.0117368
0.0481434,0.0117906
0.0482544,0.0118447
0.0483656,0.0118991
0.0484772,0.0119537
0.0485889,0.0120086
0.048701,0.0120637
0.0488132,0.012119
0.0489258,0.0121746
0.0490386,0.0122305
0.0491517,0.0122866
0.049265,0.012343
0.0493786,0.0123996
0.0494924,0.0124565
0.0496066,0.0125136
0.0497209,0.012571
0.0498356,0.0126287
0.0499505,0.0126866
0.0500657,0.0127448
0.0501811,0.0128033
0.0502968,0.012862
0.0504128,0.012921
0.050529,0.0129803
0.0506455,0.0130398
0.0507623,0.0130996
0.0508793,0.0131597
0.0509966,0.0132201
0.0511142,0.0132807
0.0512321,0.0133416
0.0513502,0.0134028
0.0514686,0.0134642
0.0515873,0.013526
0.0517062,0.013588
0.0518254,0.0136503
0.0519449,0.0137129
0.0520647,0.0137757
0.0521847,0.0138389
0.0523051,0.0139023
0.0524257,0.0139661
0.0525465,0.0140301
0.0526677,0.0140944
0.0527891,0.014159
0.0529108,0.0142239
0.0530328,0.0142891
0.0531551,0.0143546
0.0532777,0.0144204
0.0534005,0.0144865
0.0535236,0.0145529
0.0536471,0.0146196
0.0537708,0.0146866
0.0538947,0.0147539
0.054019,0.0148215
0.0541435,0.0148894
0.0542684,0.0149576
0.0543935,0.0150261
0.0545189,0.015095
0.0546446,0.0151641
0.0547706,0.0152336
0.0548969,0.0153034
0.0550235,0.0153735
0.0551504,0.0154439
0.0552775,0.0155147
0.055405,0.0155857
0.0555327,0.0156571
0.0556608,0.0157288
0.0557891,0.0158009
0.0559177,0.0158732
0.0560467,0.0159459
0.0561759,0.016019
0.0563054,0.0160923
0.0564352,0.016166
0.0565654,0.01624
0.0566958,0.0163144
0.0568265,0.0163891
0.0569575,0.0164641
0.0570889,0.0165395
0.0572205,0.0166152
0.0573524,0.0166913
0.0574847,0.0167677
0.0576172,0.0168445
0.05775,0.0169216
0.0578832,0.016999
0.0580167,0.0170768
0.0581504,0.017155
0.0582845,0.0172335
0.0584189,0.0173124
0.0585536,0.0173916
0.0586886,0.0174712
0.0588239,0.0175511
0.0589595,0.0176314
0.0590955,0.0177121
0.0592317,0.0177931
0.0593683,0.0178745
0.0595052,0.0179563
0.0596424,0.0180385
0.0597799,0.018121
0.0599178,0.0182039
0.0600559,0.0182872
0.0601944,0.0183708
0.0603332,0.0184548
0.0604723,0.0185392
0.0606117,0.018624
0.0607515,0.0187092
0.0608915,0.0187947
0.0610319,0.0188807
0.0611727,0.018967
0.0613137,0.0190538
0.0614551,0.0191409
0.0615968,0.0192284
0.0617388,0.0193163
0.0618811,0.0194046
0.0620238,0.0194933
0.0621668,0.0195824
0.0623102,0.0196719
0.0624538,0.0197618
0.0625978,0.0198522
0.0627422,0.0199429
0.0628868,0.020034
0.0630318,0.0201256
0.0631772,0.0202176
0.0633228,0.0203099
0.0634688,0.0204027
0.0636152,0.020496
0.0637619,0.0205896
0.0639089,0.0206837
0.0640562,0.0207782
0.0642039,0.0208731
0.064352,0.0209684
0.0645003,0.0210642
0.064649,0.0211604
0.0647981,0.0212571
0.0649475,0.0213541
0.0650973,0.0214517
0.0652474,0.0215496
0.0653978,0.021648
0.0655486,0.0217469
0.0656997,0.0218462
0.0658512,0.0219459
0.066003,0.0220461
0.0661552,0.0221467
0.0663078,0.0222478
0.0664606,0.0223494
0.0666139,0.0224514
0.0667675,0.0225539
0.0669214,0.0226568
0.0670757,0.0227602
0.0672304,0.0228641
0.0673854,0.0229684
0.0675408,0.0230732
0.0676965,0.0231785
0.0678526,0.0232843
0.068009,0.0233905
0.0681658,0.0234972
0.068323,0.0236044
0.0684805,0.0237121
0.0686384,0.0238202
0.0687967,0.0239289
0.0689553,0.024038
0.0691143,0.0241476
0.0692737,0.0242577
0.0694334,0.0243683
0.0695935,0.0244795
0.0697539,0.0245911
0.0699148,0.0247032
0.070076,0.0248158
0.0702375,0.0249289
0.0703995,0.0250426
0.0705618,0.0251567
0.0707245,0.0252714
0.0708876,0.0253866
0.071051,0.0255023
0.0712148,0.0256185
0.071379,0.0257352
0.0715436,0.0258525
0.0717086,0.0259703
0.0718739,0.0260886
0.0720396,0.0262074
0.0722057,0.0263268
0.0723722,0.0264467
0.0725391,0.0265672
0.0727063,0.0266882
0.072874,0.0268097
0.073042,0.0269318
0.0732104,0.0270545
0.0733792,0.0271777
0.0735484,0.0273014
0.073718,0.0274257
0.073888,0.0275505
0.0740583,0.027676
0.0742291,0.0278019
0.0744002,0.0279285
0.0745718,0.0280556
0.0747437,0.0281833
0.0749161,0.0283115
0.0750888,0.0284404
0.0752619,0.0285698
0.0754355,0.0286998
0.0756094,0.0288303
0.0757837,0.0289615
0.0759585,0.0290932
0.0761336,0.0292255
0.0763091,0.0293585
0.0764851,0.029492
0.0766614,0.0296261
0.0768382,0.0297608
0.0770154,0.0298962
0.0771929,0.0300321
0.0773709,0.0301686
0.0775493,0.0303058
0.0777281,0.0304435
0.0779073,0.0305819
0.078087,0.0307209
0.078267,0.0308605
0.0784475,0.0310008
0.0786283,0.0311416
0.0788096,0.0312831
0.0789913,0.0314252
0.0791735,0.031568
0.079356,0.0317114
0.079539,0.0318555
0.0797224,0.0320002
0.0799062,0.0321455
0.0800904,0.0322915
0.0802751,0.0324381
0.0804602,0.0325854
0.0806457,0.0327333
0.0808317,0.0328819
0.081018,0.0330312
0.0812048,0.0331812
0.0813921,0.0333318
0.0815797,0.033483
0.0817678,0.033635
0.0819564,0.0337876
0.0821453,0.0339409
0.0823347,0.0340949
0.0825246,0.0342496
0.0827149,0.034405
0.0829056,0.034561
0.0830967,0.0347178
0.0832883,0.0348752
0.0834804,0.0350334
0.0836728,0.0351922
0.0838658,0.0353518
0.0840591,0.0355121
0.084253,0.0356731
0.0844472,0.0358348
0.0846419,0.0359972
0.0848371,0.0361603
0.0850327,0.0363242
0.0852287,0.0364888
0.0854253,0.0366541
0.0856222,0.0368202
0.0858196,0.036987
0.0860175,0.0371546
0.0862159,0.0373228
0.0864146,0.0374919
0.0866139,0.0376617
0.0868136,0.0378322
0.0870138,0.0380035
0.0872144,0.0381756
0.0874155,0.0383484
0.087617,0.038522
0.087819,0.0386963
0.0880215,0.0388715
0.0882245,0.0390474
0.0884279,0.039224
0.0886318,0.0394015
0.0888361,0.0395798
0.089041,0.0397588
0.0892463,0.0399387
0.0894521,0.0401193
0.0896583,0.0403007
0.089865,0.040483
0.0900722,0.040666
0.0902799,0.0408499
0.0904881,0.0410345
0.0906967,0.04122
0.0909058,0.0414063
0.0911154,0.0415934
0.0913255,0.0417814
0.0915361,0.0419702
0.0917471,0.0421598
0.0919587,0.0423503
0.0921707,0.0425416
0.0923832,0.0427337
0.0925962,0.0429267
0.0928097,0.0431205
0.0930237,0.0433152
0.0932382,0.0435108
0.0934532,0.0437072
0.0936687,0.0439045
0.0938846,0.0441026
0.0941011,0.0443017
0.0943181,0.0445016
0.0945355,0.0447024
0.0947535,0.044904
0.094972,0.0451066
0.095191,0.04531
0.0954104,0.0455144
0.0956304,0.0457196
0.0958509,0.0459258
0.0960719,0.0461328
0.0962934,0.0463408
0.0965155,0.0465497
0.096738,0.0467595
0.0969611,0.0469702
0.0971846,0.0471819
0.0974087,0.0473944
0.0976333,0.0476079
0.0978584,0.0478224
0.098084,0.0480378
0.0983102,0.0482541
0.0985369,0.0484714
0.0987641,0.0486896
0.0989918,0.0489088
0.09922,0.049129
0.0994488,0.0493501
0.0996781,0.0495722
0.0999079,0.0497953
0.100138,0.0500193
0.100369,0.0502443
0.100601,0.0504703
0.100833,0.0506973
0.101065,0.0509253
0.101298,0.0511543
0.101532,0.0513843
0.101766,0.0516153
0.102,0.0518473
0.102236,0.0520803
0.102471,0.0523143
0.102708,0.0525494
0.102944,0.0527855
0.103182,0.0530226
0.10342,0.0532607
0.103658,0.0534999
0.103897,0.0537402
0.104137,0.0539814
0.104377,0.0542238
0.104617,0.0544672
0.104859,0.0547116
0.1051,0.0549571
0.105343,0.0552037
0.105586,0.0554514
0.105829,0.0557001
0.106073,0.0559499
0.106318,0.0562008
0.106563,0.0564528
0.106808,0.0567059
0.107055,0.0569601
0.107302,0.0572154
0.107549,0.0574718
0.107797,0.0577293
0.108046,0.0579879
0.108295,0.0582477
0.108544,0.0585086
0.108795,0.0587706
0.109045,0.0590337
0.109297,0.059298
0.109549,0.0595635
0.109801,0.0598301
0.110055,0.0600978
0.110308,0.0603667
0.110563,0.0606368
0.110818,0.060908
0.111073,0.0611804
0.111329,0.061454
0.111586,0.0617288
0.111843,0.0620047
0.112101,0.0622819
0.11236,0.0625602
0.112619,0.0628398
0.112878,0.0631205
0.113139,0.0634025
0.113399,0.0636857
0.113661,0.0639701
0.113923,0.0642557
0.114186,0.0645426
0.114449,0.0648307
0.114713,0.06512
0.114977,0.0654106
0.115242,0.0657024
0.115508,0.0659955
0.115774,0.0662898
0.116041,0.0665855
0.116309,0.0668823
0.116577,0.0671805
0.116846,0.0674799
0.117115,0.0677807
0.117385,0.0680827
0.117656,0.068386
0.117927,0.0686906
0.118199,0.0689965
0.118472,0.0693037
0.118745,0.0696123
0.119019,0.0699222
0.119293,0.0702334
0.119568,0.0705459
0.119844,0.0708597
0.12012,0.0711749
0.120397,0.0714915
0.120675,0.0718094
0.120953,0.0721287
0.121232,0.0724493
0.121511,0.0727713
0.121792,0.0730947
0.122072,0.0734194
0.122354,0.0737455
0.122636,0.0740731
0.122919,0.074402
0.123202,0.0747323
0.123486,0.075064
0.123771,0.0753972
0.124056,0.0757317
0.124342,0.0760677
0.124629,0.0764051
0.124916,0.0767439
0.125204,0.0770842
0.125493,0.0774259
0.125782,0.0777691
0.126072,0.0781137
0.126363,0.0784598
0.126654,0.0788074
0.126946,0.0791564
0.127239,0.0795069
0.127533,0.0798589
0.127827,0.0802124
0.128121,0.0805674
0.128417,0.0809238
0.128713,0.0812818
0.12901,0.0816413
0.129307,0.0820023
0.129605,0.0823649
0.129904,0.0827289
0.130204,0.0830945
0.130504,0.0834617
0.130805,0.0838304
0.131106,0.0842006
0.131409,0.0845724
0.131712,0.0849458
0.132015,0.0853207
0.13232,0.0856972
0.132625,0.0860753
0.132931,0.086455
0.133237,0.0868363
0.133544,0.0872191
0.133852,0.0876036
0.134161,0.0879897
0.13447,0.0883774
0.13478,0.0887668
0.135091,0.0891577
0.135402,0.0895503
0.135715,0.0899446
0.136028,0.0903405
0.136341,0.090738
0.136656,0.0911372
0.136971,0.0915381
0.137286,0.0919406
0.137603,0.0923448
0.13792,0.0927508
0.138238,0.0931584
0.138557,0.0935677
0.138876,0.0939787
0.139197,0.0943914
0.139518,0.0948058
0.139839,0.0952219
0.140162,0.0956398
0.140485,0.0960594
0.140809,0.0964808
0.141133,0.0969039
0.141459,0.0973287
0.141785,0.0977553
0.142112,0.0981837
0.14244,0.0986139
0.142768,0.0990458
0.143097,0.0994795
0.143427,0.099915
0.143758,0.100352
0.144089,0.100791
0.144422,0.101232
0.144755,0.101675
0.145088,0.10212
0.145423,0.102566
0.145758,0.103014
0.146094,0.103464
0.146431,0.103916
0.146769,0.10437
0.147107,0.104826
0.147446,0.105283
0.147786,0.105743
0.148127,0.106204
0.148469,0.106667
0.148811,0.107132
0.149154,0.107599
0.149498,0.108068
0.149843,0.108539
0.150188,0.109012
0.150534,0.109486
0.150881,0.109963
0.151229,0.110441
0.151578,0.110922
0.151927,0.111404
0.152278,0.111889
0.152629,0.112375
0.152981,0.112863
0.153334,0.113354
0.153687,0.113846
0.154041,0.11434
0.154397,0.114837
0.154753,0.115335
0.155109,0.115835
0.155467,0.116338
0.155825,0.116842
0.156185,0.117348
0.156545,0.117857
0.156906,0.118368
0.157268,0.11888
0.15763,0.119395
0.157994,0.119912
0.158358,0.12043
0.158723,0.120951
0.159089,0.121474
0.159456,0.121999
0.159824,0.122527
0.160192,0.123056
0.160561,0.123587
0.160932,0.124121
0.161303,0.124657
0.161675,0.125195
0.162047,0.125735
0.162421,0.126277
0.162795,0.126821
0.163171,0.127368
0.163547,0.127916
0.163924,0.128467
0.164302,0.12902
0.164681,0.129575
0.165061,0.130133
0.165441,0.130692
0.165823,0.131254
0.166205,0.131819
0.166588,0.132385
0.166972,0.132953
0.167357,0.133524
0.167743,0.134097
0.16813,0.134673
0.168518,0.13525
0.168906,0.13583
0.169296,0.136413
0.169686,0.136997
0.170077,0.137584
0.170469,0.138173
0.170862,0.138764
0.171256,0.139358
0.171651,0.139954
0.172047,0.140553
0.172444,0.141153
0.172841,0.141757
0.17324,0.142362
0.173639,0.14297
0.17404,0.14358
0.174441,0.144193
0.174843,0.144808
0.175246,0.145425
0.17565,0.146045
0.176055,0.146667
0.176461,0.147291
0.176868,0.147918
0.177276,0.148548
0.177685,0.14918
0.178094,0.149814
0.178505,0.150451
0.178917,0.15109
0.179329,0.151732
0.179743,0.152376
0.180157,0.153023
0.180572,0.153672
0.180989,0.154323
0.181406,0.154977
0.181824,0.155634
0.182244,0.156293
0.182664,0.156955
0.183085,0.157619
0.183507,0.158286
0.18393,0.158955
0.184354,0.159627
0.184779,0.160302
0.185205,0.160979
0.185632,0.161658
0.18606,0.16234
0.186489,0.163025
0.186919,0.163712
0.18735,0.164402
0.187782,0.165095
0.188215,0.16579
0.188649,0.166488
0.189084,0.167188
0.18952,0.167891
0.189957,0.168597
0.190395,0.169305
0.190834,0.170016
0.191274,0.17073
0.191715,0.171447
0.192157,0.172166
0.1926,0.172887
0.193044,0.173612
0.193489,0.174339
0.193936,0.175069
0.194383,0.175801
0.194831,0.176537
0.19528,0.177275
0.19573,0.178016
0.196182,0.178759
0.196634,0.179505
0.197087,0.180254
0.197542,0.181006
0.197997,0.181761
0.198454,0.182518
0.198911,0.183278
0.19937,0.184041
0.19983,0.184807
0.20029,0.185576
0.200752,0.186347
0.201215,0.187121
0.201679,0.187899
0.202144,0.188678
0.20261,0.189461
0.203077,0.190247
0.203546,0.191035
0.204015,0.191827
0.204485,0.192621
0.204957,0.193418
0.205429,0.194218
0.205903,0.195021
0.206378,0.195826
0.206854,0.196635
0.207331,0.197447
0.207809,0.198261
0.208288,0.199079
0.208768,0.199899
0.209249,0.200722
0.209732,0.201549
0.210215,0.202378
0.2107,0.20321
0.211186,0.204045
0.211673,0.204883
0.212161,0.205724
0.21265,0.206568
0.21314,0.207416
0.213632,0.208266
0.214124,0.209119
0.214618,0.209975
0.215113,0.210834
0.215609,0.211696
0.216106,0.212561
0.216604,0.213429
0.217104,0.214301
0.217604,0.215175
0.218106,0.216052
0.218609,0.216933
0.219113,0.217816
0.219618,0.218703
0.220125,0.219592
0.220632,0.220485
0.221141,0.221381
0.221651,0.22228
0.222162,0.223182
0.222674,0.224087
0.223187,0.224995
0.223702,0.225907
0.224218,0.226821
0.224735,0.227739
0.225253,0.228659
0.225772,0.229583
0.226293,0.23051
0.226815,0.231441
0.227338,0.232374
0.227862,0.233311
0.228387,0.23425
0.228914,0.235193
0.229442,0.236139
0.229971,0.237089
0.230501,0.238041
0.231032,0.238997
0.231565,0.239956
0.232099,0.240918
0.232634,0.241883
0.23317,0.242851
0.233708,0.243823
0.234247,0.244798
0.234787,0.245776
0.235328,0.246758
0.235871,0.247742
0.236415,0.24873
0.23696,0.249722
0.237506,0.250716
0.238054,0.251714
0.238603,0.252715
0.239153,0.253719
0.239704,0.254726
0.240257,0.255737
0.240811,0.256751
0.241366,0.257769
0.241923,0.258789
0.242481,0.259813
0.24304,0.260841
0.2436,0.261871
0.244162,0.262905
0.244725,0.263942
0.245289,0.264983
0.245854,0.266027
0.246421,0.267074
0.24699,0.268124
0.247559,0.269178
0.24813,0.270235
0.248702,0.271296
0.249275,0.27236
0.24985,0.273427
0.250426,0.274497
0.251004,0.275571
0.251582,0.276648
0.252162,0.277729
0.252744,0.278813
0.253327,0.2799
0.253911,0.280991
0.254496,0.282085
0.255083,0.283183
0.255671,0.284283
0.256261,0.285388
0.256851,0.286495
0.257444,0.287606
0.258037,0.288721
0.258632,0.289838
0.259228,0.290959
0.259826,0.292084
0.260425,0.293212
0.261026,0.294343
0.261628,0.295478
0.262231,0.296616
0.262835,0.297758
0.263441,0.298902
0.264049,0.300051
0.264658,0.301203
0.265268,0.302358
0.26588,0.303516
0.266493,0.304678
0.267107,0.305844
0.267723,0.307012
0.26834,0.308185
0.268959,0.30936
0.269579,0.310539
0.270201,0.311722
0.270824,0.312907
0.271448,0.314097
0.272074,0.315289
0.272701,0.316485
0.27333,0.317685
0.27396,0.318888
0.274592,0.320094
0.275225,0.321304
0.27586,0.322517
0.276496,0.323734
0.277133,0.324954
0.277772,0.326177
0.278413,0.327404
0.279055,0.328634
0.279698,0.329868
0.280343,0.331105
0.280989,0.332346
0.281637,0.333589
0.282287,0.334837
0.282937,0.336087
0.28359,0.337342
0.284244,0.338599
0.284899,0.33986
0.285556,0.341124
0.286214,0.342392
0.286874,0.343663
0.287536,0.344938
0.288199,0.346216
0.288863,0.347497
0.289529,0.348781
0.290197,0.35007
0.290866,0.351361
0.291537,0.352656
0.292209,0.353954
0.292882,0.355255
0.293558,0.35656
0.294235,0.357869
0.294913,0.35918
0.295593,0.360495
0.296275,0.361814
0.296958,0.363135
0.297642,0.36446
0.298329,0.365789
0.299016,0.36712
0.299706,0.368455
0.300397,0.369794
0.30109,0.371135
0.301784,0.37248
0.30248,0.373829
0.303177,0.37518
0.303876,0.376535
0.304577,0.377893
0.305279,0.379255
0.305983,0.38062
0.306688,0.381988
0.307396,0.383359
0.308104,0.384734
0.308815,0.386112
0.309527,0.387493
0.31024,0.388877
0.310956,0.390265
0.311673,0.391655
0.312391,0.393049
0.313112,0.394447
0.313834,0.395847
0.314557,0.397251
0.315282,0.398658
0.316009,0.400068
0.316738,0.401481
0.317468,0.402897
0.3182,0.404317
0.318934,0.405739
0.319669,0.407165
0.320406,0.408594
0.321145,0.410026
0.321886,0.411462
0.322628,0.4129
0.323372,0.414341
0.324117,0.415786
0.324865,0.417233
0.325614,0.418684
0.326364,0.420138
0.327117,0.421595
0.327871,0.423054
0.328627,0.424517
0.329385,0.425983
0.330144,0.427452
0.330905,0.428924
0.331668,0.430399
0.332433,0.431876
0.3332,0.433357
0.333968,0.434841
0.334738,0.436327
0.33551,0.437817
0.336283,0.43931
0.337059,0.440805
0.337836,0.442303
0.338615,0.443804
0.339396,0.445308
0.340178,0.446815
0.340962,0.448325
0.341749,0.449837
0.342537,0.451352
0.343326,0.45287
0.344118,0.454391
0.344911,0.455915
0.345707,0.457441
0.346504,0.45897
0.347303,0.460502
0.348103,0.462037
0.348906,0.463574
0.349711,0.465114
0.350517,0.466656
0.351325,0.468201
0.352135,0.469749
0.352947,0.471299
0.353761,0.472852
0.354576,0.474408
0.355394,0.475966
0.356213,0.477527
0.357035,0.47909
0.357858,0.480655
0.358683,0.482223
0.35951,0.483794
0.360339,0.485367
0.36117,0.486942
0.362003,0.48852
0.362837,0.490101
0.363674,0.491683
0.364512,0.493268
0.365353,0.494856
0.366195,0.496445
0.36704,0.498037
0.367886,0.499631
0.368734,0.501228
0.369584,0.502827
0.370436,0.504428
0.371291,0.506031
0.372147,0.507636
0.373005,0.509244
0.373865,0.510853
0.374727,0.512465
0.375591,0.514079
0.376457,0.515694
0.377325,0.517312
0.378195,0.518932
0.379067,0.520554
0.379941,0.522178
0.380817,0.523804
0.381695,0.525432
0.382575,0.527061
0.383457,0.528693
0.384341,0.530326
0.385227,0.531962
0.386116,0.533599
0.387006,0.535238
0.387898,0.536878
0.388793,0.53852
0.389689,0.540165
0.390588,0.54181
0.391488,0.543458
0.392391,0.545107
0.393295,0.546757
0.394202,0.54841
0.395111,0.550063
0.396022,0.551719
0.396935,0.553376
0.397851,0.555034
0.398768,0.556694
0.399687,0.558355
0.400609,0.560017
0.401533,0.561681
0.402458,0.563346
0.403386,0.565013
0.404316,0.566681
0.405249,0.56835
0.406183,0.57002
0.40712,0.571692
0.408058,0.573365
0.408999,0.575038
0.409942,0.576713
0.410887,0.578389
0.411835,0.580066
0.412784,0.581744
0.413736,0.583424
0.41469,0.585104
0.415646,0.586785
0.416604,0.588466
0.417565,0.590149
0.418528,0.591833
0.419493,0.593517
0.42046,0.595202
0.42143,0.596888
0.422401,0.598574
0.423375,0.600262
0.424351,0.601949
0.42533,0.603638
0.42631,0.605327
0.427293,0.607017
0.428279,0.608707
0.429266,0.610397
0.430256,0.612088
0.431248,0.61378
0.432242,0.615471
0.433239,0.617163
0.434238,0.618856
0.435239,0.620549
0.436242,0.622242
0.437248,0.623935
0.438256,0.625628
0.439267,0.627321
0.44028,0.629015
0.441295,0.630708
0.442312,0.632402
0.443332,0.634096
0.444354,0.635789
0.445379,0.637483
0.446406,0.639176
0.447435,0.640869
0.448467,0.642562
0.449501,0.644255
0.450537,0.645947
0.451576,0.647639
0.452617,0.649331
0.453661,0.651023
0.454707,0.652714
0.455755,0.654404
0.456806,0.656094
0.457859,0.657784
0.458915,0.659473
0.459973,0.661161
0.461034,0.662849
0.462097,0.664536
0.463162,0.666222
0.46423,0.667908
0.465301,0.669592
0.466373,0.671276
0.467449,0.672959
0.468526,0.674641
0.469607,0.676323
0.47069,0.678003
0.471775,0.679682
0.472863,0.68136
0.473953,0.683037
0.475046,0.684712
0.476141,0.686387
0.477239,0.68806
0.478339,0.689732
0.479442,0.691403
0.480548,0.693072
0.481656,0.69474
0.482766,0.696407
0.483879,0.698072
0.484995,0.699735
0.486113,0.701397
0.487234,0.703058
0.488357,0.704716
0.489483,0.706373
0.490612,0.708028
0.491743,0.709682
0.492877,0.711334
0.494013,0.712983
0.495152,0.714631
0.496294,0.716277
0.497438,0.717921
0.498585,0.719563
0.499735,0.721203
0.500887,0.722841
0.502042,0.724477
0.5032,0.72611
0.50436,0.727741
0.505523,0.72937
0.506688,0.730997
0.507857,0.732621
0.509028,0.734243
0.510201,0.735863
0.511378,0.73748
0.512557,0.739094
0.513739,0.740706
0.514923,0.742316
0.51611,0.743922
0.5173,0.745526
0.518493,0.747127
0.519689,0.748726
0.520887,0.750322
0.522088,0.751914
0.523292,0.753504
0.524498,0.755091
0.525707,0.756675
0.52692,0.758256
0.528135,0.759834
0.529352,0.761409
0.530573,0.76298
0.531796,0.764549
0.533022,0.766114
0.534251,0.767676
0.535483,0.769235
0.536718,0.77079
0.537955,0.772342
0.539196,0.77389
0.540439,0.775435
0.541685,0.776976
0.542934,0.778514
0.544186,0.780049
0.54544,0.781579
0.546698,0.783106
0.547959,0.784629
0.549222,0.786149
0.550488,0.787664
0.551758,0.789176
0.55303,0.790684
0.554305,0.792188
0.555583,0.793688
0.556864,0.795184
0.558148,0.796676
0.559435,0.798164
0.560725,0.799647
0.562018,0.801127
0.563313,0.802602
0.564612,0.804074
0.565914,0.80554
0.567219,0.807003
0.568527,0.808461
0.569838,0.809915
0.571152,0.811364
0.572468,0.812809
0.573788,0.81425
0.575111,0.815686
0.576437,0.817117
0.577766,0.818544
0.579099,0.819966
0.580434,0.821383
0.581772,0.822795
0.583114,0.824203
0.584458,0.825606
0.585806,0.827005
0.587156,0.828398
0.58851,0.829786
0.589867,0.83117
0.591227,0.832548
0.59259,0.833922
0.593957,0.83529
0.595326,0.836654
0.596699,0.838012
0.598075,0.839365
0.599454,0.840713
0.600836,0.842056
0.602221,0.843394
0.60361,0.844726
0.605001,0.846053
0.606396,0.847375
0.607794,0.848691
0.609196,0.850002
0.6106,0.851307
0.612008,0.852607
0.613419,0.853902
0.614834,0.855191
0.616251,0.856474
0.617672,0.857752
0.619097,0.859025
0.620524,0.860291
0.621955,0.861552
0.623389,0.862808
0.624826,0.864057
0.626267,0.865301
0.627711,0.866539
0.629158,0.867772
0.630609,0.868998
0.632063,0.870219
0.63352,0.871434
0.634981,0.872643
0.636445,0.873846
0.637912,0.875043
0.639383,0.876234
0.640857,0.877419
0.642335,0.878598
0.643816,0.879772
0.6453,0.880939
0.646788,0.8821
0.64828,0.883255
0.649774,0.884403
0.651273,0.885546
0.652774,0.886683
0.654279,0.887813
0.655788,0.888937
0.6573,0.890055
0.658815,0.891167
0.660334,0.892272
0.661857,0.893372
0.663383,0.894465
0.664913,0.895551
0.666446,0.896632
0.667982,0.897706
0.669522,0.898773
0.671066,0.899835
0.672613,0.90089
0.674164,0.901938
0.675719,0.902981
0.677277,0.904016
0.678838,0.905046
0.680404,0.906069
0.681972,0.907085
0.683545,0.908095
0.685121,0.909099
0.6867,0.910096
0.688284,0.911087
0.689871,0.912071
0.691461,0.913049
0.693056,0.91402
0.694654,0.914985
0.696255,0.915943
0.697861,0.916895
0.69947,0.91784
0.701083,0.918779
0.702699,0.919711
0.704319,0.920636
0.705943,0.921555
0.707571,0.922468
0.709202,0.923374
0.710838,0.924273
0.712477,0.925166
0.714119,0.926052
0.715766,0.926932
0.717416,0.927805
0.71907,0.928672
0.720728,0.929532
0.72239,0.930385
0.724056,0.931232
0.725725,0.932073
0.727398,0.932907
0.729076,0.933734
0.730757,0.934555
0.732442,0.935369
0.73413,0.936177
0.735823,0.936978
0.73752,0.937773
0.73922,0.938561
0.740924,0.939343
0.742633,0.940118
0.744345,0.940887
0.746061,0.941649
0.747782,0.942405
0.749506,0.943154
0.751234,0.943897
0.752966,0.944634
0.754702,0.945364
0.756442,0.946087
0.758186,0.946805
0.759934,0.947515
0.761687,0.94822
0.763443,0.948918
0.765203,0.94961
0.766967,0.950295
0.768736,0.950974
0.770508,0.951647
0.772285,0.952313
0.774066,0.952974
0.77585,0.953628
0.777639,0.954275
0.779432,0.954917
0.781229,0.955552
0.783031,0.956181
0.784836,0.956804
0.786646,0.957421
0.788459,0.958031
0.790277,0.958636
0.7921,0.959234
0.793926,0.959827
0.795756,0.960413
0.797591,0.960993
0.79943,0.961568
0.801273,0.962136
0.803121,0.962698
0.804973,0.963255
0.806829,0.963805
0.808689,0.96435
0.810554,0.964889
0.812423,0.965422
0.814296,0.965949
0.816173,0.96647
0.818055,0.966986
0.819941,0.967496
0.821832,0.968
0.823727,0.968498
0.825626,0.968991
0.82753,0.969478
0.829438,0.96996
0.83135,0.970436
0.833267,0.970907
0.835188,0.971372
0.837114,0.971831
0.839044,0.972285
0.840979,0.972734
0.842918,0.973177
0.844861,0.973615
0.846809,0.974048
0.848762,0.974475
0.850719,0.974897
0.85268,0.975314
0.854646,0.975726
0.856617,0.976132
0.858592,0.976534
0.860571,0.97693
0.862556,0.977321
0.864545,0.977707
0.866538,0.978089
0.868536,0.978465
0.870538,0.978836
0.872546,0.979203
0.874557,0.979564
0.876574,0.979921
0.878595,0.980273
0.880621,0.98062
0.882651,0.980962
0.884686,0.9813
0.886726,0.981633
0.888771,0.981962
0.89082,0.982286
0.892874,0.982605
0.894933,0.98292
0.896996,0.983231
0.899064,0.983537
0.901137,0.983838
0.903215,0.984135
0.905298,0.984428
0.907385,0.984717
0.909477,0.985001
0.911574,0.985282
0.913676,0.985558
0.915783,0.98583
0.917894,0.986097
0.92001,0.986361
0.922132,0.986621
0.924258,0.986877
0.926389,0.987129
0.928525,0.987376
0.930666,0.987621
0.932812,0.987861
0.934962,0.988097
0.937118,0.98833
0.939279,0.988559
0.941445,0.988784
0.943615,0.989006
0.945791,0.989224
0.947972,0.989438
0.950157,0.989649
0.952348,0.989857
0.954544,0.990061
0.956745,0.990261
0.958951,0.990458
0.961162,0.990652
0.963378,0.990843
0.965599,0.99103
0.967826,0.991214
0.970057,0.991395
0.972294,0.991573
0.974536,0.991747
0.976783,0.991919
0.979035,0.992087
0.981292,0.992253
0.983555,0.992415
0.985823,0.992575
0.988096,0.992732
0.990374,0.992885
0.992657,0.993036
0.994946,0.993185
0.99724,0.99333
0.999539,0.993473
1.00184,0.993613
1.00415,0.99375
1.00647,0.993885
1.00879,0.994017
1.01112,0.994147
1.01345,0.994274
1.01578,0.994399
1.01813,0.994521
1.02047,0.994641
1.02283,0.994759
1.02518,0.994874
1.02755,0.994987
1.02992,0.995097
1.03229,0.995206
1.03467,0.995312
1.03706,0.995416
1.03945,0.995518
1.04185,0.995617
1.04425,0.995715
1.04666,0.995811
1.04907,0.995904
1.05149,0.995996
1.05391,0.996086
1.05634,0.996174
1.05878,0.99626
1.06122,0.996344
1.06367,0.996426
1.06612,0.996506
1.06858,0.996585
1.07104,0.996662
1.07351,0.996737
1.07599,0.996811
1.07847,0.996883
1.08095,0.996953
1.08345,0.997022
1.08594,0.997089
1.08845,0.997154
1.09096,0.997218
1.09347,0.997281
1.09599,0.997342
1.09852,0.997402
1.10105,0.99746
1.10359,0.997517
1.10614,0.997572
1.10869,0.997627
1.11124,0.99768
1.11381,0.997731
1.11637,0.997782
1.11895,0.997831
1.12153,0.997879
1.12411,0.997925
1.12671,0.997971
1.1293,0.998015
1.13191,0.998059
1.13452,0.998101
1.13713,0.998142
1.13975,0.998182
1.14238,0.998221
1.14502,0.998259
1.14766,0.998296
1.1503,0.998332
1.15296,0.998368
1.15561,0.998402
1.15828,0.998435
1.16095,0.998468
1.16363,0.998499
1.16631,0.99853
1.169,0.99856
1.17169,0.998589
1.17439,0.998617
1.1771,0.998645
1.17982,0.998671
1.18254,0.998697
1.18526,0.998723
1.188,0.998747
1.19074,0.998771
1.19348,0.998794
1.19623,0.998817
1.19899,0.998838
1.20176,0.99886
1.20453,0.99888
1.2073,0.9989
1.21009,0.99892
1.21288,0.998939
1.21567,0.998957
1.21848,0.998975
1.22129,0.998992
1.2241,0.999009
1.22692,0.999025
1.22975,0.999041
1.23259,0.999056
1.23543,0.999071
1.23828,0.999085
1.24113,0.999099
1.244,0.999112
1.24686,0.999125
1.24974,0.999138
1.25262,0.99915
1.25551,0.999162
1.2584,0.999173
1.26131,0.999184
1.26421,0.999195
1.26713,0.999205
1.27005,0.999215
1.27298,0.999225
1.27591,0.999234
1.27886,0.999243
1.2818,0.999252
1.28476,0.999261
1.28772,0.999269
1.29069,0.999277
1.29367,0.999284
1.29665,0.999292
1.29964,0.999299
1.30264,0.999306
1.30564,0.999312
1.30865,0.999319
1.31167,0.999325
1.31469,0.999331
1.31772,0.999336
1.32076,0.999342
1.32381,0.999347
1.32686,0.999352
1.32992,0.999357
1.33298,0.999362
1.33606,0.999367
1.33914,0.999371
1.34223,0.999376
1.34532,0.99938
1.34842,0.999384
1.35153,0.999387
1.35465,0.999391
1.35777,0.999395
1.3609,0.999398
1.36404,0.999401
1.36718,0.999404
1.37034,0.999407
1.3735,0.99941
1.37666,0.999413
1.37984,0.999416
1.38302,0.999418
1.38621,0.999421
1.3894,0.999423
1.39261,0.999425
1.39582,0.999428
1.39904,0.99943
1.40226,0.999432
1.4055,0.999434
1.40874,0.999435
1.41198,0.999437
1.41524,0.999439
1.4185,0.999441
1.42177,0.999442
1.42505,0.999444
1.42834,0.999445
1.43163,0.999446
1.43493,0.999448
1.43824,0.999449
1.44156,0.99945
1.44488,0.999451
1.44821,0.999452
1.45155,0.999453
1.4549,0.999454
1.45825,0.999455
1.46161,0.999456
1.46498,0.999457
1.46836,0.999458
1.47175,0.999459
1.47514,0.99946
1.47854,0.99946
1.48195,0.999461
1.48537,0.999462
1.48879,0.999462
1.49223,0.999463
1.49567,0.999464
1.49912,0.999464
1.50257,0.999465
1.50604,0.999465
1.50951,0.999466
1.51299,0.999466
1.51648,0.999466
1.51997,0.999467
1.52348,0.999467
1.52699,0.999468
1.53051,0.999468
1.53404,0.999468
1.53758,0.999469
1.54112,0.999469
1.54468,0.999469
1.54824,0.999469
1.55181,0.99947
1.55539,0.99947
1.55897,0.99947
1.56257,0.99947
1.56617,0.999471
1.56978,0.999471
1.5734,0.999471
1.57703,0.999471
1.58066,0.999471
1.58431,0.999471
1.58796,0.999472
1.59162,0.999472
1.59529,0.999472
1.59897,0.999472
1.60266,0.999472
1.60635,0.999472
1.61006,0.999472
1.61377,0.999472
1.61749,0.999473
1.62122,0.999473
1.62496,0.999473
1.6287,0.999473
1.63246,0.999473
1.63622,0.999473
1.64,0.999473
1.64378,0.999473
1.64757,0.999473
1.65137,0.999473
1.65517,0.999473
1.65899,0.999473
1.66282,0.999473
1.66665,0.999473
1.67049,0.999473
1.67434,0.999474
1.6782,0.999474
1.68207,0.999474
1.68595,0.999474
1.68984,0.999474
1.69374,0.999474
1.69764,0.999474
1.70156,0.999474
1.70548,0.999474
1.70941,0.999474
1.71335,0.999474
1.7173,0.999474
1.72126,0.999474
1.72523,0.999474
1.72921,0.999474
1.7332,0.999474
1.73719,0.999474
1.7412,0.999474
1.74521,0.999474
1.74924,0.999474
1.75327,0.999474
1.75731,0.999474
1.76136,0.999474
1.76543,0.999474
1.7695,0.999474
1.77358,0.999474
1.77767,0.999474
1.78176,0.999474
1.78587,0.999474
1.78999,0.999474
1.79412,0.999474
1.79825,0.999474
1.8024,0.999474
1.80656,0.999474
1.81072,0.999474
1.8149,0.999474
1.81908,0.999474
1.82327,0.999474
1.82748,0.999474
1.83169,0.999474
1.83592,0.999474
1.84015,0.999474
1.84439,0.999474
1.84864,0.999474
1.85291,0.999474
1.85718,0.999474
1.86146,0.999474
1.86575,0.999474
1.87005,0.999474
1.87437,0.999474
1.87869,0.999474
1.88302,0.999474
1.88736,0.999474
1.89171,0.999474
1.89608,0.999474
1.90045,0.999474
1.90483,0.999474
1.90922,0.999474
1.91362,0.999474
1.91804,0.999474
1.92246,0.999474
1.92689,0.999474
1.93133,0.999474
1.93579,0.999474
1.94025,0.999474
1.94472,0.999474
1.94921,0.999474
1.9537,0.999474
1.95821,0.999474
1.96272,0.999474
1.96725,0.999474
1.97178,0.999474
1.97633,0.999474
1.98089,0.999474
1.98545,0.999474
1.99003,0.999474
1.99462,0.999474
1.99922,0.999474
2.00383,0.999474
2.00845,0.999474
2.01308,0.999474
2.01772,0.999474
2.02237,0.999474
2.02704,0.999474
2.03171,0.999474
2.03639,0.999474
2.04109,0.999474
2.0458,0.999474
2.05051,0.999474
2.05524,0.999474
2.05998,0.999474
2.06473,0.999474
2.06949,0.999474
2.07426,0.999474
2.07904,0.999474
2.08384,0.999474
2.08864,0.999474
2.09346,0.999474
2.09828,0.999474
2.10312,0.999474
2.10797,0.999474
2.11283,0.999474
2.1177,0.999474
2.12259,0.999474
2.12748,0.999474
2.13239,0.999474
2.1373,0.999474
2.14223,0.999474
2.14717,0.999474
2.15212,0.999474
2.15708,0.999474
2.16206,0.999474
2.16704,0.999474
2.17204,0.999474
2.17705,0.999474
2.18207,0.999474
2.1871,0.999474
2.19214,0.999474
2.19719,0.999474
2.20226,0.999474
2.20734,0.999474
2.21243,0.999474
2.21753,0.999474
2.22264,0.999474
2.22777,0.999474
2.2329,0.999474
2.23805,0.999474
2.24321,0.999474
2.24838,0.999474
2.25357,0.999474
2.25876,0.999474
2.26397,0.999474
2.26919,0.999474
2.27442,0.999474
2.27967,0.999474
2.28492,0.999474
2.29019,0.999474
2.29547,0.999474
2.30077,0.999474
2.30607,0.999474
2.31139,0.999474
2.31672,0.999474
2.32206,0.999474
2.32741,0.999474
2.33278,0.999474
2.33816,0.999474
2.34355,0.999474
2.34895,0.999474
2.35437,0.999474
2.3598,0.999474
2.36524,0.999474
2.37069,0.999474
2.37616,0.999474
2.38164,0.999474
2.38713,0.999474
2.39263,0.999474
2.39815,0.999474
2.40368,0.999474
2.40922,0.999474
2.41477,0.999474
2.42034,0.999474
2.42592,0.999474
2.43152,0.999474
2.43712,0.999474
2.44274,0.999474
2.44837,0.999474
2.45402,0.999474
2.45968,0.999474
2.46535,0.999474
2.47103,0.999474
2.47673,0.999474
2.48244,0.999474
2.48816,0.999474
2.4939,0.999474
2.49965,0.999474
2.50542,0.999474
2.51119,0.999474
2.51698,0.999474
2.52279,0.999474
2.5286,0.999474
2.53443,0.999474
2.54028,0.999474
2.54613,0.999474
2.552,0.999474
2.55789,0.999474
2.56379,0.999474
2.5697,0.999474
2.57562,0.999474
2.58156,0.999474
2.58751,0.999474
2.59348,0.999474
2.59946,0.999474
2.60545,0.999474
2.61146,0.999474
2.61748,0.999474
2.62352,0.999474
2.62957,0.999474
2.63563,0.999474
2.64171,0.999474
2.6478,0.999474
2.6539,0.999474
2.66002,0.999474
2.66615,0.999474
2.6723,0.999474
2.67846,0.999474
2.68464,0.999474
2.69083,0.999474
2.69703,0.999474
2.70325,0.999474
2.70948,0.999474
2.71573,0.999474
2.72199,0.999474
2.72827,0.999474
2.73456,0.999474
2.74086,0.999474
2.74718,0.999474
2.75352,0.999474
2.75987,0.999474
2.76623,0.999474
2.77261,0.999474
2.779,0.999474
2.78541,0.999474
2.79183,0.999474
2.79827,0.999474
2.80472,0.999474
2.81119,0.999474
2.81767,0.999474
2.82417,0.999474
2.83068,0.999474
2.8372,0.999474
2.84375,0.999474
2.8503,0.999474
2.85687,0.999474
2.86346,0.999474
2.87006,0.999474
2.87668,0.999474
2.88331,0.999474
2.88996,0.999474
2.89663,0.999474
2.9033,0.999474
2.91,0.999474
2.91671,0.999474
2.92343,0.999474
2.93017,0.999474
2.93693,0.999474
2.9437,0.999474
2.95049,0.999474
2.95729,0.999474
2.96411,0.999474
2.97094,0.999474
2.97779,0.999474
2.98466,0.999474
2.99154,0.999474
2.99844,0.999474
3.00535,0.999474
3.01228,0.999474
3.01923,0.999474
3.02619,0.999474
3.03317,0.999474
3.04016,0.999474
3.04717,0.999474
3.0542,0.999474
3.06124,0.999474
3.0683,0.999474
3.07537,0.999474
3.08246,0.999474
3.08957,0.999474
3.09669,0.999474
3.10383,0.999474
3.11099,0.999474
3.11816,0.999474
3.12535,0.999474
3.13256,0.999474
3.13978,0.999474
3.14702,0.999474
3.15428,0.999474
3.16155,0.999474
3.16884,0.999474
3.17615,0.999474
3.18347,0.999474
3.19081,0.999474
3.19817,0.999474
3.20554,0.999474
3.21293,0.999474
3.22034,0.999474
3.22776,0.999474
3.23521,0.999474
3.24267,0.999474
3.25014,0.999474
3.25764,0.999474
3.26515,0.999474
3.27268,0.999474
3.28022,0.999474
3.28778,0.999474
3.29537,0.999474
3.30296,0.999474
3.31058,0.999474
3.31821,0.999474
3.32586,0.999474
3.33353,0.999474
3.34122,0.999474
3.34892,0.999474
3.35664,0.999474
3.36438,0.999474
3.37214,0.999474
3.37992,0.999474
3.38771,0.999474
3.39552,0.999474
3.40335,0.999474
3.4112,0.999474
3.41906,0.999474
3.42694,0.999474
3.43485,0.999474
3.44277,0.999474
3.4507,0.999474
3.45866,0.999474
3.46663,0.999474
3.47463,0.999474
3.48264,0.999474
3.49067,0.999474
3.49872,0.999474
3.50678,0.999474
3.51487,0.999474
3.52297,0.999474
3.5311,0.999474
3.53924,0.999474
3.5474,0.999474
3.55558,0.999474
3.56378,0.999474
3.57199,0.999474
3.58023,0.999474
3.58848,0.999474
3.59676,0.999474
3.60505,0.999474
3.61336,0.999474
3.62169,0.999474
3.63004,0.999474
3.63841,0.999474
3.6468,0.999474
3.65521,0.999474
3.66364,0.999474
3.67209,0.999474
3.68055,0.999474
3.68904,0.999474
3.69755,0.999474
3.70607,0.999474
3.71462,0.999474
3.72318,0.999474
3.73177,0.999474
3.74037,0.999474
3.74899,0.999474
3.75764,0.999474
3.7663,0.999474
3.77499,0.999474
3.78369,0.999474
3.79241,0.999474
3.80116,0.999474
3.80992,0.999474
3.81871,0.999474
3.82751,0.999474
3.83634,0.999474
3.84518,0.999474
3.85405,0.999474
3.86293,0.999474
3.87184,0.999474
3.88077,0.999474
3.88972,0.999474
3.89869,0.999474
3.90767,0.999474
3.91668,0.999474
3.92572,0.999474
3.93477,0.999474
3.94384,0.999474
3.95293,0.999474
3.96205,0.999474
3.97118,0.999474
3.98034,0.999474
3.98952,0.999474
3.99871,0.999474
4.00793,0.999474
4.01718,0.999474
4.02644,0.999474
4.03572,0.999474
4.04503,0.999474
4.05435,0.999474
4.0637,0.999474
4.07307,0.999474
4.08246,0.999474
4.09188,0.999474
4.10131,0.999474
4.11077,0.999474
4.12024,0.999474
4.12974,0.999474
4.13927,0.999474
4.14881,0.999474
4.15838,0.999474
4.16796,0.999474
4.17757,0.999474
4.18721,0.999474
4.19686,0.999474
4.20654,0.999474
4.21624,0.999474
4.22596,0.999474
4.2357,0.999474
4.24547,0.999474
4.25526,0.999474
4.26507,0.999474
4.2749,0.999474
4.28476,0.999474
4.29464,0.999474
4.30454,0.999474
4.31447,0.999474
4.32441,0.999474
4.33438,0.999474
4.34438,0.999474
4.35439,0.999474
4.36443,0.999474
4.3745,0.999474
4.38458,0.999474
4.39469,0.999474
4.40483,0.999474
4.41498,0.999474
4.42516,0.999474
4.43537,0.999474
4.44559,0.999474
4.45584,0.999474
4.46612,0.999474
4.47641,0.999474
4.48673,0.999474
4.49708,0.999474
4.50745,0.999474
4.51784,0.999474
4.52826,0.999474
4.5387,0.999474
4.54916,0.999474
4.55965,0.999474
4.57017,0.999474
4.5807,0.999474
4.59127,0.999474
4.60185,0.999474
4.61246,0.999474
4.6231,0.999474
4.63376,0.999474
4.64444,0.999474
4.65515,0.999474
4.66588,0.999474
4.67664,0.999474
4.68742,0.999474
4.69823,0.999474
4.70906,0.999474
4.71992,0.999474
4.7308,0.999474
4.74171,0.999474
4.75265,0.999474
4.7636,0.999474
4.77459,0.999474
4.7856,0.999474
4.79663,0.999474
4.80769,0.999474
4.81877,0.999474
4.82988,0.999474
4.84102,0.999474
4.85218,0.999474
4.86337,0.999474
4.87458,0.999474
4.88582,0.999474
4.89709,0.999474
4.90838,0.999474
4.9197,0.999474
4.93104,0.999474
4.94241,0.999474
4.95381,0.999474
4.96523,0.999474
4.97668,0.999474
4.98815,0.999474
4.99965,0.999474
5.01118,0.999474
5.02273,0.999474
5.03432,0.999474
5.04592,0.999474
5.05756,0.999474
5.06922,0.999474
5.08091,0.999474
5.09262,0.999474
5.10436,0.999474
5.11613,0.999474
5.12793,0.999474
5.13975,0.999474
5.1516,0.999474
5.16348,0.999474
5.17539,0.999474
5.18732,0.999474
5.19928,0.999474
5.21127,0.999474
5.22328,0.999474
5.23533,0.999474
5.2474,0.999474
5.2595,0.999474
5.27162,0.999474
5.28378,0.999474
5.29596,0.999474
5.30817,0.999474
5.32041,0.999474
5.33268,0.999474
5.34497,0.999474
5.3573,0.999474
5.36965,0.999474
5.38203,0.999474
5.39444,0.999474
5.40688,0.999474
5.41934,0.999474
5.43184,0.999474
5.44436,0.999474
5.45692,0.999474
5.4695,0.999474
5.48211,0.999474
5.49475,0.999474
5.50742,0.999474
5.52012,0.999474
5.53285,0.999474
5.5456,0.999474
5.55839,0.999474
5.57121,0.999474
5.58405,0.999474
5.59693,0.999474
5.60983,0.999474
5.62277,0.999474
5.63573,0.999474
5.64872,0.999474
5.66175,0.999474
5.6748,0.999474
5.68789,0.999474
5.701,0.999474
5.71415,0.999474
5.72732,0.999474
5.74053,0.999474
5.75376,0.999474
5.76703,0.999474
5.78033,0.999474
5.79365,0.999474
5.80701,0.999474
5.8204,0.999474
5.83382,0.999474
5.84727,0.999474
5.86076,0.999474
5.87427,0.999474
5.88781,0.999474
5.90139,0.999474
5.915,0.999474
5.92863,0.999474
5.9423,0.999474
5.956,0.999474
5.96974,0.999474
5.9835,0.999474
5.9973,0.999474
6.01113,0.999474
6.02499,0.999474
6.03888,0.999474
6.0528,0.999474
6.06676,0.999474
6.08074,0.999474
6.09477,0.999474
6.10882,0.999474
6.1229,0.999474
6.13702,0.999474
6.15117,0.999474
6.16535,0.999474
6.17957,0.999474
6.19382,0.999474
6.2081,0.999474
6.22241,0.999474
6.23676,0.999474
6.25114,0.999474
6.26555,0.999474
6.28,0.999474
6.29448,0.999474
6.30899,0.999474
6.32354,0.999474
6.33812,0.999474
6.35273,0.999474
6.36738,0.999474
6.38206,0.999474
6.39678,0.999474
6.41153,0.999474
6.42631,0.999474
6.44113,0.999474
6.45598,0.999474
6.47086,0.999474
6.48578,0.999474
6.50074,0.999474
6.51573,0.999474
6.53075,0.999474
6.54581,0.999474
6.5609,0.999474
6.57603,0.999474
6.59119,0.999474
6.60639,0.999474
6.62162,0.999474
6.63689,0.999474
6.65219,0.999474
6.66753,0.999474
6.6829,0.999474
6.69831,0.999474
6.71375,0.999474
6.72923,0.999474
6.74475,0.999474
6.7603,0.999474
6.77589,0.999474
6.79151,0.999474
6.80717,0.999474
6.82287,0.999474
6.8386,0.999474
6.85436,0.999474
6.87017,0.999474
6.88601,0.999474
6.90189,0.999474
6.9178,0.999474
6.93375,0.999474
6.94974,0.999474
6.96576,0.999474
6.98182,0.999474
6.99792,0.999474
7.01406,0.999474
7.03023,0.999474
7.04644,0.999474
7.06268,0.999474
7.07897,0.999474
7.09529,0.999474
7.11165,0.999474
7.12805,0.999474
7.14448,0.999474
7.16096,0.999474
7.17747,0.999474
7.19402,0.999474
7.2106,0.999474
7.22723,0.999474
7.24389,0.999474
7.26059,0.999474
7.27734,0.999474
7.29411,0.999474
7.31093,0.999474
7.32779,0.999474
7.34469,0.999474
7.36162,0.999474
7.37859,0.999474
7.39561,0.999474
7.41266,0.999474
7.42975,0.999474
7.44688,0.999474
7.46405,0.999474
7.48126,0.999474
7.49851,0.999474
7.5158,0.999474
7.53313,0.999474
7.5505,0.999474
7.56791,0.999474
7.58536,0.999474
7.60285,0.999474
7.62038,0.999474
7.63795,0.999474
7.65556,0.999474
7.67321,0.999474
7.6909,0.999474
7.70863,0.999474
7.72641,0.999474
7.74422,0.999474
7.76208,0.999474
7.77997,0.999474
7.79791,0.999474
7.81589,0.999474
7.83391,0.999474
7.85198,0.999474
7.87008,0.999474
7.88823,0.999474
7.90641,0.999474
7.92464,0.999474
7.94292,0.999474
7.96123,0.999474
7.97959,0.999474
7.99799,0.999474
8.01643,0.999474
8.03491,0.999474
8.05344,0.999474
8.072,0.999474
8.09062,0.999474
8.10927,0.999474
8.12797,0.999474
8.14671,0.999474
8.16549,0.999474
8.18432,0.999474
8.20319,0.999474
8.2221,0.999474
8.24106,0.999474
8.26006,0.999474
8.27911,0.999474
8.2982,0.999474
8.31733,0.999474
8.33651,0.999474
8.35573,0.999474
8.375,0.999474
8.39431,0.999474
8.41366,0.999474
8.43306,0.999474
8.4525,0.999474
8.47199,0.999474
8.49153,0.999474
8.51111,0.999474
8.53073,0.999474
8.5504,0.999474
8.57011,0.999474
8.58987,0.999474
8.60968,0.999474
8.62953,0.999474
8.64943,0.999474
8.66937,0.999474
8.68936,0.999474
8.7094,0.999474
8.72948,0.999474
8.7496,0.999474
8.76978,0.999474
8.79,0.999474
8.81027,0.999474
8.83058,0.999474
8.85094,0.999474
8.87135,0.999474
8.8918,0.999474
8.9123,0.999474
8.93285,0.999474
8.95345,0.999474
8.97409,0.999474
8.99479,0.999474
9.01552,0.999474
9.03631,0.999474
9.05715,0.999474
9.07803,0.999474
9.09896,0.999474
9.11994,0.999474
9.14097,0.999474
9.16204,0.999474
9.18317,0.999474
9.20434,0.999474
9.22557,0.999474
9.24684,0.999474
9.26816,0.999474
9.28953,0.999474
9.31095,0.999474
9.33241,0.999474
9.35393,0.999474
9.3755,0.999474
9.39712,0.999474
9.41878,0.999474
9.4405,0.999474
9.46227,0.999474
9.48408,0.999474
9.50595,0.999474
9.52787,0.999474
9.54984,0.999474
9.57186,0.999474
9.59393,0.999474
9.61605,0.999474
9.63822,0.999474
9.66044,0.999474
9.68272,0.999474
9.70504,0.999474
9.72742,0.999474
9.74985,0.999474
9.77233,0.999474
9.79486,0.999474
9.81744,0.999474
9.84008,0.999474
9.86277,0.999474
9.88551,0.999474
9.9083,0.999474
9.93115,0.999474
9.95405,0.999474
9.977,0.999474
10,0.999474
