r,N
0.0001,1.54992e-08
0.000100231,1.55707e-08
0.000100462,1.56426e-08
0.000100693,1.57148e-08
0.000100925,1.57874e-08
0.000101158,1.58602e-08
0.000101391,1.59335e-08
0.000101625,1.6007e-08
0.00010186,1.60809e-08
0.000102094,1.61552e-08
0.00010233,1.62298e-08
0.000102566,1.63047e-08
0.000102802,1.638e-08
0.000103039,1.64556e-08
0.000103277,1.65315e-08
0.000103515,1.66079e-08
0.000103754,1.66845e-08
0.000103993,1.67616e-08
0.000104233,1.6839e-08
0.000104473,1.69167e-08
0.000104714,1.69948e-08
0.000104955,1.70733e-08
0.000105197,1.71521e-08
0.00010544,1.72313e-08
0.000105683,1.73108e-08
0.000105927,1.73907e-08
0.000106171,1.7471e-08
0.000106416,1.75517e-08
0.000106661,1.76327e-08
0.000106907,1.77141e-08
0.000107153,1.77959e-08
0.0001074,1.78781e-08
0.000107648,1.79606e-08
0.000107896,1.80435e-08
0.000108145,1.81268e-08
0.000108394,1.82105e-08
0.000108644,1.82946e-08
0.000108895,1.8379e-08
0.000109146,1.84639e-08
0.000109398,1.85491e-08
0.00010965,1.86348e-08
0.000109903,1.87208e-08
0.000110156,1.88072e-08
0.00011041,1.88941e-08
0.000110665,1.89813e-08
0.00011092,1.90689e-08
0.000111176,1.91569e-08
0.000111432,1.92454e-08
0.000111689,1.93342e-08
0.000111946,1.94235e-08
0.000112204,1.95132e-08
0.000112463,1.96033e-08
0.000112722,1.96938e-08
0.000112982,1.97847e-08
0.000113243,1.9876e-08
0.000113504,1.99678e-08
0.000113766,2.006e-08
0.000114028,2.01526e-08
0.000114291,2.02456e-08
0.000114554,2.03391e-08
0.000114819,2.0433e-08
0.000115083,2.05273e-08
0.000115349,2.06221e-08
0.000115615,2.07173e-08
0.000115881,2.08129e-08
0.000116148,2.0909e-08
0.000116416,2.10056e-08
0.000116685,2.11025e-08
0.000116954,2.12e-08
0.000117223,2.12978e-08
0.000117494,2.13962e-08
0.000117764,2.14949e-08
0.000118036,2.15942e-08
0.000118308,2.16939e-08
0.000118581,2.1794e-08
0.000118854,2.18946e-08
0.000119128,2.19957e-08
0.000119403,2.20973e-08
0.000119678,2.21993e-08
0.000119954,2.23018e-08
0.000120231,2.24047e-08
0.000120508,2.25082e-08
0.000120786,2.26121e-08
0.000121064,2.27165e-08
0.000121344,2.28214e-08
0.000121623,2.29267e-08
0.000121904,2.30326e-08
0.000122185,2.31389e-08
0.000122467,2.32457e-08
0.000122749,2.3353e-08
0.000123032,2.34609e-08
0.000123316,2.35692e-08
0.0001236,2.3678e-08
0.000123885,2.37873e-08
0.000124171,2.38971e-08
0.000124457,2.40074e-08
0.000124744,2.41183e-08
0.000125031,2.42296e-08
0.00012532,2.43415e-08
0.000125609,2.44539e-08
0.000125898,2.45668e-08
0.000126189,2.46802e-08
0.00012648,2.47941e-08
0.000126771,2.49086e-08
0.000127063,2.50236e-08
0.000127356,2.51391e-08
0.00012765,2.52552e-08
0.000127944,2.53718e-08
0.000128239,2.54889e-08
0.000128535,2.56066e-08
0.000128831,2.57248e-08
0.000129129,2.58436e-08
0.000129426,2.59629e-08
0.000129725,2.60827e-08
0.000130024,2.62032e-08
0.000130324,2.63241e-08
0.000130624,2.64457e-08
0.000130925,2.65677e-08
0.000131227,2.66904e-08
0.00013153,2.68136e-08
0.000131833,2.69374e-08
0.000132137,2.70618e-08
0.000132442,2.71867e-08
0.000132747,2.73122e-08
0.000133053,2.74383e-08
0.00013336,2.7565e-08
0.000133667,2.76923e-08
0.000133976,2.78201e-08
0.000134284,2.79485e-08
0.000134594,2.80776e-08
0.000134904,2.82072e-08
0.000135215,2.83374e-08
0.000135527,2.84682e-08
0.00013584,2.85997e-08
0.000136153,2.87317e-08
0.000136467,2.88644e-08
0.000136781,2.89976e-08
0.000137097,2.91315e-08
0.000137413,2.9266e-08
0.00013773,2.94011e-08
0.000138047,2.95368e-08
0.000138366,2.96732e-08
0.000138685,2.98102e-08
0.000139004,2.99478e-08
0.000139325,3.00861e-08
0.000139646,3.0225e-08
0.000139968,3.03645e-08
0.000140291,3.05047e-08
0.000140614,3.06455e-08
0.000140939,3.0787e-08
0.000141264,3.09291e-08
0.000141589,3.10719e-08
0.000141916,3.12154e-08
0.000142243,3.13595e-08
0.000142571,3.15043e-08
0.0001429,3.16497e-08
0.000143229,3.17958e-08
0.000143559,3.19426e-08
0.00014389,3.20901e-08
0.000144222,3.22383e-08
0.000144555,3.23871e-08
0.000144888,3.25366e-08
0.000145222,3.26868e-08
0.000145557,3.28377e-08
0.000145892,3.29893e-08
0.000146229,3.31416e-08
0.000146566,3.32946e-08
0.000146904,3.34484e-08
0.000147243,3.36028e-08
0.000147582,3.37579e-08
0.000147922,3.39138e-08
0.000148263,3.40703e-08
0.000148605,3.42276e-08
0.000148948,3.43856e-08
0.000149291,3.45444e-08
0.000149636,3.47039e-08
0.000149981,3.48641e-08
0.000150326,3.5025e-08
0.000150673,3.51867e-08
0.00015102,3.53492e-08
0.000151369,3.55124e-08
0.000151718,3.56763e-08
0.000152068,3.58411e-08
0.000152418,3.60065e-08
0.00015277,3.61728e-08
0.000153122,3.63398e-08
0.000153475,3.65075e-08
0.000153829,3.66761e-08
0.000154183,3.68454e-08
0.000154539,3.70155e-08
0.000154895,3.71864e-08
0.000155252,3.73581e-08
0.00015561,3.75305e-08
0.000155969,3.77038e-08
0.000156329,3.78779e-08
0.000156689,3.80527e-08
0.00015705,3.82284e-08
0.000157413,3.84049e-08
0.000157776,3.85822e-08
0.000158139,3.87603e-08
0.000158504,3.89393e-08
0.000158869,3.91191e-08
0.000159236,3.92997e-08
0.000159603,3.94811e-08
0.000159971,3.96634e-08
0.00016034,3.98465e-08
0.000160709,4.00304e-08
0.00016108,4.02152e-08
0.000161451,4.04009e-08
0.000161824,4.05874e-08
0.000162197,4.07748e-08
0.000162571,4.09631e-08
0.000162946,4.11522e-08
0.000163321,4.13422e-08
0.000163698,4.1533e-08
0.000164075,4.17248e-08
0.000164454,4.19174e-08
0.000164833,4.21109e-08
0.000165213,4.23053e-08
0.000165594,4.25006e-08
0.000165976,4.26969e-08
0.000166358,4.2894e-08
0.000166742,4.3092e-08
0.000167126,4.3291e-08
0.000167512,4.34908e-08
0.000167898,4.36916e-08
0.000168285,4.38933e-08
0.000168673,4.4096e-08
0.000169062,4.42995e-08
0.000169452,4.45041e-08
0.000169842,4.47095e-08
0.000170234,4.49159e-08
0.000170626,4.51233e-08
0.00017102,4.53316e-08
0.000171414,4.55409e-08
0.000171809,4.57511e-08
0.000172206,4.59624e-08
0.000172603,4.61746e-08
0.000173001,4.63877e-08
0.000173399,4.66019e-08
0.000173799,4.6817e-08
0.0001742,4.70332e-08
0.000174602,4.72503e-08
0.000175004,4.74685e-08
0.000175408,4.76876e-08
0.000175812,4.79078e-08
0.000176218,4.81289e-08
0.000176624,4.83511e-08
0.000177031,4.85744e-08
0.000177439,4.87986e-08
0.000177848,4.90239e-08
0.000178258,4.92502e-08
0.000178669,4.94776e-08
0.000179081,4.9706e-08
0.000179494,4.99355e-08
0.000179908,5.01661e-08
0.000180323,5.03977e-08
0.000180739,5.06303e-08
0.000181156,5.08641e-08
0.000181573,5.10989e-08
0.000181992,5.13348e-08
0.000182411,5.15718e-08
0.000182832,5.18099e-08
0.000183254,5.20491e-08
0.000183676,5.22894e-08
0.0001841,5.25308e-08
0.000184524,5.27733e-08
0.00018495,5.30169e-08
0.000185376,5.32617e-08
0.000185803,5.35076e-08
0.000186232,5.37546e-08
0.000186661,5.40028e-08
0.000187092,5.42521e-08
0.000187523,5.45026e-08
0.000187955,5.47542e-08
0.000188389,5.5007e-08
0.000188823,5.52609e-08
0.000189259,5.55161e-08
0.000189695,5.57724e-08
0.000190132,5.60299e-08
0.000190571,5.62885e-08
0.00019101,5.65484e-08
0.00019145,5.68095e-08
0.000191892,5.70717e-08
0.000192334,5.73352e-08
0.000192778,5.75999e-08
0.000193222,5.78659e-08
0.000193668,5.8133e-08
0.000194114,5.84014e-08
0.000194562,5.8671e-08
0.000195011,5.89419e-08
0.00019546,5.9214e-08
0.000195911,5.94874e-08
0.000196363,5.9762e-08
0.000196815,6.00379e-08
0.000197269,6.03151e-08
0.000197724,6.05935e-08
0.00019818,6.08733e-08
0.000198637,6.11543e-08
0.000199095,6.14367e-08
0.000199554,6.17203e-08
0.000200014,6.20052e-08
0.000200475,6.22915e-08
0.000200937,6.25791e-08
0.000201401,6.2868e-08
0.000201865,6.31582e-08
0.00020233,6.34498e-08
0.000202797,6.37427e-08
0.000203265,6.4037e-08
0.000203733,6.43327e-08
0.000204203,6.46297e-08
0.000204674,6.4928e-08
0.000205146,6.52278e-08
0.000205619,6.55289e-08
0.000206093,6.58315e-08
0.000206568,6.61354e-08
0.000207044,6.64407e-08
0.000207522,6.67475e-08
0.000208,6.70556e-08
0.00020848,6.73652e-08
0.00020896,6.76762e-08
0.000209442,6.79886e-08
0.000209925,6.83025e-08
0.000210409,6.86179e-08
0.000210894,6.89346e-08
0.000211381,6.92529e-08
0.000211868,6.95726e-08
0.000212356,6.98938e-08
0.000212846,7.02165e-08
0.000213337,7.05407e-08
0.000213829,7.08663e-08
0.000214322,7.11935e-08
0.000214816,7.15222e-08
0.000215311,7.18524e-08
0.000215808,7.21841e-08
0.000216305,7.25174e-08
0.000216804,7.28521e-08
0.000217304,7.31885e-08
0.000217805,7.35264e-08
0.000218307,7.38658e-08
0.00021881,7.42068e-08
0.000219315,7.45494e-08
0.000219821,7.48936e-08
0.000220327,7.52394e-08
0.000220835,7.55867e-08
0.000221345,7.59357e-08
0.000221855,7.62863e-08
0.000222367,7.66385e-08
0.000222879,7.69923e-08
0.000223393,7.73477e-08
0.000223908,7.77048e-08
0.000224424,7.80636e-08
0.000224942,7.8424e-08
0.000225461,7.8786e-08
0.00022598,7.91497e-08
0.000226501,7.95152e-08
0.000227024,7.98823e-08
0.000227547,8.02511e-08
0.000228072,8.06215e-08
0.000228598,8.09938e-08
0.000229125,8.13677e-08
0.000229653,8.17433e-08
0.000230183,8.21207e-08
0.000230713,8.24998e-08
0.000231245,8.28807e-08
0.000231778,8.32634e-08
0.000232313,8.36478e-08
0.000232848,8.40339e-08
0.000233385,8.44219e-08
0.000233923,8.48117e-08
0.000234463,8.52032e-08
0.000235003,8.55966e-08
0.000235545,8.59917e-08
0.000236088,8.63887e-08
0.000236633,8.67876e-08
0.000237178,8.71882e-08
0.000237725,8.75908e-08
0.000238273,8.79952e-08
0.000238823,8.84014e-08
0.000239373,8.88095e-08
0.000239925,8.92195e-08
0.000240478,8.96314e-08
0.000241033,9.00452e-08
0.000241589,9.04609e-08
0.000242146,9.08786e-08
0.000242704,9.12981e-08
0.000243264,9.17196e-08
0.000243825,9.21431e-08
0.000244387,9.25685e-08
0.00024495,9.29958e-08
0.000245515,9.34252e-08
0.000246081,9.38565e-08
0.000246648,9.42898e-08
0.000247217,9.47251e-08
0.000247787,9.51624e-08
0.000248358,9.56018e-08
0.000248931,9.60431e-08
0.000249505,9.64865e-08
0.00025008,9.6932e-08
0.000250657,9.73795e-08
0.000251235,9.78291e-08
0.000251814,9.82807e-08
0.000252395,9.87345e-08
0.000252977,9.91903e-08
0.00025356,9.96482e-08
0.000254145,1.00108e-07
0.000254731,1.0057e-07
0.000255318,1.01035e-07
0.000255907,1.01501e-07
0.000256497,1.0197e-07
0.000257088,1.02441e-07
0.000257681,1.02913e-07
0.000258275,1.03389e-07
0.000258871,1.03866e-07
0.000259467,1.04345e-07
0.000260066,1.04827e-07
0.000260665,1.05311e-07
0.000261266,1.05797e-07
0.000261869,1.06286e-07
0.000262473,1.06776e-07
0.000263078,1.07269e-07
0.000263684,1.07765e-07
0.000264292,1.08262e-07
0.000264902,1.08762e-07
0.000265512,1.09264e-07
0.000266125,1.09769e-07
0.000266738,1.10275e-07
0.000267353,1.10784e-07
0.00026797,1.11296e-07
0.000268588,1.1181e-07
0.000269207,1.12326e-07
0.000269828,1.12844e-07
0.00027045,1.13365e-07
0.000271073,1.13889e-07
0.000271698,1.14415e-07
0.000272325,1.14943e-07
0.000272953,1.15474e-07
0.000273582,1.16007e-07
0.000274213,1.16542e-07
0.000274845,1.1708e-07
0.000275479,1.17621e-07
0.000276114,1.18164e-07
0.000276751,1.18709e-07
0.000277389,1.19257e-07
0.000278028,1.19808e-07
0.000278669,1.20361e-07
0.000279312,1.20917e-07
0.000279956,1.21475e-07
0.000280601,1.22036e-07
0.000281248,1.22599e-07
0.000281897,1.23165e-07
0.000282547,1.23734e-07
0.000283198,1.24305e-07
0.000283851,1.24879e-07
0.000284506,1.25455e-07
0.000285162,1.26035e-07
0.000285819,1.26617e-07
0.000286478,1.27201e-07
0.000287139,1.27788e-07
0.000287801,1.28378e-07
0.000288464,1.28971e-07
0.000289129,1.29566e-07
0.000289796,1.30165e-07
0.000290464,1.30765e-07
0.000291134,1.31369e-07
0.000291805,1.31976e-07
0.000292478,1.32585e-07
0.000293152,1.33197e-07
0.000293828,1.33812e-07
0.000294506,1.3443e-07
0.000295185,1.3505e-07
0.000295865,1.35674e-07
0.000296548,1.363e-07
0.000297231,1.3693e-07
0.000297917,1.37562e-07
0.000298604,1.38197e-07
0.000299292,1.38835e-07
0.000299982,1.39476e-07
0.000300674,1.4012e-07
0.000301367,1.40767e-07
0.000302062,1.41416e-07
0.000302758,1.42069e-07
0.000303456,1.42725e-07
0.000304156,1.43384e-07
0.000304857,1.44046e-07
0.00030556,1.44711e-07
0.000306265,1.45379e-07
0.000306971,1.4605e-07
0.000307679,1.46725e-07
0.000308388,1.47402e-07
0.000309099,1.48083e-07
0.000309812,1.48766e-07
0.000310526,1.49453e-07
0.000311242,1.50143e-07
0.00031196,1.50836e-07
0.000312679,1.51533e-07
0.0003134,1.52232e-07
0.000314123,1.52935e-07
0.000314847,1.53641e-07
0.000315573,1.5435e-07
0.000316301,1.55063e-07
0.00031703,1.55779e-07
0.000317761,1.56498e-07
0.000318494,1.5722e-07
0.000319228,1.57946e-07
0.000319964,1.58676e-07
0.000320702,1.59408e-07
0.000321441,1.60144e-07
0.000322182,1.60883e-07
0.000322925,1.61626e-07
0.00032367,1.62372e-07
0.000324416,1.63122e-07
0.000325164,1.63875e-07
0.000325914,1.64632e-07
0.000326665,1.65392e-07
0.000327418,1.66155e-07
0.000328173,1.66922e-07
0.00032893,1.67693e-07
0.000329688,1.68467e-07
0.000330449,1.69245e-07
0.00033121,1.70026e-07
0.000331974,1.70811e-07
0.00033274,1.716e-07
0.000333507,1.72392e-07
0.000334276,1.73188e-07
0.000335046,1.73987e-07
0.000335819,1.74791e-07
0.000336593,1.75598e-07
0.000337369,1.76408e-07
0.000338147,1.77223e-07
0.000338927,1.78041e-07
0.000339708,1.78863e-07
0.000340492,1.79689e-07
0.000341277,1.80518e-07
0.000342064,1.81352e-07
0.000342852,1.82189e-07
0.000343643,1.8303e-07
0.000344435,1.83875e-07
0.000345229,1.84724e-07
0.000346025,1.85577e-07
0.000346823,1.86433e-07
0.000347623,1.87294e-07
0.000348424,1.88159e-07
0.000349228,1.89028e-07
0.000350033,1.899e-07
0.00035084,1.90777e-07
0.000351649,1.91658e-07
0.00035246,1.92543e-07
0.000353272,1.93431e-07
0.000354087,1.94324e-07
0.000354903,1.95222e-07
0.000355722,1.96123e-07
0.000356542,1.97028e-07
0.000357364,1.97938e-07
0.000358188,1.98852e-07
0.000359014,1.9977e-07
0.000359841,2.00692e-07
0.000360671,2.01619e-07
0.000361503,2.02549e-07
0.000362336,2.03485e-07
0.000363172,2.04424e-07
0.000364009,2.05368e-07
0.000364848,2.06316e-07
0.00036569,2.07268e-07
0.000366533,2.08225e-07
0.000367378,2.09187e-07
0.000368225,2.10152e-07
0.000369074,2.11123e-07
0.000369925,2.12097e-07
0.000370778,2.13076e-07
0.000371633,2.1406e-07
0.00037249,2.15048e-07
0.000373349,2.16041e-07
0.000374209,2.17039e-07
0.000375072,2.18041e-07
0.000375937,2.19047e-07
0.000376804,2.20059e-07
0.000377673,2.21075e-07
0.000378543,2.22095e-07
0.000379416,2.23121e-07
0.000380291,2.24151e-07
0.000381168,2.25185e-07
0.000382047,2.26225e-07
0.000382928,2.27269e-07
0.00038381,2.28319e-07
0.000384695,2.29373e-07
0.000385582,2.30432e-07
0.000386471,2.31496e-07
0.000387363,2.32564e-07
0.000388256,2.33638e-07
0.000389151,2.34717e-07
0.000390048,2.358e-07
0.000390947,2.36889e-07
0.000391849,2.37983e-07
0.000392752,2.39081e-07
0.000393658,2.40185e-07
0.000394566,2.41294e-07
0.000395475,2.42408e-07
0.000396387,2.43527e-07
0.000397301,2.44651e-07
0.000398217,2.45781e-07
0.000399135,2.46915e-07
0.000400056,2.48055e-07
0.000400978,2.49201e-07
0.000401903,2.50351e-07
0.000402829,2.51507e-07
0.000403758,2.52668e-07
0.000404689,2.53835e-07
0.000405622,2.55006e-07
0.000406557,2.56184e-07
0.000407495,2.57366e-07
0.000408434,2.58555e-07
0.000409376,2.59748e-07
0.00041032,2.60947e-07
0.000411266,2.62152e-07
0.000412214,2.63362e-07
0.000413165,2.64578e-07
0.000414117,2.658e-07
0.000415072,2.67027e-07
0.000416029,2.6826e-07
0.000416988,2.69498e-07
0.00041795,2.70742e-07
0.000418914,2.71992e-07
0.000419879,2.73248e-07
0.000420848,2.7451e-07
0.000421818,2.75777e-07
0.000422791,2.7705e-07
0.000423765,2.78329e-07
0.000424742,2.79614e-07
0.000425722,2.80905e-07
0.000426703,2.82202e-07
0.000427687,2.83505e-07
0.000428673,2.84814e-07
0.000429662,2.86128e-07
0.000430652,2.87449e-07
0.000431645,2.88777e-07
0.000432641,2.9011e-07
0.000433638,2.91449e-07
0.000434638,2.92795e-07
0.00043564,2.94146e-07
0.000436645,2.95504e-07
0.000437651,2.96869e-07
0.00043866,2.98239e-07
0.000439672,2.99616e-07
0.000440686,3.00999e-07
0.000441702,3.02389e-07
0.00044272,3.03785e-07
0.000443741,3.05187e-07
0.000444764,3.06596e-07
0.000445789,3.08012e-07
0.000446817,3.09434e-07
0.000447848,3.10862e-07
0.00044888,3.12298e-07
0.000449915,3.13739e-07
0.000450953,3.15188e-07
0.000451992,3.16643e-07
0.000453034,3.18105e-07
0.000454079,3.19573e-07
0.000455126,3.21049e-07
0.000456175,3.22531e-07
0.000457227,3.2402e-07
0.000458281,3.25516e-07
0.000459338,3.27019e-07
0.000460397,3.28529e-07
0.000461459,3.30045e-07
0.000462523,3.31569e-07
0.000463589,3.331e-07
0.000464658,3.34638e-07
0.000465729,3.36183e-07
0.000466803,3.37735e-07
0.00046788,3.39294e-07
0.000468958,3.4086e-07
0.00047004,3.42434e-07
0.000471123,3.44015e-07
0.00047221,3.45603e-07
0.000473298,3.47199e-07
0.00047439,3.48801e-07
0.000475483,3.50412e-07
0.00047658,3.5203e-07
0.000477679,3.53655e-07
0.00047878,3.55287e-07
0.000479884,3.56928e-07
0.00048099,3.58576e-07
0.000482099,3.60231e-07
0.000483211,3.61894e-07
0.000484325,3.63565e-07
0.000485442,3.65243e-07
0.000486561,3.6693e-07
0.000487683,3.68624e-07
0.000488807,3.70325e-07
0.000489935,3.72035e-07
0.000491064,3.73753e-07
0.000492196,3.75478e-07
0.000493331,3.77212e-07
0.000494469,3.78953e-07
0.000495609,3.80703e-07
0.000496752,3.8246e-07
0.000497897,3.84226e-07
0.000499045,3.86e-07
0.000500196,3.87782e-07
0.000501349,3.89572e-07
0.000502505,3.91371e-07
0.000503663,3.93178e-07
0.000504825,3.94993e-07
0.000505989,3.96816e-07
0.000507155,3.98648e-07
0.000508325,4.00489e-07
0.000509497,4.02338e-07
0.000510672,4.04195e-07
0.000511849,4.06061e-07
0.000513029,4.07936e-07
0.000514212,4.09819e-07
0.000515398,4.11711e-07
0.000516586,4.13612e-07
0.000517777,4.15521e-07
0.000518971,4.1744e-07
0.000520168,4.19367e-07
0.000521367,4.21303e-07
0.000522569,4.23248e-07
0.000523774,4.25202e-07
0.000524982,4.27165e-07
0.000526192,4.29137e-07
0.000527405,4.31119e-07
0.000528621,4.33109e-07
0.00052984,4.35108e-07
0.000531062,4.37117e-07
0.000532286,4.39135e-07
0.000533514,4.41163e-07
0.000534744,4.43199e-07
0.000535977,4.45245e-07
0.000537212,4.47301e-07
0.000538451,4.49366e-07
0.000539693,4.51441e-07
0.000540937,4.53525e-07
0.000542184,4.55619e-07
0.000543434,4.57722e-07
0.000544687,4.59835e-07
0.000545943,4.61958e-07
0.000547202,4.64091e-07
0.000548464,4.66234e-07
0.000549728,4.68386e-07
0.000550996,4.70548e-07
0.000552266,4.72721e-07
0.00055354,4.74903e-07
0.000554816,4.77096e-07
0.000556095,4.79298e-07
0.000557377,4.81511e-07
0.000558662,4.83734e-07
0.00055995,4.85967e-07
0.000561242,4.88211e-07
0.000562536,4.90465e-07
0.000563833,4.92729e-07
0.000565133,4.95004e-07
0.000566436,4.97289e-07
0.000567742,4.99585e-07
0.000569051,5.01892e-07
0.000570363,5.04209e-07
0.000571678,5.06536e-07
0.000572996,5.08875e-07
0.000574317,5.11224e-07
0.000575641,5.13584e-07
0.000576969,5.15956e-07
0.000578299,5.18338e-07
0.000579632,5.20731e-07
0.000580969,5.23135e-07
0.000582308,5.2555e-07
0.000583651,5.27976e-07
0.000584997,5.30414e-07
0.000586346,5.32862e-07
0.000587697,5.35322e-07
0.000589053,5.37794e-07
0.000590411,5.40277e-07
0.000591772,5.42771e-07
0.000593136,5.45277e-07
0.000594504,5.47794e-07
0.000595875,5.50323e-07
0.000597249,5.52864e-07
0.000598626,5.55416e-07
0.000600006,5.57981e-07
0.000601389,5.60557e-07
0.000602776,5.63145e-07
0.000604166,5.65744e-07
0.000605559,5.68356e-07
0.000606955,5.7098e-07
0.000608355,5.73616e-07
0.000609757,5.76264e-07
0.000611163,5.78925e-07
0.000612572,5.81598e-07
0.000613985,5.84283e-07
0.0006154,5.8698e-07
0.000616819,5.8969e-07
0.000618242,5.92413e-07
0.000619667,5.95148e-07
0.000621096,5.97895e-07
0.000622528,6.00655e-07
0.000623963,6.03429e-07
0.000625402,6.06214e-07
0.000626844,6.09013e-07
0.000628289,6.11825e-07
0.000629738,6.14649e-07
0.00063119,6.17487e-07
0.000632645,6.20338e-07
0.000634104,6.23202e-07
0.000635566,6.26079e-07
0.000637031,6.28969e-07
0.0006385,6.31873e-07
0.000639972,6.3479e-07
0.000641448,6.37721e-07
0.000642927,6.40665e-07
0.000644409,6.43623e-07
0.000645895,6.46594e-07
0.000647384,6.49579e-07
0.000648877,6.52578e-07
0.000650373,6.55591e-07
0.000651873,6.58618e-07
0.000653376,6.61658e-07
0.000654882,6.64713e-07
0.000656392,6.67782e-07
0.000657906,6.70865e-07
0.000659423,6.73962e-07
0.000660943,6.77074e-07
0.000662467,6.80199e-07
0.000663994,6.8334e-07
0.000665525,6.86494e-07
0.00066706,6.89664e-07
0.000668598,6.92848e-07
0.00067014,6.96046e-07
0.000671685,6.9926e-07
0.000673233,7.02488e-07
0.000674786,7.05731e-07
0.000676341,7.0899e-07
0.000677901,7.12263e-07
0.000679464,7.15551e-07
0.000681031,7.18855e-07
0.000682601,7.22173e-07
0.000684175,7.25507e-07
0.000685752,7.28857e-07
0.000687333,7.32222e-07
0.000688918,7.35602e-07
0.000690507,7.38998e-07
0.000692099,7.4241e-07
0.000693694,7.45838e-07
0.000695294,7.49281e-07
0.000696897,7.5274e-07
0.000698504,7.56215e-07
0.000700114,7.59706e-07
0.000701729,7.63214e-07
0.000703347,7.66737e-07
0.000704968,7.70277e-07
0.000706594,7.73833e-07
0.000708223,7.77406e-07
0.000709856,7.80995e-07
0.000711493,7.84601e-07
0.000713133,7.88223e-07
0.000714777,7.91862e-07
0.000716425,7.95518e-07
0.000718077,7.9919e-07
0.000719733,8.0288e-07
0.000721393,8.06587e-07
0.000723056,8.1031e-07
0.000724723,8.14051e-07
0.000726394,8.1781e-07
0.000728069,8.21585e-07
0.000729748,8.25378e-07
0.00073143,8.29189e-07
0.000733117,8.33017e-07
0.000734807,8.36863e-07
0.000736501,8.40726e-07
0.000738199,8.44608e-07
0.000739901,8.48507e-07
0.000741607,8.52424e-07
0.000743317,8.5636e-07
0.000745031,8.60313e-07
0.000746749,8.64285e-07
0.000748471,8.68275e-07
0.000750197,8.72284e-07
0.000751926,8.76311e-07
0.00075366,8.80357e-07
0.000755398,8.84421e-07
0.000757139,8.88504e-07
0.000758885,8.92606e-07
0.000760635,8.96727e-07
0.000762389,9.00867e-07
0.000764147,9.05026e-07
0.000765908,9.09204e-07
0.000767674,9.13402e-07
0.000769444,9.17619e-07
0.000771218,9.21855e-07
0.000772997,9.26111e-07
0.000774779,9.30386e-07
0.000776565,9.34682e-07
0.000778356,9.38997e-07
0.000780151,9.43332e-07
0.000781949,9.47687e-07
0.000783752,9.52062e-07
0.000785559,9.56458e-07
0.000787371,9.60873e-07
0.000789186,9.65309e-07
0.000791006,9.69766e-07
0.00079283,9.74243e-07
0.000794658,9.78741e-07
0.00079649,9.8326e-07
0.000798326,9.87799e-07
0.000800167,9.92359e-07
0.000802012,9.96941e-07
0.000803861,1.00154e-06
0.000805715,1.00617e-06
0.000807572,1.01081e-06
0.000809434,1.01548e-06
0.000811301,1.02017e-06
0.000813171,1.02488e-06
0.000815046,1.02961e-06
0.000816925,1.03436e-06
0.000818809,1.03914e-06
0.000820697,1.04393e-06
0.000822589,1.04875e-06
0.000824486,1.0536e-06
0.000826387,1.05846e-06
0.000828292,1.06335e-06
0.000830202,1.06826e-06
0.000832116,1.07319e-06
0.000834035,1.07814e-06
0.000835958,1.08312e-06
0.000837885,1.08812e-06
0.000839817,1.09314e-06
0.000841754,1.09819e-06
0.000843695,1.10326e-06
0.00084564,1.10835e-06
0.00084759,1.11347e-06
0.000849544,1.11861e-06
0.000851503,1.12378e-06
0.000853466,1.12896e-06
0.000855434,1.13418e-06
0.000857406,1.13941e-06
0.000859383,1.14467e-06
0.000861365,1.14996e-06
0.000863351,1.15527e-06
0.000865341,1.1606e-06
0.000867337,1.16596e-06
0.000869336,1.17134e-06
0.000871341,1.17675e-06
0.00087335,1.18218e-06
0.000875364,1.18764e-06
0.000877382,1.19312e-06
0.000879405,1.19863e-06
0.000881432,1.20416e-06
0.000883465,1.20972e-06
0.000885502,1.21531e-06
0.000887543,1.22092e-06
0.00088959,1.22656e-06
0.000891641,1.23222e-06
0.000893697,1.23791e-06
0.000895757,1.24362e-06
0.000897823,1.24936e-06
0.000899893,1.25513e-06
0.000901968,1.26093e-06
0.000904047,1.26675e-06
0.000906132,1.2726e-06
0.000908221,1.27847e-06
0.000910315,1.28437e-06
0.000912414,1.2903e-06
0.000914518,1.29626e-06
0.000916627,1.30224e-06
0.00091874,1.30826e-06
0.000920858,1.3143e-06
0.000922982,1.32036e-06
0.00092511,1.32646e-06
0.000927243,1.33258e-06
0.000929381,1.33874e-06
0.000931524,1.34492e-06
0.000933671,1.35113e-06
0.000935824,1.35736e-06
0.000937982,1.36363e-06
0.000940145,1.36993e-06
0.000942312,1.37625e-06
0.000944485,1.3826e-06
0.000946663,1.38899e-06
0.000948845,1.3954e-06
0.000951033,1.40184e-06
0.000953226,1.40831e-06
0.000955424,1.41482e-06
0.000957627,1.42135e-06
0.000959835,1.42791e-06
0.000962048,1.4345e-06
0.000964266,1.44112e-06
0.000966489,1.44778e-06
0.000968718,1.45446e-06
0.000970951,1.46118e-06
0.00097319,1.46792e-06
0.000975434,1.4747e-06
0.000977683,1.48151e-06
0.000979937,1.48835e-06
0.000982197,1.49522e-06
0.000984461,1.50212e-06
0.000986731,1.50906e-06
0.000989006,1.51602e-06
0.000991287,1.52302e-06
0.000993572,1.53005e-06
0.000995863,1.53712e-06
0.000998159,1.54421e-06
0.00100046,1.55134e-06
0.00100277,1.5585e-06
0.00100508,1.5657e-06
0.0010074,1.57293e-06
0.00100972,1.58019e-06
0.00101205,1.58749e-06
0.00101438,1.59481e-06
0.00101672,1.60218e-06
0.00101906,1.60957e-06
0.00102141,1.617e-06
0.00102377,1.62447e-06
0.00102613,1.63197e-06
0.0010285,1.6395e-06
0.00103087,1.64707e-06
0.00103324,1.65468e-06
0.00103563,1.66232e-06
0.00103801,1.66999e-06
0.00104041,1.6777e-06
0.00104281,1.68545e-06
0.00104521,1.69323e-06
0.00104762,1.70104e-06
0.00105004,1.7089e-06
0.00105246,1.71679e-06
0.00105488,1.72471e-06
0.00105732,1.73268e-06
0.00105975,1.74067e-06
0.0010622,1.74871e-06
0.00106465,1.75678e-06
0.0010671,1.76489e-06
0.00106956,1.77304e-06
0.00107203,1.78123e-06
0.0010745,1.78945e-06
0.00107698,1.79771e-06
0.00107946,1.80601e-06
0.00108195,1.81435e-06
0.00108444,1.82273e-06
0.00108694,1.83114e-06
0.00108945,1.8396e-06
0.00109196,1.84809e-06
0.00109448,1.85662e-06
0.001097,1.86519e-06
0.00109953,1.8738e-06
0.00110207,1.88245e-06
0.00110461,1.89114e-06
0.00110716,1.89988e-06
0.00110971,1.90865e-06
0.00111227,1.91746e-06
0.00111483,1.92631e-06
0.0011174,1.9352e-06
0.00111998,1.94414e-06
0.00112256,1.95311e-06
0.00112515,1.96213e-06
0.00112774,1.97119e-06
0.00113034,1.98029e-06
0.00113295,1.98943e-06
0.00113556,1.99862e-06
0.00113818,2.00784e-06
0.00114081,2.01711e-06
0.00114344,2.02643e-06
0.00114607,2.03578e-06
0.00114871,2.04518e-06
0.00115136,2.05462e-06
0.00115402,2.06411e-06
0.00115668,2.07364e-06
0.00115935,2.08321e-06
0.00116202,2.09283e-06
0.0011647,2.10249e-06
0.00116738,2.1122e-06
0.00117007,2.12195e-06
0.00117277,2.13174e-06
0.00117548,2.14159e-06
0.00117819,2.15147e-06
0.0011809,2.16141e-06
0.00118363,2.17138e-06
0.00118636,2.18141e-06
0.00118909,2.19148e-06
0.00119183,2.2016e-06
0.00119458,2.21176e-06
0.00119733,2.22197e-06
0.0012001,2.23223e-06
0.00120286,2.24254e-06
0.00120564,2.25289e-06
0.00120842,2.26329e-06
0.0012112,2.27374e-06
0.00121399,2.28424e-06
0.00121679,2.29478e-06
0.0012196,2.30538e-06
0.00122241,2.31602e-06
0.00122523,2.32671e-06
0.00122806,2.33745e-06
0.00123089,2.34825e-06
0.00123372,2.35909e-06
0.00123657,2.36998e-06
0.00123942,2.38092e-06
0.00124228,2.39191e-06
0.00124514,2.40295e-06
0.00124801,2.41405e-06
0.00125089,2.42519e-06
0.00125378,2.43639e-06
0.00125667,2.44764e-06
0.00125956,2.45894e-06
0.00126247,2.47029e-06
0.00126538,2.48169e-06
0.0012683,2.49315e-06
0.00127122,2.50466e-06
0.00127415,2.51622e-06
0.00127709,2.52784e-06
0.00128003,2.53951e-06
0.00128299,2.55124e-06
0.00128594,2.56301e-06
0.00128891,2.57485e-06
0.00129188,2.58673e-06
0.00129486,2.59868e-06
0.00129784,2.61067e-06
0.00130084,2.62273e-06
0.00130384,2.63483e-06
0.00130684,2.647e-06
0.00130986,2.65922e-06
0.00131288,2.6715e-06
0.0013159,2.68383e-06
0.00131894,2.69622e-06
0.00132198,2.70867e-06
0.00132503,2.72117e-06
0.00132808,2.73374e-06
0.00133114,2.74636e-06
0.00133421,2.75904e-06
0.00133729,2.77177e-06
0.00134037,2.78457e-06
0.00134346,2.79743e-06
0.00134656,2.81034e-06
0.00134967,2.82332e-06
0.00135278,2.83635e-06
0.0013559,2.84944e-06
0.00135902,2.8626e-06
0.00136216,2.87582e-06
0.0013653,2.88909e-06
0.00136844,2.90243e-06
0.0013716,2.91583e-06
0.00137476,2.92929e-06
0.00137793,2.94281e-06
0.00138111,2.9564e-06
0.00138429,2.97005e-06
0.00138749,2.98376e-06
0.00139068,2.99754e-06
0.00139389,3.01138e-06
0.0013971,3.02528e-06
0.00140033,3.03925e-06
0.00140356,3.05328e-06
0.00140679,3.06737e-06
0.00141003,3.08153e-06
0.00141329,3.09576e-06
0.00141654,3.11005e-06
0.00141981,3.12441e-06
0.00142308,3.13884e-06
0.00142637,3.15333e-06
0.00142965,3.16788e-06
0.00143295,3.18251e-06
0.00143625,3.1972e-06
0.00143957,3.21196e-06
0.00144289,3.22679e-06
0.00144621,3.24169e-06
0.00144955,3.25665e-06
0.00145289,3.27169e-06
0.00145624,3.28679e-06
0.0014596,3.30197e-06
0.00146296,3.31721e-06
0.00146634,3.33253e-06
0.00146972,3.34791e-06
0.0014731,3.36337e-06
0.0014765,3.3789e-06
0.00147991,3.3945e-06
0.00148332,3.41017e-06
0.00148674,3.42591e-06
0.00149017,3.44173e-06
0.0014936,3.45762e-06
0.00149705,3.47358e-06
0.0015005,3.48962e-06
0.00150396,3.50573e-06
0.00150742,3.52191e-06
0.0015109,3.53817e-06
0.00151438,3.55451e-06
0.00151788,3.57092e-06
0.00152138,3.5874e-06
0.00152488,3.60396e-06
0.0015284,3.6206e-06
0.00153192,3.63732e-06
0.00153546,3.65411e-06
0.001539,3.67098e-06
0.00154254,3.68793e-06
0.0015461,3.70495e-06
0.00154967,3.72206e-06
0.00155324,3.73924e-06
0.00155682,3.7565e-06
0.00156041,3.77385e-06
0.00156401,3.79127e-06
0.00156761,3.80877e-06
0.00157123,3.82636e-06
0.00157485,3.84402e-06
0.00157848,3.86177e-06
0.00158212,3.8796e-06
0.00158577,3.89751e-06
0.00158943,3.9155e-06
0.00159309,3.93358e-06
0.00159676,3.95174e-06
0.00160045,3.96998e-06
0.00160414,3.98831e-06
0.00160783,4.00672e-06
0.00161154,4.02522e-06
0.00161526,4.04381e-06
0.00161898,4.06247e-06
0.00162271,4.08123e-06
0.00162646,4.10007e-06
0.00163021,4.119e-06
0.00163396,4.13802e-06
0.00163773,4.15712e-06
0.00164151,4.17631e-06
0.00164529,4.19559e-06
0.00164909,4.21496e-06
0.00165289,4.23442e-06
0.0016567,4.25397e-06
0.00166052,4.27361e-06
0.00166435,4.29334e-06
0.00166819,4.31316e-06
0.00167203,4.33308e-06
0.00167589,4.35308e-06
0.00167975,4.37318e-06
0.00168362,4.39337e-06
0.00168751,4.41365e-06
0.0016914,4.43403e-06
0.0016953,4.4545e-06
0.00169921,4.47506e-06
0.00170312,4.49572e-06
0.00170705,4.51648e-06
0.00171099,4.53733e-06
0.00171493,4.55828e-06
0.00171889,4.57932e-06
0.00172285,4.60046e-06
0.00172682,4.6217e-06
0.0017308,4.64304e-06
0.00173479,4.66447e-06
0.00173879,4.68601e-06
0.0017428,4.70764e-06
0.00174682,4.72937e-06
0.00175085,4.75121e-06
0.00175489,4.77314e-06
0.00175893,4.79518e-06
0.00176299,4.81732e-06
0.00176705,4.83956e-06
0.00177113,4.8619e-06
0.00177521,4.88435e-06
0.0017793,4.9069e-06
0.00178341,4.92955e-06
0.00178752,4.95231e-06
0.00179164,4.97517e-06
0.00179577,4.99814e-06
0.00179991,5.02122e-06
0.00180406,5.0444e-06
0.00180822,5.06769e-06
0.00181239,5.09108e-06
0.00181657,5.11459e-06
0.00182076,5.1382e-06
0.00182496,5.16192e-06
0.00182916,5.18575e-06
0.00183338,5.20969e-06
0.00183761,5.23374e-06
0.00184184,5.25791e-06
0.00184609,5.28218e-06
0.00185035,5.30657e-06
0.00185461,5.33107e-06
0.00185889,5.35568e-06
0.00186318,5.3804e-06
0.00186747,5.40524e-06
0.00187178,5.4302e-06
0.00187609,5.45527e-06
0.00188042,5.48045e-06
0.00188476,5.50575e-06
0.0018891,5.53117e-06
0.00189346,5.55671e-06
0.00189782,5.58236e-06
0.0019022,5.60813e-06
0.00190658,5.63402e-06
0.00191098,5.66004e-06
0.00191539,5.68617e-06
0.0019198,5.71242e-06
0.00192423,5.73879e-06
0.00192867,5.76528e-06
0.00193311,5.7919e-06
0.00193757,5.81864e-06
0.00194204,5.8455e-06
0.00194652,5.87249e-06
0.001951,5.8996e-06
0.0019555,5.92684e-06
0.00196001,5.9542e-06
0.00196453,5.98169e-06
0.00196906,6.00931e-06
0.0019736,6.03705e-06
0.00197815,6.06492e-06
0.00198271,6.09292e-06
0.00198728,6.12105e-06
0.00199186,6.14931e-06
0.00199646,6.1777e-06
0.00200106,6.20622e-06
0.00200567,6.23487e-06
0.0020103,6.26365e-06
0.00201493,6.29257e-06
0.00201958,6.32162e-06
0.00202424,6.35081e-06
0.0020289,6.38013e-06
0.00203358,6.40958e-06
0.00203827,6.43917e-06
0.00204297,6.4689e-06
0.00204768,6.49877e-06
0.0020524,6.52877e-06
0.00205713,6.55891e-06
0.00206188,6.58919e-06
0.00206663,6.61961e-06
0.0020714,6.65017e-06
0.00207617,6.68087e-06
0.00208096,6.71172e-06
0.00208576,6.7427e-06
0.00209057,6.77383e-06
0.00209539,6.80511e-06
0.00210022,6.83652e-06
0.00210506,6.86809e-06
0.00210991,6.89979e-06
0.00211478,6.93165e-06
0.00211966,6.96365e-06
0.00212454,6.9958e-06
0.00212944,7.0281e-06
0.00213435,7.06054e-06
0.00213927,7.09314e-06
0.0021442,7.12588e-06
0.00214915,7.15878e-06
0.0021541,7.19183e-06
0.00215907,7.22504e-06
0.00216405,7.25839e-06
0.00216904,7.2919e-06
0.00217404,7.32557e-06
0.00217905,7.35939e-06
0.00218408,7.39336e-06
0.00218911,7.42749e-06
0.00219416,7.46178e-06
0.00219922,7.49623e-06
0.00220429,7.53084e-06
0.00220937,7.56561e-06
0.00221447,7.60054e-06
0.00221957,7.63563e-06
0.00222469,7.67088e-06
0.00222982,7.70629e-06
0.00223496,7.74187e-06
0.00224011,7.77761e-06
0.00224528,7.81352e-06
0.00225046,7.84959e-06
0.00225564,7.88583e-06
0.00226085,7.92224e-06
0.00226606,7.95881e-06
0.00227128,7.99555e-06
0.00227652,8.03247e-06
0.00228177,8.06955e-06
0.00228703,8.10681e-06
0.0022923,8.14423e-06
0.00229759,8.18183e-06
0.00230289,8.21961e-06
0.0023082,8.25755e-06
0.00231352,8.29568e-06
0.00231885,8.33397e-06
0.0023242,8.37245e-06
0.00232956,8.4111e-06
0.00233493,8.44993e-06
0.00234031,8.48894e-06
0.00234571,8.52814e-06
0.00235112,8.56751e-06
0.00235654,8.60706e-06
0.00236197,8.6468e-06
0.00236742,8.68672e-06
0.00237288,8.72682e-06
0.00237835,8.76711e-06
0.00238383,8.80758e-06
0.00238933,8.84825e-06
0.00239484,8.8891e-06
0.00240036,8.93013e-06
0.00240589,8.97136e-06
0.00241144,9.01278e-06
0.002417,9.05439e-06
0.00242257,9.09619e-06
0.00242816,9.13819e-06
0.00243376,9.18037e-06
0.00243937,9.22276e-06
0.00244499,9.26533e-06
0.00245063,9.30811e-06
0.00245628,9.35108e-06
0.00246194,9.39425e-06
0.00246762,9.43762e-06
0.00247331,9.48119e-06
0.00247901,9.52497e-06
0.00248473,9.56894e-06
0.00249046,9.61312e-06
0.0024962,9.6575e-06
0.00250196,9.70208e-06
0.00250772,9.74688e-06
0.00251351,9.79187e-06
0.0025193,9.83708e-06
0.00252511,9.88249e-06
0.00253093,9.92812e-06
0.00253677,9.97395e-06
0.00254262,1.002e-05
0.00254848,1.00663e-05
0.00255436,1.01127e-05
0.00256025,1.01594e-05
0.00256615,1.02063e-05
0.00257207,1.02534e-05
0.002578,1.03008e-05
0.00258394,1.03483e-05
0.0025899,1.03961e-05
0.00259587,1.04441e-05
0.00260185,1.04923e-05
0.00260785,1.05408e-05
0.00261387,1.05894e-05
0.00261989,1.06383e-05
0.00262593,1.06874e-05
0.00263199,1.07368e-05
0.00263806,1.07863e-05
0.00264414,1.08361e-05
0.00265024,1.08862e-05
0.00265635,1.09364e-05
0.00266247,1.09869e-05
0.00266861,1.10376e-05
0.00267476,1.10886e-05
0.00268093,1.11398e-05
0.00268711,1.11912e-05
0.00269331,1.12429e-05
0.00269952,1.12948e-05
0.00270574,1.13469e-05
0.00271198,1.13993e-05
0.00271823,1.14519e-05
0.0027245,1.15048e-05
0.00273078,1.15579e-05
0.00273708,1.16113e-05
0.00274339,1.16649e-05
0.00274972,1.17187e-05
0.00275606,1.17728e-05
0.00276241,1.18272e-05
0.00276878,1.18818e-05
0.00277516,1.19367e-05
0.00278156,1.19918e-05
0.00278798,1.20471e-05
0.0027944,1.21027e-05
0.00280085,1.21586e-05
0.00280731,1.22147e-05
0.00281378,1.22711e-05
0.00282027,1.23278e-05
0.00282677,1.23847e-05
0.00283329,1.24419e-05
0.00283982,1.24993e-05
0.00284637,1.2557e-05
0.00285293,1.2615e-05
0.00285951,1.26732e-05
0.0028661,1.27317e-05
0.00287271,1.27905e-05
0.00287933,1.28496e-05
0.00288597,1.29089e-05
0.00289263,1.29685e-05
0.0028993,1.30284e-05
0.00290598,1.30885e-05
0.00291268,1.31489e-05
0.0029194,1.32096e-05
0.00292613,1.32706e-05
0.00293287,1.33319e-05
0.00293964,1.33934e-05
0.00294641,1.34553e-05
0.00295321,1.35174e-05
0.00296002,1.35798e-05
0.00296684,1.36425e-05
0.00297368,1.37055e-05
0.00298054,1.37687e-05
0.00298741,1.38323e-05
0.0029943,1.38962e-05
0.0030012,1.39603e-05
0.00300812,1.40248e-05
0.00301506,1.40895e-05
0.00302201,1.41546e-05
0.00302898,1.42199e-05
0.00303596,1.42856e-05
0.00304296,1.43515e-05
0.00304998,1.44178e-05
0.00305701,1.44843e-05
0.00306406,1.45512e-05
0.00307112,1.46184e-05
0.00307821,1.46859e-05
0.0030853,1.47537e-05
0.00309242,1.48218e-05
0.00309955,1.48902e-05
0.00310669,1.4959e-05
0.00311386,1.5028e-05
0.00312104,1.50974e-05
0.00312823,1.51671e-05
0.00313545,1.52371e-05
0.00314267,1.53075e-05
0.00314992,1.53781e-05
0.00315718,1.54491e-05
0.00316446,1.55205e-05
0.00317176,1.55921e-05
0.00317907,1.56641e-05
0.0031864,1.57364e-05
0.00319375,1.58091e-05
0.00320111,1.5882e-05
0.00320849,1.59554e-05
0.00321589,1.6029e-05
0.00322331,1.6103e-05
0.00323074,1.61774e-05
0.00323819,1.62521e-05
0.00324565,1.63271e-05
0.00325314,1.64025e-05
0.00326064,1.64782e-05
0.00326816,1.65543e-05
0.00327569,1.66307e-05
0.00328324,1.67075e-05
0.00329081,1.67846e-05
0.0032984,1.68621e-05
0.00330601,1.69399e-05
0.00331363,1.70181e-05
0.00332127,1.70967e-05
0.00332893,1.71756e-05
0.0033366,1.72549e-05
0.0033443,1.73346e-05
0.00335201,1.74146e-05
0.00335974,1.7495e-05
0.00336748,1.75758e-05
0.00337525,1.76569e-05
0.00338303,1.77384e-05
0.00339083,1.78203e-05
0.00339865,1.79026e-05
0.00340648,1.79853e-05
0.00341434,1.80683e-05
0.00342221,1.81517e-05
0.0034301,1.82355e-05
0.00343801,1.83197e-05
0.00344594,1.84043e-05
0.00345388,1.84892e-05
0.00346185,1.85746e-05
0.00346983,1.86603e-05
0.00347783,1.87465e-05
0.00348585,1.8833e-05
0.00349389,1.892e-05
0.00350194,1.90073e-05
0.00351002,1.90951e-05
0.00351811,1.91832e-05
0.00352622,1.92718e-05
0.00353435,1.93608e-05
0.0035425,1.94502e-05
0.00355067,1.954e-05
0.00355885,1.96302e-05
0.00356706,1.97208e-05
0.00357528,1.98118e-05
0.00358353,1.99033e-05
0.00359179,1.99952e-05
0.00360007,2.00875e-05
0.00360837,2.01802e-05
0.00361669,2.02734e-05
0.00362503,2.0367e-05
0.00363339,2.0461e-05
0.00364177,2.05555e-05
0.00365016,2.06504e-05
0.00365858,2.07457e-05
0.00366702,2.08415e-05
0.00367547,2.09377e-05
0.00368395,2.10344e-05
0.00369244,2.11315e-05
0.00370095,2.1229e-05
0.00370949,2.1327e-05
0.00371804,2.14255e-05
0.00372661,2.15244e-05
0.00373521,2.16238e-05
0.00374382,2.17236e-05
0.00375245,2.18239e-05
0.0037611,2.19247e-05
0.00376977,2.20259e-05
0.00377847,2.21276e-05
0.00378718,2.22297e-05
0.00379591,2.23324e-05
0.00380466,2.24355e-05
0.00381343,2.2539e-05
0.00382223,2.26431e-05
0.00383104,2.27476e-05
0.00383987,2.28526e-05
0.00384873,2.29581e-05
0.0038576,2.30641e-05
0.0038665,2.31706e-05
0.00387541,2.32776e-05
0.00388435,2.3385e-05
0.0038933,2.3493e-05
0.00390228,2.36015e-05
0.00391128,2.37104e-05
0.00392029,2.38199e-05
0.00392933,2.39299e-05
0.00393839,2.40403e-05
0.00394747,2.41513e-05
0.00395658,2.42628e-05
0.0039657,2.43748e-05
0.00397484,2.44874e-05
0.00398401,2.46004e-05
0.00399319,2.4714e-05
0.0040024,2.48281e-05
0.00401163,2.49427e-05
0.00402088,2.50579e-05
0.00403015,2.51735e-05
0.00403944,2.52898e-05
0.00404875,2.54065e-05
0.00405809,2.55238e-05
0.00406745,2.56416e-05
0.00407682,2.576e-05
0.00408622,2.58789e-05
0.00409565,2.59984e-05
0.00410509,2.61184e-05
0.00411455,2.6239e-05
0.00412404,2.63602e-05
0.00413355,2.64819e-05
0.00414308,2.66041e-05
0.00415263,2.67269e-05
0.00416221,2.68503e-05
0.00417181,2.69743e-05
0.00418142,2.70988e-05
0.00419107,2.72239e-05
0.00420073,2.73496e-05
0.00421041,2.74759e-05
0.00422012,2.76027e-05
0.00422985,2.77301e-05
0.00423961,2.78582e-05
0.00424938,2.79868e-05
0.00425918,2.8116e-05
0.004269,2.82458e-05
0.00427884,2.83762e-05
0.00428871,2.85072e-05
0.0042986,2.86388e-05
0.00430851,2.8771e-05
0.00431844,2.89038e-05
0.0043284,2.90373e-05
0.00433838,2.91713e-05
0.00434838,2.9306e-05
0.00435841,2.94413e-05
0.00436846,2.95772e-05
0.00437853,2.97138e-05
0.00438862,2.98509e-05
0.00439874,2.99888e-05
0.00440889,3.01272e-05
0.00441905,3.02663e-05
0.00442924,3.0406e-05
0.00443945,3.05464e-05
0.00444969,3.06874e-05
0.00445995,3.08291e-05
0.00447023,3.09714e-05
0.00448054,3.11144e-05
0.00449087,3.1258e-05
0.00450122,3.14023e-05
0.0045116,3.15473e-05
0.00452201,3.1693e-05
0.00453243,3.18393e-05
0.00454288,3.19863e-05
0.00455336,3.21339e-05
0.00456386,3.22823e-05
0.00457438,3.24313e-05
0.00458493,3.2581e-05
0.0045955,3.27315e-05
0.00460609,3.28826e-05
0.00461671,3.30344e-05
0.00462736,3.31869e-05
0.00463803,3.33401e-05
0.00464872,3.3494e-05
0.00465944,3.36486e-05
0.00467018,3.3804e-05
0.00468095,3.396e-05
0.00469174,3.41168e-05
0.00470256,3.42743e-05
0.0047134,3.44326e-05
0.00472427,3.45915e-05
0.00473516,3.47512e-05
0.00474608,3.49117e-05
0.00475703,3.50728e-05
0.00476799,3.52348e-05
0.00477899,3.53974e-05
0.00479001,3.55608e-05
0.00480105,3.5725e-05
0.00481212,3.58899e-05
0.00482322,3.60556e-05
0.00483434,3.62221e-05
0.00484548,3.63893e-05
0.00485666,3.65573e-05
0.00486785,3.67261e-05
0.00487908,3.68956e-05
0.00489033,3.7066e-05
0.0049016,3.72371e-05
0.0049129,3.7409e-05
0.00492423,3.75817e-05
0.00493559,3.77552e-05
0.00494697,3.79295e-05
0.00495837,3.81046e-05
0.0049698,3.82805e-05
0.00498126,3.84572e-05
0.00499275,3.86348e-05
0.00500426,3.88131e-05
0.0050158,3.89923e-05
0.00502736,3.91723e-05
0.00503895,3.93532e-05
0.00505057,3.95349e-05
0.00506222,3.97174e-05
0.00507389,3.99007e-05
0.00508559,4.00849e-05
0.00509731,4.027e-05
0.00510907,4.04559e-05
0.00512085,4.06427e-05
0.00513265,4.08303e-05
0.00514449,4.10188e-05
0.00515635,4.12082e-05
0.00516824,4.13984e-05
0.00518016,4.15895e-05
0.0051921,4.17815e-05
0.00520407,4.19744e-05
0.00521607,4.21682e-05
0.0052281,4.23629e-05
0.00524015,4.25585e-05
0.00525223,4.27549e-05
0.00526434,4.29523e-05
0.00527648,4.31506e-05
0.00528865,4.33498e-05
0.00530084,4.355e-05
0.00531306,4.3751e-05
0.00532531,4.3953e-05
0.00533759,4.41559e-05
0.0053499,4.43598e-05
0.00536224,4.45645e-05
0.0053746,4.47703e-05
0.00538699,4.4977e-05
0.00539941,4.51846e-05
0.00541186,4.53932e-05
0.00542434,4.56028e-05
0.00543685,4.58133e-05
0.00544938,4.60248e-05
0.00546195,4.62373e-05
0.00547454,4.64507e-05
0.00548716,4.66652e-05
0.00549981,4.68806e-05
0.0055125,4.7097e-05
0.00552521,4.73145e-05
0.00553795,4.75329e-05
0.00555071,4.77523e-05
0.00556351,4.79728e-05
0.00557634,4.81943e-05
0.0055892,4.84168e-05
0.00560208,4.86403e-05
0.005615,4.88648e-05
0.00562795,4.90904e-05
0.00564092,4.93171e-05
0.00565393,4.95447e-05
0.00566697,4.97735e-05
0.00568003,5.00032e-05
0.00569313,5.02341e-05
0.00570626,5.0466e-05
0.00571941,5.0699e-05
0.0057326,5.0933e-05
0.00574582,5.11682e-05
0.00575907,5.14044e-05
0.00577234,5.16417e-05
0.00578565,5.18801e-05
0.00579899,5.21196e-05
0.00581236,5.23602e-05
0.00582577,5.2602e-05
0.0058392,5.28448e-05
0.00585266,5.30888e-05
0.00586616,5.33339e-05
0.00587968,5.35801e-05
0.00589324,5.38274e-05
0.00590683,5.40759e-05
0.00592045,5.43256e-05
0.0059341,5.45764e-05
0.00594778,5.48283e-05
0.00596149,5.50815e-05
0.00597524,5.53358e-05
0.00598902,5.55912e-05
0.00600282,5.58479e-05
0.00601667,5.61057e-05
0.00603054,5.63647e-05
0.00604444,5.66249e-05
0.00605838,5.68863e-05
0.00607235,5.71489e-05
0.00608635,5.74128e-05
0.00610038,5.76778e-05
0.00611445,5.79441e-05
0.00612855,5.82116e-05
0.00614268,5.84803e-05
0.00615684,5.87503e-05
0.00617104,5.90215e-05
0.00618526,5.9294e-05
0.00619953,5.95678e-05
0.00621382,5.98428e-05
0.00622815,6.0119e-05
0.00624251,6.03966e-05
0.0062569,6.06754e-05
0.00627133,6.09555e-05
0.00628579,6.12369e-05
0.00630028,6.15196e-05
0.00631481,6.18036e-05
0.00632937,6.20889e-05
0.00634396,6.23756e-05
0.00635859,6.26635e-05
0.00637325,6.29528e-05
0.00638794,6.32435e-05
0.00640267,6.35354e-05
0.00641743,6.38287e-05
0.00643223,6.41234e-05
0.00644706,6.44194e-05
0.00646193,6.47168e-05
0.00647683,6.50156e-05
0.00649176,6.53158e-05
0.00650673,6.56173e-05
0.00652173,6.59202e-05
0.00653677,6.62245e-05
0.00655184,6.65303e-05
0.00656695,6.68374e-05
0.00658209,6.7146e-05
0.00659726,6.74559e-05
0.00661248,6.77674e-05
0.00662772,6.80802e-05
0.006643,6.83945e-05
0.00665832,6.87103e-05
0.00667367,6.90275e-05
0.00668906,6.93461e-05
0.00670448,6.96663e-05
0.00671994,6.99879e-05
0.00673544,7.0311e-05
0.00675097,7.06356e-05
0.00676653,7.09617e-05
0.00678213,7.12893e-05
0.00679777,7.16184e-05
0.00681344,7.1949e-05
0.00682915,7.22812e-05
0.0068449,7.26149e-05
0.00686068,7.29501e-05
0.0068765,7.32869e-05
0.00689236,7.36252e-05
0.00690825,7.39651e-05
0.00692418,7.43065e-05
0.00694014,7.46496e-05
0.00695614,7.49942e-05
0.00697218,7.53404e-05
0.00698826,7.56882e-05
0.00700437,7.60376e-05
0.00702052,7.63887e-05
0.00703671,7.67413e-05
0.00705293,7.70956e-05
0.00706919,7.74515e-05
0.00708549,7.78091e-05
0.00710183,7.81683e-05
0.0071182,7.85292e-05
0.00713462,7.88917e-05
0.00715107,7.92559e-05
0.00716756,7.96218e-05
0.00718408,7.99893e-05
0.00720065,8.03586e-05
0.00721725,8.07296e-05
0.00723389,8.11023e-05
0.00725057,8.14767e-05
0.00726729,8.18528e-05
0.00728404,8.22307e-05
0.00730084,8.26103e-05
0.00731767,8.29917e-05
0.00733454,8.33748e-05
0.00735145,8.37597e-05
0.0073684,8.41464e-05
0.00738539,8.45349e-05
0.00740242,8.49251e-05
0.00741949,8.53172e-05
0.0074366,8.57111e-05
0.00745374,8.61067e-05
0.00747093,8.65043e-05
0.00748816,8.69036e-05
0.00750542,8.73048e-05
0.00752273,8.77078e-05
0.00754007,8.81127e-05
0.00755746,8.85195e-05
0.00757488,8.89282e-05
0.00759235,8.93387e-05
0.00760985,8.97511e-05
0.0076274,9.01655e-05
0.00764499,9.05817e-05
0.00766261,9.09999e-05
0.00768028,9.142e-05
0.00769799,9.1842e-05
0.00771574,9.2266e-05
0.00773353,9.2692e-05
0.00775136,9.31199e-05
0.00776923,9.35498e-05
0.00778715,9.39816e-05
0.0078051,9.44155e-05
0.0078231,9.48514e-05
0.00784113,9.52892e-05
0.00785921,9.57291e-05
0.00787733,9.61711e-05
0.0078955,9.6615e-05
0.0079137,9.70611e-05
0.00793195,9.75091e-05
0.00795024,9.79593e-05
0.00796857,9.84115e-05
0.00798694,9.88658e-05
0.00800536,9.93222e-05
0.00802381,9.97808e-05
0.00804231,0.000100241
0.00806086,0.000100704
0.00807944,0.000101169
0.00809807,0.000101636
0.00811674,0.000102105
0.00813546,0.000102577
0.00815422,0.00010305
0.00817302,0.000103526
0.00819186,0.000104004
0.00821075,0.000104484
0.00822968,0.000104966
0.00824866,0.000105451
0.00826768,0.000105938
0.00828674,0.000106427
0.00830585,0.000106918
0.008325,0.000107412
0.00834419,0.000107908
0.00836343,0.000108406
0.00838271,0.000108906
0.00840204,0.000109409
0.00842142,0.000109914
0.00844083,0.000110421
0.00846029,0.000110931
0.0084798,0.000111443
0.00849935,0.000111958
0.00851895,0.000112475
0.00853859,0.000112994
0.00855828,0.000113515
0.00857801,0.000114039
0.00859779,0.000114566
0.00861761,0.000115095
0.00863748,0.000115626
0.0086574,0.00011616
0.00867736,0.000116696
0.00869737,0.000117235
0.00871742,0.000117776
0.00873752,0.00011832
0.00875767,0.000118866
0.00877786,0.000119415
0.0087981,0.000119966
0.00881839,0.00012052
0.00883872,0.000121076
0.0088591,0.000121635
0.00887952,0.000122197
0.0089,0.000122761
0.00892052,0.000123327
0.00894109,0.000123897
0.0089617,0.000124469
0.00898236,0.000125043
0.00900308,0.000125621
0.00902383,0.000126201
0.00904464,0.000126783
0.00906549,0.000127368
0.0090864,0.000127956
0.00910735,0.000128547
0.00912835,0.000129141
0.00914939,0.000129737
0.00917049,0.000130336
0.00919163,0.000130937
0.00921283,0.000131542
0.00923407,0.000132149
0.00925536,0.000132759
0.0092767,0.000133372
0.00929809,0.000133988
0.00931953,0.000134606
0.00934102,0.000135228
0.00936255,0.000135852
0.00938414,0.000136479
0.00940578,0.000137109
0.00942746,0.000137742
0.0094492,0.000138378
0.00947099,0.000139017
0.00949283,0.000139658
0.00951471,0.000140303
0.00953665,0.000140951
0.00955864,0.000141601
0.00958068,0.000142255
0.00960277,0.000142912
0.00962491,0.000143572
0.0096471,0.000144234
0.00966935,0.0001449
0.00969164,0.000145569
0.00971399,0.000146241
0.00973638,0.000146916
0.00975883,0.000147594
0.00978133,0.000148276
0.00980389,0.00014896
0.00982649,0.000149648
0.00984915,0.000150339
0.00987186,0.000151033
0.00989462,0.00015173
0.00991743,0.00015243
0.0099403,0.000153134
0.00996322,0.000153841
0.00998619,0.000154551
0.0100092,0.000155265
0.0100323,0.000155981
0.0100554,0.000156701
0.0100786,0.000157425
0.0101018,0.000158152
0.0101251,0.000158882
0.0101485,0.000159615
0.0101719,0.000160352
0.0101953,0.000161092
0.0102188,0.000161836
0.0102424,0.000162583
0.010266,0.000163333
0.0102897,0.000164087
0.0103134,0.000164845
0.0103372,0.000165606
0.010361,0.00016637
0.0103849,0.000167138
0.0104089,0.00016791
0.0104329,0.000168685
0.0104569,0.000169464
0.010481,0.000170246
0.0105052,0.000171032
0.0105294,0.000171822
0.0105537,0.000172615
0.010578,0.000173412
0.0106024,0.000174212
0.0106269,0.000175016
0.0106514,0.000175824
0.0106759,0.000176636
0.0107005,0.000177451
0.0107252,0.00017827
0.0107499,0.000179093
0.0107747,0.00017992
0.0107996,0.000180751
0.0108245,0.000181585
0.0108494,0.000182423
0.0108744,0.000183265
0.0108995,0.000184111
0.0109247,0.000184961
0.0109498,0.000185815
0.0109751,0.000186673
0.0110004,0.000187535
0.0110258,0.0001884
0.0110512,0.00018927
0.0110767,0.000190144
0.0111022,0.000191022
0.0111278,0.000191903
0.0111535,0.000192789
0.0111792,0.000193679
0.0112049,0.000194573
0.0112308,0.000195471
0.0112567,0.000196374
0.0112826,0.00019728
0.0113086,0.000198191
0.0113347,0.000199106
0.0113609,0.000200025
0.0113871,0.000200948
0.0114133,0.000201876
0.0114396,0.000202808
0.011466,0.000203744
0.0114924,0.000204685
0.0115189,0.000205629
0.0115455,0.000206579
0.0115721,0.000207532
0.0115988,0.00020849
0.0116255,0.000209453
0.0116523,0.00021042
0.0116792,0.000211391
0.0117061,0.000212367
0.0117331,0.000213347
0.0117602,0.000214332
0.0117873,0.000215321
0.0118145,0.000216315
0.0118417,0.000217314
0.011869,0.000218317
0.0118964,0.000219325
0.0119238,0.000220337
0.0119513,0.000221354
0.0119789,0.000222376
0.0120065,0.000223403
0.0120342,0.000224434
0.0120619,0.00022547
0.0120897,0.000226511
0.0121176,0.000227556
0.0121455,0.000228607
0.0121735,0.000229662
0.0122016,0.000230722
0.0122297,0.000231787
0.0122579,0.000232857
0.0122862,0.000233932
0.0123145,0.000235012
0.0123429,0.000236097
0.0123714,0.000237187
0.0123999,0.000238282
0.0124285,0.000239382
0.0124572,0.000240487
0.0124859,0.000241597
0.0125147,0.000242712
0.0125435,0.000243832
0.0125724,0.000244958
0.0126014,0.000246089
0.0126305,0.000247225
0.0126596,0.000248366
0.0126888,0.000249512
0.0127181,0.000250664
0.0127474,0.000251821
0.0127768,0.000252984
0.0128062,0.000254152
0.0128358,0.000255325
0.0128654,0.000256503
0.012895,0.000257687
0.0129248,0.000258877
0.0129546,0.000260072
0.0129844,0.000261272
0.0130144,0.000262478
0.0130444,0.00026369
0.0130744,0.000264907
0.0131046,0.00026613
0.0131348,0.000267359
0.0131651,0.000268593
0.0131954,0.000269833
0.0132259,0.000271078
0.0132564,0.000272329
0.0132869,0.000273586
0.0133176,0.000274849
0.0133483,0.000276118
0.0133791,0.000277393
0.0134099,0.000278673
0.0134408,0.000279959
0.0134718,0.000281252
0.0135029,0.00028255
0.013534,0.000283854
0.0135652,0.000285165
0.0135965,0.000286481
0.0136278,0.000287803
0.0136593,0.000289132
0.0136908,0.000290466
0.0137223,0.000291807
0.013754,0.000293154
0.0137857,0.000294507
0.0138175,0.000295867
0.0138493,0.000297233
0.0138812,0.000298605
0.0139133,0.000299983
0.0139453,0.000301368
0.0139775,0.000302759
0.0140097,0.000304156
0.014042,0.00030556
0.0140744,0.000306971
0.0141068,0.000308388
0.0141394,0.000309811
0.014172,0.000311241
0.0142046,0.000312678
0.0142374,0.000314121
0.0142702,0.000315571
0.0143031,0.000317028
0.0143361,0.000318491
0.0143692,0.000319961
0.0144023,0.000321438
0.0144355,0.000322922
0.0144688,0.000324413
0.0145021,0.00032591
0.0145356,0.000327415
0.0145691,0.000328926
0.0146027,0.000330444
0.0146364,0.000331969
0.0146701,0.000333502
0.0147039,0.000335041
0.0147378,0.000336588
0.0147718,0.000338141
0.0148059,0.000339702
0.01484,0.00034127
0.0148742,0.000342845
0.0149085,0.000344428
0.0149429,0.000346018
0.0149774,0.000347615
0.0150119,0.00034922
0.0150465,0.000350831
0.0150812,0.000352451
0.015116,0.000354078
0.0151508,0.000355712
0.0151858,0.000357354
0.0152208,0.000359004
0.0152559,0.000360661
0.015291,0.000362325
0.0153263,0.000363998
0.0153616,0.000365678
0.015397,0.000367366
0.0154325,0.000369062
0.0154681,0.000370765
0.0155038,0.000372476
0.0155395,0.000374196
0.0155754,0.000375923
0.0156113,0.000377658
0.0156473,0.000379401
0.0156834,0.000381153
0.0157195,0.000382912
0.0157558,0.000384679
0.0157921,0.000386455
0.0158285,0.000388239
0.015865,0.000390031
0.0159016,0.000391831
0.0159382,0.00039364
0.015975,0.000395457
0.0160118,0.000397282
0.0160487,0.000399116
0.0160857,0.000400958
0.0161228,0.000402809
0.01616,0.000404668
0.0161973,0.000406536
0.0162346,0.000408412
0.0162721,0.000410297
0.0163096,0.000412191
0.0163472,0.000414094
0.0163849,0.000416005
0.0164226,0.000417925
0.0164605,0.000419854
0.0164985,0.000421792
0.0165365,0.000423739
0.0165746,0.000425695
0.0166128,0.00042766
0.0166512,0.000429633
0.0166895,0.000431617
0.016728,0.000433609
0.0167666,0.00043561
0.0168053,0.000437621
0.016844,0.000439641
0.0168828,0.00044167
0.0169218,0.000443708
0.0169608,0.000445756
0.0169999,0.000447814
0.0170391,0.000449881
0.0170784,0.000451957
0.0171178,0.000454043
0.0171572,0.000456139
0.0171968,0.000458244
0.0172364,0.000460359
0.0172762,0.000462484
0.017316,0.000464619
0.0173559,0.000466763
0.0173959,0.000468918
0.0174361,0.000471082
0.0174763,0.000473256
0.0175166,0.000475441
0.0175569,0.000477635
0.0175974,0.00047984
0.017638,0.000482054
0.0176787,0.000484279
0.0177194,0.000486515
0.0177603,0.00048876
0.0178012,0.000491016
0.0178423,0.000493282
0.0178834,0.000495559
0.0179247,0.000497846
0.017966,0.000500144
0.0180074,0.000502453
0.0180489,0.000504772
0.0180905,0.000507101
0.0181322,0.000509442
0.0181741,0.000511793
0.018216,0.000514155
0.018258,0.000516528
0.0183001,0.000518912
0.0183423,0.000521307
0.0183845,0.000523714
0.0184269,0.000526131
0.0184694,0.000528559
0.018512,0.000530999
0.0185547,0.000533449
0.0185975,0.000535911
0.0186404,0.000538385
0.0186833,0.00054087
0.0187264,0.000543366
0.0187696,0.000545874
0.0188129,0.000548393
0.0188562,0.000550924
0.0188997,0.000553467
0.0189433,0.000556022
0.018987,0.000558588
0.0190307,0.000561166
0.0190746,0.000563756
0.0191186,0.000566358
0.0191627,0.000568972
0.0192069,0.000571598
0.0192512,0.000574236
0.0192955,0.000576886
0.01934,0.000579549
0.0193846,0.000582223
0.0194293,0.00058491
0.0194741,0.00058761
0.019519,0.000590322
0.019564,0.000593046
0.0196091,0.000595784
0.0196544,0.000598533
0.0196997,0.000601296
0.0197451,0.000604071
0.0197906,0.000606859
0.0198362,0.000609659
0.019882,0.000612473
0.0199278,0.0006153
0.0199738,0.00061814
0.0200198,0.000620992
0.020066,0.000623858
0.0201123,0.000626738
0.0201586,0.00062963
0.0202051,0.000632536
0.0202517,0.000635455
0.0202984,0.000638388
0.0203452,0.000641334
0.0203921,0.000644294
0.0204391,0.000647268
0.0204862,0.000650255
0.0205335,0.000653256
0.0205808,0.000656271
0.0206283,0.000659299
0.0206758,0.000662342
0.0207235,0.000665399
0.0207713,0.00066847
0.0208192,0.000671555
0.0208672,0.000674654
0.0209153,0.000677768
0.0209635,0.000680896
0.0210119,0.000684038
0.0210603,0.000687195
0.0211089,0.000690366
0.0211575,0.000693552
0.0212063,0.000696753
0.0212552,0.000699969
0.0213042,0.000703199
0.0213533,0.000706444
0.0214026,0.000709705
0.0214519,0.00071298
0.0215014,0.00071627
0.021551,0.000719576
0.0216007,0.000722897
0.0216505,0.000726233
0.0217004,0.000729584
0.0217504,0.000732951
0.0218006,0.000736334
0.0218508,0.000739732
0.0219012,0.000743146
0.0219517,0.000746575
0.0220023,0.000750021
0.0220531,0.000753482
0.0221039,0.000756959
0.0221549,0.000760452
0.0222059,0.000763962
0.0222571,0.000767487
0.0223085,0.000771029
0.0223599,0.000774587
0.0224115,0.000778162
0.0224631,0.000781753
0.0225149,0.000785361
0.0225668,0.000788985
0.0226189,0.000792626
0.022671,0.000796284
0.0227233,0.000799958
0.0227757,0.00080365
0.0228282,0.000807358
0.0228808,0.000811084
0.0229336,0.000814827
0.0229865,0.000818587
0.0230395,0.000822365
0.0230926,0.00082616
0.0231458,0.000829972
0.0231992,0.000833802
0.0232527,0.00083765
0.0233063,0.000841516
0.02336,0.000845399
0.0234139,0.0008493
0.0234679,0.000853219
0.023522,0.000857157
0.0235762,0.000861112
0.0236306,0.000865086
0.0236851,0.000869078
0.0237397,0.000873088
0.0237944,0.000877117
0.0238493,0.000881165
0.0239043,0.000885231
0.0239594,0.000889316
0.0240146,0.00089342
0.02407,0.000897542
0.0241255,0.000901684
0.0241811,0.000905845
0.0242369,0.000910025
0.0242928,0.000914224
0.0243488,0.000918443
0.0244049,0.000922681
0.0244612,0.000926939
0.0245176,0.000931216
0.0245741,0.000935513
0.0246308,0.00093983
0.0246876,0.000944167
0.0247445,0.000948523
0.0248016,0.0009529
0.0248587,0.000957297
0.0249161,0.000961715
0.0249735,0.000966152
0.0250311,0.000970611
0.0250888,0.000975089
0.0251466,0.000979589
0.0252046,0.000984109
0.0252627,0.00098865
0.025321,0.000993212
0.0253794,0.000997795
0.0254379,0.0010024
0.0254965,0.00100702
0.0255553,0.00101167
0.0256143,0.00101634
0.0256733,0.00102103
0.0257325,0.00102574
0.0257918,0.00103047
0.0258513,0.00103523
0.0259109,0.00104
0.0259707,0.0010448
0.0260305,0.00104962
0.0260906,0.00105447
0.0261507,0.00105933
0.026211,0.00106422
0.0262714,0.00106913
0.026332,0.00107406
0.0263927,0.00107902
0.0264536,0.001084
0.0265146,0.001089
0.0265757,0.00109402
0.026637,0.00109907
0.0266984,0.00110414
0.02676,0.00110924
0.0268217,0.00111436
0.0268835,0.0011195
0.0269455,0.00112466
0.0270076,0.00112985
0.0270699,0.00113507
0.0271323,0.0011403
0.0271949,0.00114556
0.0272576,0.00115085
0.0273204,0.00115616
0.0273834,0.00116149
0.0274465,0.00116685
0.0275098,0.00117224
0.0275733,0.00117764
0.0276368,0.00118308
0.0277006,0.00118854
0.0277644,0.00119402
0.0278284,0.00119953
0.0278926,0.00120506
0.0279569,0.00121062
0.0280214,0.00121621
0.028086,0.00122182
0.0281507,0.00122746
0.0282157,0.00123312
0.0282807,0.00123881
0.0283459,0.00124453
0.0284113,0.00125027
0.0284768,0.00125604
0.0285424,0.00126183
0.0286083,0.00126765
0.0286742,0.0012735
0.0287403,0.00127938
0.0288066,0.00128528
0.028873,0.00129121
0.0289396,0.00129717
0.0290063,0.00130315
0.0290732,0.00130916
0.0291402,0.0013152
0.0292074,0.00132127
0.0292748,0.00132737
0.0293423,0.00133349
0.0294099,0.00133964
0.0294777,0.00134582
0.0295457,0.00135203
0.0296138,0.00135827
0.0296821,0.00136453
0.0297505,0.00137083
0.0298191,0.00137715
0.0298879,0.00138351
0.0299568,0.00138989
0.0300259,0.0013963
0.0300951,0.00140274
0.0301645,0.00140921
0.030234,0.00141571
0.0303037,0.00142225
0.0303736,0.00142881
0.0304436,0.0014354
0.0305138,0.00144202
0.0305842,0.00144867
0.0306547,0.00145536
0.0307254,0.00146207
0.0307962,0.00146881
0.0308672,0.00147559
0.0309384,0.0014824
0.0310098,0.00148924
0.0310813,0.00149611
0.0311529,0.00150301
0.0312247,0.00150994
0.0312967,0.00151691
0.0313689,0.0015239
0.0314412,0.00153093
0.0315137,0.001538
0.0315864,0.00154509
0.0316592,0.00155222
0.0317322,0.00155938
0.0318054,0.00156657
0.0318787,0.0015738
0.0319522,0.00158106
0.0320259,0.00158835
0.0320997,0.00159568
0.0321737,0.00160304
0.0322479,0.00161043
0.0323223,0.00161786
0.0323968,0.00162532
0.0324715,0.00163282
0.0325464,0.00164035
0.0326214,0.00164792
0.0326966,0.00165552
0.032772,0.00166316
0.0328476,0.00167083
0.0329233,0.00167853
0.0329992,0.00168628
0.0330753,0.00169406
0.0331516,0.00170187
0.033228,0.00170972
0.0333046,0.00171761
0.0333814,0.00172553
0.0334584,0.00173349
0.0335355,0.00174148
0.0336128,0.00174952
0.0336903,0.00175758
0.033768,0.00176569
0.0338459,0.00177384
0.0339239,0.00178202
0.0340021,0.00179024
0.0340805,0.00179849
0.0341591,0.00180679
0.0342379,0.00181512
0.0343168,0.00182349
0.0343959,0.0018319
0.0344753,0.00184035
0.0345547,0.00184884
0.0346344,0.00185737
0.0347143,0.00186594
0.0347943,0.00187454
0.0348745,0.00188319
0.034955,0.00189187
0.0350355,0.0019006
0.0351163,0.00190936
0.0351973,0.00191817
0.0352785,0.00192702
0.0353598,0.0019359
0.0354413,0.00194483
0.035523,0.0019538
0.0356049,0.00196281
0.035687,0.00197186
0.0357693,0.00198096
0.0358518,0.00199009
0.0359345,0.00199927
0.0360173,0.00200849
0.0361004,0.00201776
0.0361836,0.00202706
0.036267,0.00203641
0.0363506,0.0020458
0.0364345,0.00205524
0.0365185,0.00206471
0.0366027,0.00207424
0.0366871,0.0020838
0.0367716,0.00209341
0.0368564,0.00210306
0.0369414,0.00211276
0.0370266,0.00212251
0.037112,0.00213229
0.0371975,0.00214213
0.0372833,0.00215201
0.0373693,0.00216193
0.0374554,0.0021719
0.0375418,0.00218191
0.0376283,0.00219198
0.0377151,0.00220208
0.0378021,0.00221224
0.0378892,0.00222244
0.0379766,0.00223269
0.0380641,0.00224298
0.0381519,0.00225333
0.0382399,0.00226372
0.038328,0.00227416
0.0384164,0.00228464
0.038505,0.00229518
0.0385938,0.00230576
0.0386828,0.00231639
0.038772,0.00232707
0.0388614,0.0023378
0.038951,0.00234858
0.0390408,0.00235941
0.0391308,0.00237029
0.039221,0.00238122
0.0393114,0.0023922
0.0394021,0.00240323
0.0394929,0.00241431
0.039584,0.00242544
0.0396753,0.00243663
0.0397667,0.00244786
0.0398584,0.00245915
0.0399503,0.00247049
0.0400424,0.00248188
0.0401348,0.00249332
0.0402273,0.00250482
0.0403201,0.00251636
0.040413,0.00252797
0.0405062,0.00253962
0.0405996,0.00255133
0.0406932,0.00256309
0.040787,0.00257491
0.0408811,0.00258678
0.0409753,0.00259871
0.0410698,0.00261069
0.0411645,0.00262272
0.0412594,0.00263482
0.0413546,0.00264696
0.0414499,0.00265917
0.0415455,0.00267143
0.0416413,0.00268374
0.0417373,0.00269611
0.0418335,0.00270854
0.04193,0.00272103
0.0420266,0.00273357
0.0421235,0.00274618
0.0422207,0.00275884
0.042318,0.00277155
0.0424156,0.00278433
0.0425134,0.00279717
0.0426114,0.00281006
0.0427097,0.00282301
0.0428081,0.00283603
0.0429068,0.0028491
0.0430058,0.00286223
0.0431049,0.00287543
0.0432043,0.00288868
0.0433039,0.002902
0.0434038,0.00291538
0.0435039,0.00292882
0.0436042,0.00294232
0.0437047,0.00295588
0.0438055,0.0029695
0.0439065,0.00298319
0.0440077,0.00299694
0.0441092,0.00301076
0.0442109,0.00302463
0.0443128,0.00303858
0.044415,0.00305258
0.0445174,0.00306665
0.04462,0.00308079
0.0447229,0.00309499
0.044826,0.00310925
0.0449294,0.00312358
0.045033,0.00313798
0.0451368,0.00315244
0.0452409,0.00316697
0.0453452,0.00318157
0.0454498,0.00319623
0.0455545,0.00321096
0.0456596,0.00322576
0.0457649,0.00324063
0.0458704,0.00325556
0.0459761,0.00327057
0.0460821,0.00328564
0.0461884,0.00330078
0.0462949,0.003316
0.0464016,0.00333128
0.0465086,0.00334663
0.0466159,0.00336205
0.0467233,0.00337755
0.0468311,0.00339311
0.0469391,0.00340875
0.0470473,0.00342446
0.0471558,0.00344024
0.0472645,0.00345609
0.0473735,0.00347202
0.0474827,0.00348802
0.0475922,0.00350409
0.0477019,0.00352024
0.0478119,0.00353646
0.0479221,0.00355276
0.0480326,0.00356913
0.0481434,0.00358557
0.0482544,0.0036021
0.0483656,0.00361869
0.0484772,0.00363537
0.0485889,0.00365212
0.048701,0.00366895
0.0488132,0.00368585
0.0489258,0.00370284
0.0490386,0.0037199
0.0491517,0.00373704
0.049265,0.00375426
0.0493786,0.00377156
0.0494924,0.00378893
0.0496066,0.00380639
0.0497209,0.00382393
0.0498356,0.00384155
0.0499505,0.00385924
0.0500657,0.00387703
0.0501811,0.00389489
0.0502968,0.00391283
0.0504128,0.00393086
0.050529,0.00394897
0.0506455,0.00396716
0.0507623,0.00398544
0.0508793,0.0040038
0.0509966,0.00402224
0.0511142,0.00404077
0.0512321,0.00405939
0.0513502,0.00407809
0.0514686,0.00409688
0.0515873,0.00411575
0.0517062,0.00413471
0.0518254,0.00415376
0.0519449,0.00417289
0.0520647,0.00419211
0.0521847,0.00421142
0.0523051,0.00423082
0.0524257,0.00425031
0.0525465,0.00426989
0.0526677,0.00428956
0.0527891,0.00430932
0.0529108,0.00432917
0.0530328,0.00434911
0.0531551,0.00436914
0.0532777,0.00438926
0.0534005,0.00440948
0.0535236,0.00442979
0.0536471,0.00445019
0.0537708,0.00447069
0.0538947,0.00449128
0.054019,0.00451197
0.0541435,0.00453275
0.0542684,0.00455362
0.0543935,0.0045746
0.0545189,0.00459566
0.0546446,0.00461683
0.0547706,0.00463809
0.0548969,0.00465945
0.0550235,0.00468091
0.0551504,0.00470247
0.0552775,0.00472412
0.055405,0.00474588
0.0555327,0.00476773
0.0556608,0.00478969
0.0557891,0.00481175
0.0559177,0.0048339
0.0560467,0.00485616
0.0561759,0.00487852
0.0563054,0.00490099
0.0564352,0.00492356
0.0565654,0.00494623
0.0566958,0.004969
0.0568265,0.00499188
0.0569575,0.00501487
0.0570889,0.00503796
0.0572205,0.00506116
0.0573524,0.00508446
0.0574847,0.00510787
0.0576172,0.00513139
0.05775,0.00515501
0.0578832,0.00517875
0.0580167,0.00520259
0.0581504,0.00522654
0.0582845,0.0052506
0.0584189,0.00527478
0.0585536,0.00529906
0.0586886,0.00532346
0.0588239,0.00534796
0.0589595,0.00537258
0.0590955,0.00539732
0.0592317,0.00542216
0.0593683,0.00544712
0.0595052,0.0054722
0.0596424,0.00549739
0.0597799,0.0055227
0.0599178,0.00554812
0.0600559,0.00557366
0.0601944,0.00559931
0.0603332,0.00562509
0.0604723,0.00565098
0.0606117,0.00567699
0.0607515,0.00570312
0.0608915,0.00572937
0.0610319,0.00575574
0.0611727,0.00578223
0.0613137,0.00580884
0.0614551,0.00583558
0.0615968,0.00586244
0.0617388,0.00588942
0.0618811,0.00591652
0.0620238,0.00594375
0.0621668,0.00597111
0.0623102,0.00599859
0.0624538,0.00602619
0.0625978,0.00605392
0.0627422,0.00608178
0.0628868,0.00610977
0.0630318,0.00613789
0.0631772,0.00616613
0.0633228,0.0061945
0.0634688,0.00622301
0.0636152,0.00625164
0.0637619,0.00628041
0.0639089,0.00630931
0.0640562,0.00633834
0.0642039,0.0063675
0.064352,0.0063968
0.0645003,0.00642623
0.064649,0.0064558
0.0647981,0.0064855
0.0649475,0.00651534
0.0650973,0.00654532
0.0652474,0.00657543
0.0653978,0.00660568
0.0655486,0.00663607
0.0656997,0.0066666
0.0658512,0.00669727
0.066003,0.00672808
0.0661552,0.00675903
0.0663078,0.00679012
0.0664606,0.00682135
0.0666139,0.00685273
0.0667675,0.00688425
0.0669214,0.00691592
0.0670757,0.00694773
0.0672304,0.00697969
0.0673854,0.00701179
0.0675408,0.00704404
0.0676965,0.00707644
0.0678526,0.00710899
0.068009,0.00714169
0.0681658,0.00717453
0.068323,0.00720753
0.0684805,0.00724068
0.0686384,0.00727398
0.0687967,0.00730743
0.0689553,0.00734103
0.0691143,0.00737479
0.0692737,0.00740871
0.0694334,0.00744278
0.0695935,0.007477
0.0697539,0.00751139
0.0699148,0.00754592
0.070076,0.00758062
0.0702375,0.00761548
0.0703995,0.0076505
0.0705618,0.00768567
0.0707245,0.00772101
0.0708876,0.00775651
0.071051,0.00779217
0.0712148,0.007828
0.071379,0.00786399
0.0715436,0.00790014
0.0717086,0.00793646
0.0718739,0.00797295
0.0720396,0.0080096
0.0722057,0.00804642
0.0723722,0.00808341
0.0725391,0.00812057
0.0727063,0.0081579
0.072874,0.0081954
0.073042,0.00823307
0.0732104,0.00827091
0.0733792,0.00830893
0.0735484,0.00834712
0.073718,0.00838548
0.073888,0.00842402
0.0740583,0.00846274
0.0742291,0.00850164
0.0744002,0.00854071
0.0745718,0.00857996
0.0747437,0.00861939
0.0749161,0.008659
0.0750888,0.00869879
0.0752619,0.00873877
0.0754355,0.00877893
0.0756094,0.00881927
0.0757837,0.00885979
0.0759585,0.0089005
0.0761336,0.0089414
0.0763091,0.00898248
0.0764851,0.00902375
0.0766614,0.00906521
0.0768382,0.00910686
0.0770154,0.00914871
0.0771929,0.00919074
0.0773709,0.00923296
0.0775493,0.00927538
0.0777281,0.00931799
0.0779073,0.00936079
0.078087,0.00940379
0.078267,0.00944699
0.0784475,0.00949039
0.0786283,0.00953398
0.0788096,0.00957777
0.0789913,0.00962177
0.0791735,0.00966596
0.079356,0.00971036
0.079539,0.00975496
0.0797224,0.00979976
0.0799062,0.00984476
0.0800904,0.00988998
0.0802751,0.0099354
0.0804602,0.00998102
0.0806457,0.0100269
0.0808317,0.0100729
0.081018,0.0101192
0.0812048,0.0101656
0.0813921,0.0102123
0.0815797,0.0102592
0.0817678,0.0103063
0.0819564,0.0103536
0.0821453,0.0104012
0.0823347,0.0104489
0.0825246,0.0104969
0.0827149,0.0105451
0.0829056,0.0105935
0.0830967,0.0106421
0.0832883,0.010691
0.0834804,0.01074
0.0836728,0.0107893
0.0838658,0.0108389
0.0840591,0.0108886
0.084253,0.0109386
0.0844472,0.0109888
0.0846419,0.0110392
0.0848371,0.0110899
0.0850327,0.0111408
0.0852287,0.0111919
0.0854253,0.0112433
0.0856222,0.0112949
0.0858196,0.0113467
0.0860175,0.0113988
0.0862159,0.0114511
0.0864146,0.0115036
0.0866139,0.0115564
0.0868136,0.0116095
0.0870138,0.0116627
0.0872144,0.0117162
0.0874155,0.01177
0.087617,0.011824
0.087819,0.0118782
0.0880215,0.0119327
0.0882245,0.0119875
0.0884279,0.0120425
0.0886318,0.0120977
0.0888361,0.0121532
0.089041,0.0122089
0.0892463,0.0122649
0.0894521,0.0123212
0.0896583,0.0123777
0.089865,0.0124345
0.0900722,0.0124915
0.0902799,0.0125488
0.0904881,0.0126063
0.0906967,0.0126641
0.0909058,0.0127222
0.0911154,0.0127805
0.0913255,0.0128391
0.0915361,0.012898
0.0917471,0.0129572
0.0919587,0.0130166
0.0921707,0.0130762
0.0923832,0.0131362
0.0925962,0.0131964
0.0928097,0.0132569
0.0930237,0.0133177
0.0932382,0.0133787
0.0934532,0.0134401
0.0936687,0.0135017
0.0938846,0.0135635
0.0941011,0.0136257
0.0943181,0.0136882
0.0945355,0.0137509
0.0947535,0.0138139
0.094972,0.0138772
0.095191,0.0139408
0.0954104,0.0140047
0.0956304,0.0140689
0.0958509,0.0141333
0.0960719,0.0141981
0.0962934,0.0142631
0.0965155,0.0143285
0.096738,0.0143941
0.0969611,0.0144601
0.0971846,0.0145263
0.0974087,0.0145929
0.0976333,0.0146597
0.0978584,0.0147269
0.098084,0.0147943
0.0983102,0.0148621
0.0985369,0.0149302
0.0987641,0.0149985
0.0989918,0.0150672
0.09922,0.0151362
0.0994488,0.0152056
0.0996781,0.0152752
0.0999079,0.0153451
0.100138,0.0154154
0.100369,0.015486
0.100601,0.0155569
0.100833,0.0156281
0.101065,0.0156997
0.101298,0.0157715
0.101532,0.0158437
0.101766,0.0159163
0.102,0.0159891
0.102236,0.0160623
0.102471,0.0161358
0.102708,0.0162097
0.102944,0.0162839
0.103182,0.0163584
0.10342,0.0164333
0.103658,0.0165085
0.103897,0.016584
0.104137,0.0166599
0.104377,0.0167361
0.104617,0.0168127
0.104859,0.0168896
0.1051,0.0169669
0.105343,0.0170445
0.105586,0.0171225
0.105829,0.0172008
0.106073,0.0172795
0.106318,0.0173586
0.106563,0.017438
0.106808,0.0175177
0.107055,0.0175978
0.107302,0.0176783
0.107549,0.0177592
0.107797,0.0178404
0.108046,0.017922
0.108295,0.0180039
0.108544,0.0180862
0.108795,0.0181689
0.109045,0.018252
0.109297,0.0183354
0.109549,0.0184193
0.109801,0.0185035
0.110055,0.0185881
0.110308,0.018673
0.110563,0.0187584
0.110818,0.0188441
0.111073,0.0189302
0.111329,0.0190167
0.111586,0.0191036
0.111843,0.0191909
0.112101,0.0192786
0.11236,0.0193667
0.112619,0.0194552
0.112878,0.0195441
0.113139,0.0196334
0.113399,0.0197231
0.113661,0.0198132
0.113923,0.0199037
0.114186,0.0199946
0.114449,0.0200859
0.114713,0.0201777
0.114977,0.0202698
0.115242,0.0203624
0.115508,0.0204554
0.115774,0.0205488
0.116041,0.0206426
0.116309,0.0207369
0.116577,0.0208315
0.116846,0.0209266
0.117115,0.0210222
0.117385,0.0211181
0.117656,0.0212145
0.117927,0.0213114
0.118199,0.0214086
0.118472,0.0215063
0.118745,0.0216045
0.119019,0.0217031
0.119293,0.0218021
0.119568,0.0219016
0.119844,0.0220015
0.12012,0.0221019
0.120397,0.0222028
0.120675,0.022304
0.120953,0.0224058
0.121232,0.022508
0.121511,0.0226107
0.121792,0.0227138
0.122072,0.0228174
0.122354,0.0229214
0.122636,0.023026
0.122919,0.023131
0.123202,0.0232364
0.123486,0.0233424
0.123771,0.0234488
0.124056,0.0235557
0.124342,0.0236631
0.124629,0.0237709
0.124916,0.0238793
0.125204,0.0239881
0.125493,0.0240975
0.125782,0.0242073
0.126072,0.0243176
0.126363,0.0244284
0.126654,0.0245397
0.126946,0.0246515
0.127239,0.0247638
0.127533,0.0248766
0.127827,0.02499
0.128121,0.0251038
0.128417,0.0252181
0.128713,0.025333
0.12901,0.0254484
0.129307,0.0255643
0.129605,0.0256807
0.129904,0.0257976
0.130204,0.0259151
0.130504,0.026033
0.130805,0.0261516
0.131106,0.0262706
0.131409,0.0263902
0.131712,0.0265103
0.132015,0.026631
0.13232,0.0267522
0.132625,0.0268739
0.132931,0.0269962
0.133237,0.027119
0.133544,0.0272424
0.133852,0.0273663
0.134161,0.0274908
0.13447,0.0276159
0.13478,0.0277415
0.135091,0.0278677
0.135402,0.0279944
0.135715,0.0281217
0.136028,0.0282496
0.136341,0.0283781
0.136656,0.0285071
0.136971,0.0286367
0.137286,0.0287669
0.137603,0.0288976
0.13792,0.029029
0.138238,0.0291609
0.138557,0.0292934
0.138876,0.0294266
0.139197,0.0295603
0.139518,0.0296946
0.139839,0.0298295
0.140162,0.029965
0.140485,0.0301011
0.140809,0.0302379
0.141133,0.0303752
0.141459,0.0305132
0.141785,0.0306517
0.142112,0.0307909
0.14244,0.0309307
0.142768,0.0310712
0.143097,0.0312122
0.143427,0.0313539
0.143758,0.0314962
0.144089,0.0316392
0.144422,0.0317828
0.144755,0.031927
0.145088,0.0320719
0.145423,0.0322174
0.145758,0.0323636
0.146094,0.0325104
0.146431,0.0326579
0.146769,0.032806
0.147107,0.0329548
0.147446,0.0331043
0.147786,0.0332544
0.148127,0.0334052
0.148469,0.0335566
0.148811,0.0337088
0.149154,0.0338616
0.149498,0.0340151
0.149843,0.0341693
0.150188,0.0343241
0.150534,0.0344797
0.150881,0.0346359
0.151229,0.0347928
0.151578,0.0349505
0.151927,0.0351088
0.152278,0.0352678
0.152629,0.0354276
0.152981,0.035588
0.153334,0.0357492
0.153687,0.0359111
0.154041,0.0360737
0.154397,0.036237
0.154753,0.036401
0.155109,0.0365658
0.155467,0.0367313
0.155825,0.0368976
0.156185,0.0370645
0.156545,0.0372322
0.156906,0.0374007
0.157268,0.0375699
0.15763,0.0377399
0.157994,0.0379106
0.158358,0.038082
0.158723,0.0382542
0.159089,0.0384272
0.159456,0.038601
0.159824,0.0387755
0.160192,0.0389508
0.160561,0.0391268
0.160932,0.0393037
0.161303,0.0394813
0.161675,0.0396597
0.162047,0.0398389
0.162421,0.0400189
0.162795,0.0401997
0.163171,0.0403813
0.163547,0.0405637
0.163924,0.0407468
0.164302,0.0409308
0.164681,0.0411157
0.165061,0.0413013
0.165441,0.0414877
0.165823,0.041675
0.166205,0.0418631
0.166588,0.042052
0.166972,0.0422418
0.167357,0.0424323
0.167743,0.0426238
0.16813,0.042816
0.168518,0.0430092
0.168906,0.0432031
0.169296,0.043398
0.169686,0.0435936
0.170077,0.0437902
0.170469,0.0439876
0.170862,0.0441859
0.171256,0.044385
0.171651,0.044585
0.172047,0.0447859
0.172444,0.0449877
0.172841,0.0451904
0.17324,0.0453939
0.173639,0.0455984
0.17404,0.0458037
0.174441,0.04601
0.174843,0.0462171
0.175246,0.0464252
0.17565,0.0466342
0.176055,0.0468441
0.176461,0.0470549
0.176868,0.0472666
0.177276,0.0474793
0.177685,0.0476929
0.178094,0.0479074
0.178505,0.0481228
0.178917,0.0483393
0.179329,0.0485566
0.179743,0.0487749
0.180157,0.0489942
0.180572,0.0492144
0.180989,0.0494356
0.181406,0.0496577
0.181824,0.0498809
0.182244,0.0501049
0.182664,0.05033
0.183085,0.0505561
0.183507,0.0507831
0.18393,0.0510111
0.184354,0.0512402
0.184779,0.0514702
0.185205,0.0517012
0.185632,0.0519333
0.18606,0.0521663
0.186489,0.0524004
0.186919,0.0526354
0.18735,0.0528715
0.187782,0.0531087
0.188215,0.0533468
0.188649,0.053586
0.189084,0.0538263
0.18952,0.0540675
0.189957,0.0543099
0.190395,0.0545532
0.190834,0.0547977
0.191274,0.0550432
0.191715,0.0552897
0.192157,0.0555374
0.1926,0.0557861
0.193044,0.0560359
0.193489,0.0562867
0.193936,0.0565387
0.194383,0.0567917
0.194831,0.0570459
0.19528,0.0573011
0.19573,0.0575575
0.196182,0.0578149
0.196634,0.0580735
0.197087,0.0583332
0.197542,0.058594
0.197997,0.058856
0.198454,0.059119
0.198911,0.0593832
0.19937,0.0596486
0.19983,0.0599151
0.20029,0.0601827
0.200752,0.0604515
0.201215,0.0607215
0.201679,0.0609926
0.202144,0.0612649
0.20261,0.0615384
0.203077,0.061813
0.203546,0.0620888
0.204015,0.0623658
0.204485,0.062644
0.204957,0.0629234
0.205429,0.063204
0.205903,0.0634858
0.206378,0.0637688
0.206854,0.0640531
0.207331,0.0643385
0.207809,0.0646252
0.208288,0.0649131
0.208768,0.0652023
0.209249,0.0654926
0.209732,0.0657843
0.210215,0.0660771
0.2107,0.0663713
0.211186,0.0666667
0.211673,0.0669633
0.212161,0.0672612
0.21265,0.0675604
0.21314,0.0678609
0.213632,0.0681627
0.214124,0.0684657
0.214618,0.06877
0.215113,0.0690757
0.215609,0.0693826
0.216106,0.0696909
0.216604,0.0700004
0.217104,0.0703113
0.217604,0.0706235
0.218106,0.0709371
0.218609,0.071252
0.219113,0.0715682
0.219618,0.0718857
0.220125,0.0722047
0.220632,0.0725249
0.221141,0.0728465
0.221651,0.0731695
0.222162,0.0734939
0.222674,0.0738196
0.223187,0.0741468
0.223702,0.0744753
0.224218,0.0748052
0.224735,0.0751365
0.225253,0.0754692
0.225772,0.0758033
0.226293,0.0761388
0.226815,0.0764758
0.227338,0.0768141
0.227862,0.0771539
0.228387,0.0774952
0.228914,0.0778378
0.229442,0.078182
0.229971,0.0785275
0.230501,0.0788746
0.231032,0.0792231
0.231565,0.079573
0.232099,0.0799245
0.232634,0.0802774
0.23317,0.0806318
0.233708,0.0809877
0.234247,0.0813451
0.234787,0.0817039
0.235328,0.0820643
0.235871,0.0824262
0.236415,0.0827897
0.23696,0.0831546
0.237506,0.0835211
0.238054,0.0838891
0.238603,0.0842587
0.239153,0.0846298
0.239704,0.0850024
0.240257,0.0853767
0.240811,0.0857524
0.241366,0.0861298
0.241923,0.0865087
0.242481,0.0868892
0.24304,0.0872713
0.2436,0.087655
0.244162,0.0880403
0.244725,0.0884272
0.245289,0.0888157
0.245854,0.0892058
0.246421,0.0895976
0.24699,0.0899909
0.247559,0.0903859
0.24813,0.0907826
0.248702,0.0911809
0.249275,0.0915808
0.24985,0.0919824
0.250426,0.0923857
0.251004,0.0927907
0.251582,0.0931973
0.252162,0.0936056
0.252744,0.0940156
0.253327,0.0944273
0.253911,0.0948406
0.254496,0.0952557
0.255083,0.0956725
0.255671,0.0960911
0.256261,0.0965113
0.256851,0.0969333
0.257444,0.097357
0.258037,0.0977825
0.258632,0.0982097
0.259228,0.0986387
0.259826,0.0990694
0.260425,0.0995019
0.261026,0.0999362
0.261628,0.100372
0.262231,0.10081
0.262835,0.10125
0.263441,0.101691
0.264049,0.102134
0.264658,0.102579
0.265268,0.103026
0.26588,0.103475
0.266493,0.103926
0.267107,0.104378
0.267723,0.104832
0.26834,0.105288
0.268959,0.105746
0.269579,0.106206
0.270201,0.106668
0.270824,0.107131
0.271448,0.107597
0.272074,0.108064
0.272701,0.108533
0.27333,0.109004
0.27396,0.109477
0.274592,0.109952
0.275225,0.110429
0.27586,0.110908
0.276496,0.111388
0.277133,0.111871
0.277772,0.112356
0.278413,0.112842
0.279055,0.113331
0.279698,0.113821
0.280343,0.114314
0.280989,0.114808
0.281637,0.115305
0.282287,0.115803
0.282937,0.116303
0.28359,0.116806
0.284244,0.11731
0.284899,0.117817
0.285556,0.118325
0.286214,0.118836
0.286874,0.119348
0.287536,0.119863
0.288199,0.12038
0.288863,0.120898
0.289529,0.121419
0.290197,0.121942
0.290866,0.122467
0.291537,0.122994
0.292209,0.123523
0.292882,0.124055
0.293558,0.124588
0.294235,0.125123
0.294913,0.125661
0.295593,0.126201
0.296275,0.126743
0.296958,0.127287
0.297642,0.127833
0.298329,0.128381
0.299016,0.128931
0.299706,0.129484
0.300397,0.130039
0.30109,0.130596
0.301784,0.131155
0.30248,0.131716
0.303177,0.13228
0.303876,0.132846
0.304577,0.133414
0.305279,0.133984
0.305983,0.134556
0.306688,0.135131
0.307396,0.135708
0.308104,0.136287
0.308815,0.136869
0.309527,0.137452
0.31024,0.138038
0.310956,0.138627
0.311673,0.139217
0.312391,0.13981
0.313112,0.140405
0.313834,0.141003
0.314557,0.141602
0.315282,0.142205
0.316009,0.142809
0.316738,0.143416
0.317468,0.144025
0.3182,0.144636
0.318934,0.14525
0.319669,0.145866
0.320406,0.146485
0.321145,0.147106
0.321886,0.147729
0.322628,0.148355
0.323372,0.148983
0.324117,0.149613
0.324865,0.150246
0.325614,0.150881
0.326364,0.151519
0.327117,0.152159
0.327871,0.152802
0.328627,0.153447
0.329385,0.154094
0.330144,0.154744
0.330905,0.155397
0.331668,0.156052
0.332433,0.156709
0.3332,0.157369
0.333968,0.158031
0.334738,0.158696
0.33551,0.159363
0.336283,0.160033
0.337059,0.160705
0.337836,0.16138
0.338615,0.162058
0.339396,0.162738
0.340178,0.16342
0.340962,0.164105
0.341749,0.164793
0.342537,0.165483
0.343326,0.166176
0.344118,0.166871
0.344911,0.167569
0.345707,0.16827
0.346504,0.168973
0.347303,0.169679
0.348103,0.170387
0.348906,0.171098
0.349711,0.171812
0.350517,0.172528
0.351325,0.173247
0.352135,0.173968
0.352947,0.174693
0.353761,0.17542
0.354576,0.176149
0.355394,0.176881
0.356213,0.177616
0.357035,0.178354
0.357858,0.179094
0.358683,0.179837
0.35951,0.180583
0.360339,0.181331
0.36117,0.182082
0.362003,0.182836
0.362837,0.183593
0.363674,0.184352
0.364512,0.185114
0.365353,0.185879
0.366195,0.186646
0.36704,0.187417
0.367886,0.18819
0.368734,0.188966
0.369584,0.189744
0.370436,0.190526
0.371291,0.19131
0.372147,0.192097
0.373005,0.192887
0.373865,0.19368
0.374727,0.194475
0.375591,0.195274
0.376457,0.196075
0.377325,0.196879
0.378195,0.197686
0.379067,0.198495
0.379941,0.199308
0.380817,0.200123
0.381695,0.200942
0.382575,0.201763
0.383457,0.202587
0.384341,0.203414
0.385227,0.204244
0.386116,0.205077
0.387006,0.205912
0.387898,0.206751
0.388793,0.207592
0.389689,0.208437
0.390588,0.209284
0.391488,0.210134
0.392391,0.210988
0.393295,0.211844
0.394202,0.212703
0.395111,0.213565
0.396022,0.21443
0.396935,0.215298
0.397851,0.216169
0.398768,0.217043
0.399687,0.21792
0.400609,0.2188
0.401533,0.219683
0.402458,0.220569
0.403386,0.221458
0.404316,0.22235
0.405249,0.223245
0.406183,0.224143
0.40712,0.225044
0.408058,0.225948
0.408999,0.226855
0.409942,0.227765
0.410887,0.228678
0.411835,0.229594
0.412784,0.230513
0.413736,0.231436
0.41469,0.232361
0.415646,0.23329
0.416604,0.234221
0.417565,0.235156
0.418528,0.236094
0.419493,0.237034
0.42046,0.237978
0.42143,0.238925
0.422401,0.239875
0.423375,0.240828
0.424351,0.241785
0.42533,0.242744
0.42631,0.243707
0.427293,0.244672
0.428279,0.245641
0.429266,0.246613
0.430256,0.247588
0.431248,0.248566
0.432242,0.249548
0.433239,0.250532
0.434238,0.25152
0.435239,0.25251
0.436242,0.253504
0.437248,0.254501
0.438256,0.255502
0.439267,0.256505
0.44028,0.257512
0.441295,0.258521
0.442312,0.259534
0.443332,0.26055
0.444354,0.26157
0.445379,0.262592
0.446406,0.263618
0.447435,0.264647
0.448467,0.265679
0.449501,0.266714
0.450537,0.267752
0.451576,0.268794
0.452617,0.269839
0.453661,0.270887
0.454707,0.271938
0.455755,0.272993
0.456806,0.27405
0.457859,0.275111
0.458915,0.276176
0.459973,0.277243
0.461034,0.278313
0.462097,0.279387
0.463162,0.280464
0.46423,0.281544
0.465301,0.282628
0.466373,0.283715
0.467449,0.284805
0.468526,0.285898
0.469607,0.286994
0.47069,0.288094
0.471775,0.289197
0.472863,0.290303
0.473953,0.291412
0.475046,0.292525
0.476141,0.29364
0.477239,0.29476
0.478339,0.295882
0.479442,0.297007
0.480548,0.298136
0.481656,0.299268
0.482766,0.300403
0.483879,0.301542
0.484995,0.302684
0.486113,0.303829
0.487234,0.304977
0.488357,0.306128
0.489483,0.307283
0.490612,0.308441
0.491743,0.309602
0.492877,0.310767
0.494013,0.311934
0.495152,0.313105
0.496294,0.314279
0.497438,0.315457
0.498585,0.316637
0.499735,0.317821
0.500887,0.319008
0.502042,0.320199
0.5032,0.321392
0.50436,0.322589
0.505523,0.323789
0.506688,0.324992
0.507857,0.326199
0.509028,0.327408
0.510201,0.328621
0.511378,0.329837
0.512557,0.331057
0.513739,0.332279
0.514923,0.333505
0.51611,0.334734
0.5173,0.335966
0.518493,0.337201
0.519689,0.33844
0.520887,0.339682
0.522088,0.340927
0.523292,0.342175
0.524498,0.343426
0.525707,0.34468
0.52692,0.345938
0.528135,0.347199
0.529352,0.348463
0.530573,0.34973
0.531796,0.351
0.533022,0.352273
0.534251,0.35355
0.535483,0.35483
0.536718,0.356113
0.537955,0.357399
0.539196,0.358688
0.540439,0.35998
0.541685,0.361275
0.542934,0.362574
0.544186,0.363875
0.54544,0.36518
0.546698,0.366488
0.547959,0.367798
0.549222,0.369112
0.550488,0.370429
0.551758,0.371749
0.55303,0.373072
0.554305,0.374399
0.555583,0.375728
0.556864,0.37706
0.558148,0.378395
0.559435,0.379734
0.560725,0.381075
0.562018,0.382419
0.563313,0.383766
0.564612,0.385117
0.565914,0.38647
0.567219,0.387826
0.568527,0.389186
0.569838,0.390548
0.571152,0.391913
0.572468,0.393281
0.573788,0.394652
0.575111,0.396026
0.576437,0.397403
0.577766,0.398782
0.579099,0.400165
0.580434,0.401551
0.581772,0.402939
0.583114,0.40433
0.584458,0.405724
0.585806,0.407121
0.587156,0.408521
0.58851,0.409924
0.589867,0.411329
0.591227,0.412737
0.59259,0.414148
0.593957,0.415562
0.595326,0.416978
0.596699,0.418398
0.598075,0.419819
0.599454,0.421244
0.600836,0.422672
0.602221,0.424102
0.60361,0.425535
0.605001,0.42697
0.606396,0.428408
0.607794,0.429849
0.609196,0.431292
0.6106,0.432738
0.612008,0.434187
0.613419,0.435638
0.614834,0.437092
0.616251,0.438548
0.617672,0.440007
0.619097,0.441469
0.620524,0.442933
0.621955,0.444399
0.623389,0.445868
0.624826,0.44734
0.626267,0.448813
0.627711,0.45029
0.629158,0.451769
0.630609,0.45325
0.632063,0.454733
0.63352,0.456219
0.634981,0.457707
0.636445,0.459198
0.637912,0.460691
0.639383,0.462186
0.640857,0.463684
0.642335,0.465184
0.643816,0.466686
0.6453,0.46819
0.646788,0.469696
0.64828,0.471205
0.649774,0.472716
0.651273,0.474229
0.652774,0.475744
0.654279,0.477262
0.655788,0.478781
0.6573,0.480302
0.658815,0.481826
0.660334,0.483352
0.661857,0.484879
0.663383,0.486409
0.664913,0.48794
0.666446,0.489474
0.667982,0.491009
0.669522,0.492547
0.671066,0.494086
0.672613,0.495627
0.674164,0.49717
0.675719,0.498715
0.677277,0.500262
0.678838,0.50181
0.680404,0.503361
0.681972,0.504912
0.683545,0.506466
0.685121,0.508022
0.6867,0.509579
0.688284,0.511137
0.689871,0.512698
0.691461,0.514259
0.693056,0.515823
0.694654,0.517388
0.696255,0.518955
0.697861,0.520523
0.69947,0.522092
0.701083,0.523663
0.702699,0.525235
0.704319,0.526809
0.705943,0.528384
0.707571,0.529961
0.709202,0.531539
0.710838,0.533118
0.712477,0.534698
0.714119,0.53628
0.715766,0.537863
0.717416,0.539447
0.71907,0.541032
0.720728,0.542618
0.72239,0.544206
0.724056,0.545794
0.725725,0.547384
0.727398,0.548975
0.729076,0.550566
0.730757,0.552159
0.732442,0.553752
0.73413,0.555347
0.735823,0.556942
0.73752,0.558538
0.73922,0.560135
0.740924,0.561733
0.742633,0.563331
0.744345,0.56493
0.746061,0.56653
0.747782,0.568131
0.749506,0.569732
0.751234,0.571334
0.752966,0.572936
0.754702,0.574539
0.756442,0.576143
0.758186,0.577747
0.759934,0.579351
0.761687,0.580956
0.763443,0.582561
0.765203,0.584166
0.766967,0.585772
0.768736,0.587378
0.770508,0.588985
0.772285,0.590591
0.774066,0.592198
0.77585,0.593805
0.777639,0.595412
0.779432,0.597019
0.781229,0.598627
0.783031,0.600234
0.784836,0.601841
0.786646,0.603448
0.788459,0.605055
0.790277,0.606662
0.7921,0.608269
0.793926,0.609876
0.795756,0.611482
0.797591,0.613088
0.79943,0.614694
0.801273,0.6163
0.803121,0.617905
0.804973,0.61951
0.806829,0.621114
0.808689,0.622718
0.810554,0.624321
0.812423,0.625924
0.814296,0.627526
0.816173,0.629128
0.818055,0.630729
0.819941,0.632329
0.821832,0.633929
0.823727,0.635527
0.825626,0.637125
0.82753,0.638723
0.829438,0.640319
0.83135,0.641914
0.833267,0.643509
0.835188,0.645102
0.837114,0.646694
0.839044,0.648286
0.840979,0.649876
0.842918,0.651465
0.844861,0.653053
0.846809,0.65464
0.848762,0.656225
0.850719,0.657809
0.85268,0.659392
0.854646,0.660974
0.856617,0.662554
0.858592,0.664132
0.860571,0.665709
0.862556,0.667285
0.864545,0.668859
0.866538,0.670431
0.868536,0.672002
0.870538,0.673571
0.872546,0.675138
0.874557,0.676704
0.876574,0.678268
0.878595,0.67983
0.880621,0.68139
0.882651,0.682948
0.884686,0.684504
0.886726,0.686058
0.888771,0.687611
0.89082,0.689161
0.892874,0.690709
0.894933,0.692255
0.896996,0.693798
0.899064,0.69534
0.901137,0.696879
0.903215,0.698415
0.905298,0.69995
0.907385,0.701482
0.909477,0.703011
0.911574,0.704539
0.913676,0.706063
0.915783,0.707585
0.917894,0.709105
0.92001,0.710622
0.922132,0.712136
0.924258,0.713647
0.926389,0.715156
0.928525,0.716662
0.930666,0.718165
0.932812,0.719665
0.934962,0.721162
0.937118,0.722657
0.939279,0.724148
0.941445,0.725636
0.943615,0.727121
0.945791,0.728604
0.947972,0.730083
0.950157,0.731558
0.952348,0.733031
0.954544,0.7345
0.956745,0.735966
0.958951,0.737429
0.961162,0.738888
0.963378,0.740344
0.965599,0.741796
0.967826,0.743245
0.970057,0.744691
0.972294,0.746132
0.974536,0.74757
0.976783,0.749005
0.979035,0.750436
0.981292,0.751863
0.983555,0.753286
0.985823,0.754706
0.988096,0.756121
0.990374,0.757533
0.992657,0.758941
0.994946,0.760345
0.99724,0.761745
0.999539,0.763141
1.00184,0.764533
1.00415,0.765921
1.00647,0.767304
1.00879,0.768684
1.01112,0.770059
1.01345,0.77143
1.01578,0.772797
1.01813,0.774159
1.02047,0.775517
1.02283,0.776871
1.02518,0.77822
1.02755,0.779565
1.02992,0.780905
1.03229,0.782241
1.03467,0.783572
1.03706,0.784899
1.03945,0.786221
1.04185,0.787539
1.04425,0.788851
1.04666,0.790159
1.04907,0.791463
1.05149,0.792761
1.05391,0.794055
1.05634,0.795344
1.05878,0.796627
1.06122,0.797906
1.06367,0.799181
1.06612,0.80045
1.06858,0.801714
1.07104,0.802973
1.07351,0.804227
1.07599,0.805476
1.07847,0.80672
1.08095,0.807958
1.08345,0.809192
1.08594,0.81042
1.08845,0.811643
1.09096,0.812861
1.09347,0.814073
1.09599,0.81528
1.09852,0.816482
1.10105,0.817679
1.10359,0.81887
1.10614,0.820056
1.10869,0.821236
1.11124,0.82241
1.11381,0.82358
1.11637,0.824743
1.11895,0.825902
1.12153,0.827054
1.12411,0.828201
1.12671,0.829343
1.1293,0.830478
1.13191,0.831609
1.13452,0.832733
1.13713,0.833852
1.13975,0.834965
1.14238,0.836072
1.14502,0.837174
1.14766,0.838269
1.1503,0.839359
1.15296,0.840443
1.15561,0.841522
1.15828,0.842594
1.16095,0.843661
1.16363,0.844721
1.16631,0.845776
1.169,0.846825
1.17169,0.847868
1.17439,0.848905
1.1771,0.849936
1.17982,0.850961
1.18254,0.85198
1.18526,0.852993
1.188,0.854
1.19074,0.855
1.19348,0.855995
1.19623,0.856984
1.19899,0.857967
1.20176,0.858943
1.20453,0.859914
1.2073,0.860878
1.21009,0.861837
1.21288,0.862789
1.21567,0.863735
1.21848,0.864675
1.22129,0.865608
1.2241,0.866536
1.22692,0.867457
1.22975,0.868373
1.23259,0.869282
1.23543,0.870185
1.23828,0.871081
1.24113,0.871972
1.244,0.872856
1.24686,0.873734
1.24974,0.874606
1.25262,0.875472
1.25551,0.876331
1.2584,0.877184
1.26131,0.878031
1.26421,0.878872
1.26713,0.879707
1.27005,0.880535
1.27298,0.881357
1.27591,0.882173
1.27886,0.882983
1.2818,0.883786
1.28476,0.884583
1.28772,0.885374
1.29069,0.886159
1.29367,0.886938
1.29665,0.88771
1.29964,0.888477
1.30264,0.889237
1.30564,0.889991
1.30865,0.890738
1.31167,0.89148
1.31469,0.892215
1.31772,0.892945
1.32076,0.893668
1.32381,0.894385
1.32686,0.895096
1.32992,0.8958
1.33298,0.896499
1.33606,0.897191
1.33914,0.897878
1.34223,0.898558
1.34532,0.899232
1.34842,0.899901
1.35153,0.900563
1.35465,0.901219
1.35777,0.901869
1.3609,0.902513
1.36404,0.903151
1.36718,0.903784
1.37034,0.90441
1.3735,0.90503
1.37666,0.905645
1.37984,0.906253
1.38302,0.906856
1.38621,0.907452
1.3894,0.908043
1.39261,0.908628
1.39582,0.909207
1.39904,0.909781
1.40226,0.910349
1.4055,0.91091
1.40874,0.911467
1.41198,0.912017
1.41524,0.912562
1.4185,0.913101
1.42177,0.913634
1.42505,0.914162
1.42834,0.914684
1.43163,0.915201
1.43493,0.915712
1.43824,0.916217
1.44156,0.916717
1.44488,0.917212
1.44821,0.917701
1.45155,0.918184
1.4549,0.918663
1.45825,0.919135
1.46161,0.919603
1.46498,0.920065
1.46836,0.920522
1.47175,0.920973
1.47514,0.92142
1.47854,0.921861
1.48195,0.922297
1.48537,0.922727
1.48879,0.923153
1.49223,0.923573
1.49567,0.923989
1.49912,0.924399
1.50257,0.924804
1.50604,0.925205
1.50951,0.9256
1.51299,0.92599
1.51648,0.926376
1.51997,0.926757
1.52348,0.927132
1.52699,0.927503
1.53051,0.92787
1.53404,0.928231
1.53758,0.928588
1.54112,0.92894
1.54468,0.929288
1.54824,0.92963
1.55181,0.929969
1.55539,0.930303
1.55897,0.930632
1.56257,0.930957
1.56617,0.931277
1.56978,0.931593
1.5734,0.931904
1.57703,0.932212
1.58066,0.932514
1.58431,0.932813
1.58796,0.933108
1.59162,0.933398
1.59529,0.933684
1.59897,0.933966
1.60266,0.934243
1.60635,0.934517
1.61006,0.934787
1.61377,0.935053
1.61749,0.935314
1.62122,0.935572
1.62496,0.935826
1.6287,0.936076
1.63246,0.936323
1.63622,0.936565
1.64,0.936804
1.64378,0.937039
1.64757,0.937271
1.65137,0.937498
1.65517,0.937722
1.65899,0.937943
1.66282,0.93816
1.66665,0.938374
1.67049,0.938584
1.67434,0.938791
1.6782,0.938994
1.68207,0.939194
1.68595,0.939391
1.68984,0.939584
1.69374,0.939774
1.69764,0.939961
1.70156,0.940145
1.70548,0.940326
1.70941,0.940503
1.71335,0.940678
1.7173,0.94085
1.72126,0.941018
1.72523,0.941184
1.72921,0.941346
1.7332,0.941506
1.73719,0.941663
1.7412,0.941817
1.74521,0.941968
1.74924,0.942117
1.75327,0.942263
1.75731,0.942406
1.76136,0.942546
1.76543,0.942684
1.7695,0.94282
1.77358,0.942952
1.77767,0.943083
1.78176,0.943211
1.78587,0.943336
1.78999,0.943459
1.79412,0.943579
1.79825,0.943698
1.8024,0.943814
1.80656,0.943927
1.81072,0.944039
1.8149,0.944148
1.81908,0.944255
1.82327,0.94436
1.82748,0.944463
1.83169,0.944563
1.83592,0.944662
1.84015,0.944758
1.84439,0.944853
1.84864,0.944946
1.85291,0.945036
1.85718,0.945125
1.86146,0.945212
1.86575,0.945297
1.87005,0.94538
1.87437,0.945462
1.87869,0.945541
1.88302,0.945619
1.88736,0.945696
1.89171,0.94577
1.89608,0.945843
1.90045,0.945914
1.90483,0.945984
1.90922,0.946052
1.91362,0.946119
1.91804,0.946184
1.92246,0.946248
1.92689,0.94631
1.93133,0.94637
1.93579,0.94643
1.94025,0.946488
1.94472,0.946544
1.94921,0.9466
1.9537,0.946653
1.95821,0.946706
1.96272,0.946757
1.96725,0.946808
1.97178,0.946857
1.97633,0.946904
1.98089,0.946951
1.98545,0.946996
1.99003,0.947041
1.99462,0.947084
1.99922,0.947126
2.00383,0.947167
2.00845,0.947207
2.01308,0.947246
2.01772,0.947284
2.02237,0.947321
2.02704,0.947357
2.03171,0.947392
2.03639,0.947426
2.04109,0.94746
2.0458,0.947492
2.05051,0.947524
2.05524,0.947555
2.05998,0.947584
2.06473,0.947614
2.06949,0.947642
2.07426,0.947669
2.07904,0.947696
2.08384,0.947722
2.08864,0.947748
2.09346,0.947772
2.09828,0.947796
2.10312,0.947819
2.10797,0.947842
2.11283,0.947864
2.1177,0.947885
2.12259,0.947906
2.12748,0.947926
2.13239,0.947946
2.1373,0.947965
2.14223,0.947983
2.14717,0.948001
2.15212,0.948018
2.15708,0.948035
2.16206,0.948051
2.16704,0.948067
2.17204,0.948083
2.17705,0.948098
2.18207,0.948112
2.1871,0.948126
2.19214,0.948139
2.19719,0.948153
2.20226,0.948165
2.20734,0.948178
2.21243,0.94819
2.21753,0.948201
2.22264,0.948212
2.22777,0.948223
2.2329,0.948234
2.23805,0.948244
2.24321,0.948254
2.24838,0.948263
2.25357,0.948272
2.25876,0.948281
2.26397,0.94829
2.26919,0.948298
2.27442,0.948306
2.27967,0.948314
2.28492,0.948321
2.29019,0.948328
2.29547,0.948335
2.30077,0.948342
2.30607,0.948349
2.31139,0.948355
2.31672,0.948361
2.32206,0.948367
2.32741,0.948372
2.33278,0.948378
2.33816,0.948383
2.34355,0.948388
2.34895,0.948393
2.35437,0.948398
2.3598,0.948402
2.36524,0.948407
2.37069,0.948411
2.37616,0.948415
2.38164,0.948419
2.38713,0.948423
2.39263,0.948426
2.39815,0.94843
2.40368,0.948433
2.40922,0.948436
2.41477,0.948439
2.42034,0.948442
2.42592,0.948445
2.43152,0.948448
2.43712,0.94845
2.44274,0.948453
2.44837,0.948455
2.45402,0.948458
2.45968,0.94846
2.46535,0.948462
2.47103,0.948464
2.47673,0.948466
2.48244,0.948468
2.48816,0.94847
2.4939,0.948472
2.49965,0.948473
2.50542,0.948475
2.51119,0.948477
2.51698,0.948478
2.52279,0.948479
2.5286,0.948481
2.53443,0.948482
2.54028,0.948483
2.54613,0.948484
2.552,0.948486
2.55789,0.948487
2.56379,0.948488
2.5697,0.948489
2.57562,0.94849
2.58156,0.948491
2.58751,0.948491
2.59348,0.948492
2.59946,0.948493
2.60545,0.948494
2.61146,0.948495
2.61748,0.948495
2.62352,0.948496
2.62957,0.948497
2.63563,0.948497
2.64171,0.948498
2.6478,0.948498
2.6539,0.948499
2.66002,0.948499
2.66615,0.9485
2.6723,0.9485
2.67846,0.948501
2.68464,0.948501
2.69083,0.948501
2.69703,0.948502
2.70325,0.948502
2.70948,0.948502
2.71573,0.948503
2.72199,0.948503
2.72827,0.948503
2.73456,0.948504
2.74086,0.948504
2.74718,0.948504
2.75352,0.948504
2.75987,0.948505
2.76623,0.948505
2.77261,0.948505
2.779,0.948505
2.78541,0.948505
2.79183,0.948505
2.79827,0.948506
2.80472,0.948506
2.81119,0.948506
2.81767,0.948506
2.82417,0.948506
2.83068,0.948506
2.8372,0.948506
2.84375,0.948507
2.8503,0.948507
2.85687,0.948507
2.86346,0.948507
2.87006,0.948507
2.87668,0.948507
2.88331,0.948507
2.88996,0.948507
2.89663,0.948507
2.9033,0.948507
2.91,0.948507
2.91671,0.948507
2.92343,0.948507
2.93017,0.948508
2.93693,0.948508
2.9437,0.948508
2.95049,0.948508
2.95729,0.948508
2.96411,0.948508
2.97094,0.948508
2.97779,0.948508
2.98466,0.948508
2.99154,0.948508
2.99844,0.948508
3.00535,0.948508
3.01228,0.948508
3.01923,0.948508
3.02619,0.948508
3.03317,0.948508
3.04016,0.948508
3.04717,0.948508
3.0542,0.948508
3.06124,0.948508
3.0683,0.948508
3.07537,0.948508
3.08246,0.948508
3.08957,0.948508
3.09669,0.948508
3.10383,0.948508
3.11099,0.948508
3.11816,0.948508
3.12535,0.948508
3.13256,0.948508
3.13978,0.948508
3.14702,0.948508
3.15428,0.948508
3.16155,0.948508
3.16884,0.948508
3.17615,0.948508
3.18347,0.948508
3.19081,0.948508
3.19817,0.948508
3.20554,0.948508
3.21293,0.948508
3.22034,0.948508
3.22776,0.948508
3.23521,0.948508
3.24267,0.948508
3.25014,0.948508
3.25764,0.948508
3.26515,0.948508
3.27268,0.948508
3.28022,0.948508
3.28778,0.948508
3.29537,0.948508
3.30296,0.948508
3.31058,0.948508
3.31821,0.948508
3.32586,0.948508
3.33353,0.948508
3.34122,0.948508
3.34892,0.948508
3.35664,0.948508
3.36438,0.948508
3.37214,0.948508
3.37992,0.948508
3.38771,0.948508
3.39552,0.948508
3.40335,0.948508
3.4112,0.948508
3.41906,0.948508
3.42694,0.948508
3.43485,0.948508
3.44277,0.948508
3.4507,0.948508
3.45866,0.948508
3.46663,0.948508
3.47463,0.948508
3.48264,0.948508
3.49067,0.948508
3.49872,0.948508
3.50678,0.948508
3.51487,0.948508
3.52297,0.948508
3.5311,0.948508
3.53924,0.948508
3.5474,0.948508
3.55558,0.948508
3.56378,0.948508
3.57199,0.948508
3.58023,0.948508
3.58848,0.948508
3.59676,0.948508
3.60505,0.948508
3.61336,0.948508
3.62169,0.948508
3.63004,0.948508
3.63841,0.948508
3.6468,0.948508
3.65521,0.948508
3.66364,0.948508
3.67209,0.948508
3.68055,0.948508
3.68904,0.948508
3.69755,0.948508
3.70607,0.948508
3.71462,0.948508
3.72318,0.948508
3.73177,0.948508
3.74037,0.948508
3.74899,0.948508
3.75764,0.948508
3.7663,0.948508
3.77499,0.948508
3.78369,0.948508
3.79241,0.948508
3.80116,0.948508
3.80992,0.948508
3.81871,0.948508
3.82751,0.948508
3.83634,0.948508
3.84518,0.948508
3.85405,0.948508
3.86293,0.948508
3.87184,0.948508
3.88077,0.948508
3.88972,0.948508
3.89869,0.948508
3.90767,0.948508
3.91668,0.948508
3.92572,0.948508
3.93477,0.948508
3.94384,0.948508
3.95293,0.948508
3.96205,0.948508
3.97118,0.948508
3.98034,0.948508
3.98952,0.948508
3.99871,0.948508
4.00793,0.948508
4.01718,0.948508
4.02644,0.948508
4.03572,0.948508
4.04503,0.948508
4.05435,0.948508
4.0637,0.948508
4.07307,0.948508
4.08246,0.948508
4.09188,0.948508
4.10131,0.948508
4.11077,0.948508
4.12024,0.948508
4.12974,0.948508
4.13927,0.948508
4.14881,0.948508
4.15838,0.948508
4.16796,0.948508
4.17757,0.948508
4.18721,0.948508
4.19686,0.948508
4.20654,0.948508
4.21624,0.948508
4.22596,0.948508
4.2357,0.948508
4.24547,0.948508
4.25526,0.948508
4.26507,0.948508
4.2749,0.948508
4.28476,0.948508
4.29464,0.948508
4.30454,0.948508
4.31447,0.948508
4.32441,0.948508
4.33438,0.948508
4.34438,0.948508
4.35439,0.948508
4.36443,0.948508
4.3745,0.948508
4.38458,0.948508
4.39469,0.948508
4.40483,0.948508
4.41498,0.948508
4.42516,0.948508
4.43537,0.948508
4.44559,0.948508
4.45584,0.948508
4.46612,0.948508
4.47641,0.948508
4.48673,0.948508
4.49708,0.948508
4.50745,0.948508
4.51784,0.948508
4.52826,0.948508
4.5387,0.948508
4.54916,0.948508
4.55965,0.948508
4.57017,0.948508
4.5807,0.948508
4.59127,0.948508
4.60185,0.948508
4.61246,0.948508
4.6231,0.948508
4.63376,0.948508
4.64444,0.948508
4.65515,0.948508
4.66588,0.948508
4.67664,0.948508
4.68742,0.948508
4.69823,0.948508
4.70906,0.948508
4.71992,0.948508
4.7308,0.948508
4.74171,0.948508
4.75265,0.948508
4.7636,0.948508
4.77459,0.948508
4.7856,0.948508
4.79663,0.948508
4.80769,0.948508
4.81877,0.948508
4.82988,0.948508
4.84102,0.948508
4.85218,0.948508
4.86337,0.948508
4.87458,0.948508
4.88582,0.948508
4.89709,0.948508
4.90838,0.948508
4.9197,0.948508
4.93104,0.948508
4.94241,0.948508
4.95381,0.948508
4.96523,0.948508
4.97668,0.948508
4.98815,0.948508
4.99965,0.948508
5.01118,0.948508
5.02273,0.948508
5.03432,0.948508
5.04592,0.948508
5.05756,0.948508
5.06922,0.948508
5.08091,0.948508
5.09262,0.948508
5.10436,0.948508
5.11613,0.948508
5.12793,0.948508
5.13975,0.948508
5.1516,0.948508
5.16348,0.948508
5.17539,0.948508
5.18732,0.948508
5.19928,0.948508
5.21127,0.948508
5.22328,0.948508
5.23533,0.948508
5.2474,0.948508
5.2595,0.948508
5.27162,0.948508
5.28378,0.948508
5.29596,0.948508
5.30817,0.948508
5.32041,0.948508
5.33268,0.948508
5.34497,0.948508
5.3573,0.948508
5.36965,0.948508
5.38203,0.948508
5.39444,0.948508
5.40688,0.948508
5.41934,0.948508
5.43184,0.948508
5.44436,0.948508
5.45692,0.948508
5.4695,0.948508
5.48211,0.948508
5.49475,0.948508
5.50742,0.948508
5.52012,0.948508
5.53285,0.948508
5.5456,0.948508
5.55839,0.948508
5.57121,0.948508
5.58405,0.948508
5.59693,0.948508
5.60983,0.948508
5.62277,0.948508
5.63573,0.948508
5.64872,0.948508
5.66175,0.948508
5.6748,0.948508
5.68789,0.948508
5.701,0.948508
5.71415,0.948508
5.72732,0.948508
5.74053,0.948508
5.75376,0.948508
5.76703,0.948508
5.78033,0.948508
5.79365,0.948508
5.80701,0.948508
5.8204,0.948508
5.83382,0.948508
5.84727,0.948508
5.86076,0.948508
5.87427,0.948508
5.88781,0.948508
5.90139,0.948508
5.915,0.948508
5.92863,0.948508
5.9423,0.948508
5.956,0.948508
5.96974,0.948508
5.9835,0.948508
5.9973,0.948508
6.01113,0.948508
6.02499,0.948508
6.03888,0.948508
6.0528,0.948508
6.06676,0.948508
6.08074,0.948508
6.09477,0.948508
6.10882,0.948508
6.1229,0.948508
6.13702,0.948508
6.15117,0.948508
6.16535,0.948508
6.17957,0.948508
6.19382,0.948508
6.2081,0.948508
6.22241,0.948508
6.23676,0.948508
6.25114,0.948508
6.26555,0.948508
6.28,0.948508
6.29448,0.948508
6.30899,0.948508
6.32354,0.948508
6.33812,0.948508
6.35273,0.948508
6.36738,0.948508
6.38206,0.948508
6.39678,0.948508
6.41153,0.948508
6.42631,0.948508
6.44113,0.948508
6.45598,0.948508
6.47086,0.948508
6.48578,0.948508
6.50074,0.948508
6.51573,0.948508
6.53075,0.948508
6.54581,0.948508
6.5609,0.948508
6.57603,0.948508
6.59119,0.948508
6.60639,0.948508
6.62162,0.948508
6.63689,0.948508
6.65219,0.948508
6.66753,0.948508
6.6829,0.948508
6.69831,0.948508
6.71375,0.948508
6.72923,0.948508
6.74475,0.948508
6.7603,0.948508
6.77589,0.948508
6.79151,0.948508
6.80717,0.948508
6.82287,0.948508
6.8386,0.948508
6.85436,0.948508
6.87017,0.948508
6.88601,0.948508
6.90189,0.948508
6.9178,0.948508
6.93375,0.948508
6.94974,0.948508
6.96576,0.948508
6.98182,0.948508
6.99792,0.948508
7.01406,0.948508
7.03023,0.948508
7.04644,0.948508
7.06268,0.948508
7.07897,0.948508
7.09529,0.948508
7.11165,0.948508
7.12805,0.948508
7.14448,0.948508
7.16096,0.948508
7.17747,0.948508
7.19402,0.948508
7.2106,0.948508
7.22723,0.948508
7.24389,0.948508
7.26059,0.948508
7.27734,0.948508
7.29411,0.948508
7.31093,0.948508
7.32779,0.948508
7.34469,0.948508
7.36162,0.948508
7.37859,0.948508
7.39561,0.948508
7.41266,0.948508
7.42975,0.948508
7.44688,0.948508
7.46405,0.948508
7.48126,0.948508
7.49851,0.948508
7.5158,0.948508
7.53313,0.948508
7.5505,0.948508
7.56791,0.948508
7.58536,0.948508
7.60285,0.948508
7.62038,0.948508
7.63795,0.948508
7.65556,0.948508
7.67321,0.948508
7.6909,0.948508
7.70863,0.948508
7.72641,0.948508
7.74422,0.948508
7.76208,0.948508
7.77997,0.948508
7.79791,0.948508
7.81589,0.948508
7.83391,0.948508
7.85198,0.948508
7.87008,0.948508
7.88823,0.948508
7.90641,0.948508
7.92464,0.948508
7.94292,0.948508
7.96123,0.948508
7.97959,0.948508
7.99799,0.948508
8.01643,0.948508
8.03491,0.948508
8.05344,0.948508
8.072,0.948508
8.09062,0.948508
8.10927,0.948508
8.12797,0.948508
8.14671,0.948508
8.16549,0.948508
8.18432,0.948508
8.20319,0.948508
8.2221,0.948508
8.24106,0.948508
8.26006,0.948508
8.27911,0.948508
8.2982,0.948508
8.31733,0.948508
8.33651,0.948508
8.35573,0.948508
8.375,0.948508
8.39431,0.948508
8.41366,0.948508
8.43306,0.948508
8.4525,0.948508
8.47199,0.948508
8.49153,0.948508
8.51111,0.948508
8.53073,0.948508
8.5504,0.948508
8.57011,0.948508
8.58987,0.948508
8.60968,0.948508
8.62953,0.948508
8.64943,0.948508
8.66937,0.948508
8.68936,0.948508
8.7094,0.948508
8.72948,0.948508
8.7496,0.948508
8.76978,0.948508
8.79,0.948508
8.81027,0.948508
8.83058,0.948508
8.85094,0.948508
8.87135,0.948508
8.8918,0.948508
8.9123,0.948508
8.93285,0.948508
8.95345,0.948508
8.97409,0.948508
8.99479,0.948508
9.01552,0.948508
9.03631,0.948508
9.05715,0.948508
9.07803,0.948508
9.09896,0.948508
9.11994,0.948508
9.14097,0.948508
9.16204,0.948508
9.18317,0.948508
9.20434,0.948508
9.22557,0.948508
9.24684,0.948508
9.26816,0.948508
9.28953,0.948508
9.31095,0.948508
9.33241,0.948508
9.35393,0.948508
9.3755,0.948508
9.39712,0.948508
9.41878,0.948508
9.4405,0.948508
9.46227,0.948508
9.48408,0.948508
9.50595,0.948508
9.52787,0.948508
9.54984,0.948508
9.57186,0.948508
9.59393,0.948508
9.61605,0.948508
9.63822,0.948508
9.66044,0.948508
9.68272,0.948508
9.70504,0.948508
9.72742,0.948508
9.74985,0.948508
9.77233,0.948508
9.79486,0.948508
9.81744,0.948508
9.84008,0.948508
9.86277,0.948508
9.88551,0.948508
9.9083,0.948508
9.93115,0.948508
9.95405,0.948508
9.977,0.948508
10,0.948508
