r,N
0.0001,2.87727e-08
0.000100231,2.89056e-08
0.000100462,2.9039e-08
0.000100693,2.91731e-08
0.000100925,2.93078e-08
0.000101158,2.94431e-08
0.000101391,2.9579e-08
0.000101625,2.97156e-08
0.00010186,2.98528e-08
0.000102094,2.99906e-08
0.00010233,3.0129e-08
0.000102566,3.02681e-08
0.000102802,3.04079e-08
0.000103039,3.05483e-08
0.000103277,3.06893e-08
0.000103515,3.0831e-08
0.000103754,3.09733e-08
0.000103993,3.11163e-08
0.000104233,3.126e-08
0.000104473,3.14043e-08
0.000104714,3.15493e-08
0.000104955,3.16949e-08
0.000105197,3.18412e-08
0.00010544,3.19882e-08
0.000105683,3.21359e-08
0.000105927,3.22843e-08
0.000106171,3.24333e-08
0.000106416,3.25831e-08
0.000106661,3.27335e-08
0.000106907,3.28846e-08
0.000107153,3.30364e-08
0.0001074,3.3189e-08
0.000107648,3.33422e-08
0.000107896,3.34961e-08
0.000108145,3.36508e-08
0.000108394,3.38061e-08
0.000108644,3.39622e-08
0.000108895,3.4119e-08
0.000109146,3.42765e-08
0.000109398,3.44347e-08
0.00010965,3.45937e-08
0.000109903,3.47534e-08
0.000110156,3.49139e-08
0.00011041,3.50751e-08
0.000110665,3.5237e-08
0.00011092,3.53997e-08
0.000111176,3.55631e-08
0.000111432,3.57273e-08
0.000111689,3.58922e-08
0.000111946,3.60579e-08
0.000112204,3.62244e-08
0.000112463,3.63916e-08
0.000112722,3.65597e-08
0.000112982,3.67284e-08
0.000113243,3.6898e-08
0.000113504,3.70684e-08
0.000113766,3.72395e-08
0.000114028,3.74114e-08
0.000114291,3.75841e-08
0.000114554,3.77576e-08
0.000114819,3.7932e-08
0.000115083,3.81071e-08
0.000115349,3.8283e-08
0.000115615,3.84598e-08
0.000115881,3.86373e-08
0.000116148,3.88157e-08
0.000116416,3.89949e-08
0.000116685,3.91749e-08
0.000116954,3.93558e-08
0.000117223,3.95375e-08
0.000117494,3.972e-08
0.000117764,3.99034e-08
0.000118036,4.00876e-08
0.000118308,4.02727e-08
0.000118581,4.04586e-08
0.000118854,4.06454e-08
0.000119128,4.0833e-08
0.000119403,4.10216e-08
0.000119678,4.12109e-08
0.000119954,4.14012e-08
0.000120231,4.15923e-08
0.000120508,4.17844e-08
0.000120786,4.19773e-08
0.000121064,4.21711e-08
0.000121344,4.23657e-08
0.000121623,4.25613e-08
0.000121904,4.27578e-08
0.000122185,4.29552e-08
0.000122467,4.31535e-08
0.000122749,4.33528e-08
0.000123032,4.35529e-08
0.000123316,4.3754e-08
0.0001236,4.3956e-08
0.000123885,4.41589e-08
0.000124171,4.43628e-08
0.000124457,4.45676e-08
0.000124744,4.47734e-08
0.000125031,4.49801e-08
0.00012532,4.51877e-08
0.000125609,4.53963e-08
0.000125898,4.56059e-08
0.000126189,4.58165e-08
0.00012648,4.6028e-08
0.000126771,4.62405e-08
0.000127063,4.6454e-08
0.000127356,4.66684e-08
0.00012765,4.68839e-08
0.000127944,4.71003e-08
0.000128239,4.73178e-08
0.000128535,4.75362e-08
0.000128831,4.77557e-08
0.000129129,4.79762e-08
0.000129426,4.81977e-08
0.000129725,4.84202e-08
0.000130024,4.86437e-08
0.000130324,4.88683e-08
0.000130624,4.90939e-08
0.000130925,4.93206e-08
0.000131227,4.95483e-08
0.00013153,4.9777e-08
0.000131833,5.00068e-08
0.000132137,5.02377e-08
0.000132442,5.04696e-08
0.000132747,5.07026e-08
0.000133053,5.09367e-08
0.00013336,5.11719e-08
0.000133667,5.14081e-08
0.000133976,5.16455e-08
0.000134284,5.18839e-08
0.000134594,5.21234e-08
0.000134904,5.23641e-08
0.000135215,5.26058e-08
0.000135527,5.28487e-08
0.00013584,5.30927e-08
0.000136153,5.33378e-08
0.000136467,5.3584e-08
0.000136781,5.38314e-08
0.000137097,5.40799e-08
0.000137413,5.43296e-08
0.00013773,5.45804e-08
0.000138047,5.48324e-08
0.000138366,5.50855e-08
0.000138685,5.53399e-08
0.000139004,5.55954e-08
0.000139325,5.5852e-08
0.000139646,5.61099e-08
0.000139968,5.63689e-08
0.000140291,5.66292e-08
0.000140614,5.68906e-08
0.000140939,5.71532e-08
0.000141264,5.74171e-08
0.000141589,5.76822e-08
0.000141916,5.79485e-08
0.000142243,5.8216e-08
0.000142571,5.84848e-08
0.0001429,5.87548e-08
0.000143229,5.9026e-08
0.000143559,5.92985e-08
0.00014389,5.95723e-08
0.000144222,5.98473e-08
0.000144555,6.01236e-08
0.000144888,6.04012e-08
0.000145222,6.06801e-08
0.000145557,6.09602e-08
0.000145892,6.12416e-08
0.000146229,6.15244e-08
0.000146566,6.18084e-08
0.000146904,6.20938e-08
0.000147243,6.23804e-08
0.000147582,6.26684e-08
0.000147922,6.29578e-08
0.000148263,6.32484e-08
0.000148605,6.35404e-08
0.000148948,6.38338e-08
0.000149291,6.41285e-08
0.000149636,6.44245e-08
0.000149981,6.4722e-08
0.000150326,6.50208e-08
0.000150673,6.53209e-08
0.00015102,6.56225e-08
0.000151369,6.59255e-08
0.000151718,6.62298e-08
0.000152068,6.65356e-08
0.000152418,6.68428e-08
0.00015277,6.71514e-08
0.000153122,6.74614e-08
0.000153475,6.77728e-08
0.000153829,6.80857e-08
0.000154183,6.84001e-08
0.000154539,6.87158e-08
0.000154895,6.90331e-08
0.000155252,6.93518e-08
0.00015561,6.9672e-08
0.000155969,6.99936e-08
0.000156329,7.03168e-08
0.000156689,7.06414e-08
0.00015705,7.09675e-08
0.000157413,7.12952e-08
0.000157776,7.16243e-08
0.000158139,7.1955e-08
0.000158504,7.22872e-08
0.000158869,7.26209e-08
0.000159236,7.29562e-08
0.000159603,7.3293e-08
0.000159971,7.36314e-08
0.00016034,7.39713e-08
0.000160709,7.43128e-08
0.00016108,7.46559e-08
0.000161451,7.50006e-08
0.000161824,7.53468e-08
0.000162197,7.56947e-08
0.000162571,7.60441e-08
0.000162946,7.63952e-08
0.000163321,7.67479e-08
0.000163698,7.71022e-08
0.000164075,7.74582e-08
0.000164454,7.78158e-08
0.000164833,7.8175e-08
0.000165213,7.85359e-08
0.000165594,7.88985e-08
0.000165976,7.92628e-08
0.000166358,7.96287e-08
0.000166742,7.99963e-08
0.000167126,8.03657e-08
0.000167512,8.07367e-08
0.000167898,8.11094e-08
0.000168285,8.14839e-08
0.000168673,8.18601e-08
0.000169062,8.2238e-08
0.000169452,8.26177e-08
0.000169842,8.29991e-08
0.000170234,8.33823e-08
0.000170626,8.37672e-08
0.00017102,8.41539e-08
0.000171414,8.45425e-08
0.000171809,8.49328e-08
0.000172206,8.53249e-08
0.000172603,8.57188e-08
0.000173001,8.61145e-08
0.000173399,8.65121e-08
0.000173799,8.69115e-08
0.0001742,8.73128e-08
0.000174602,8.77158e-08
0.000175004,8.81208e-08
0.000175408,8.85276e-08
0.000175812,8.89363e-08
0.000176218,8.93469e-08
0.000176624,8.97594e-08
0.000177031,9.01738e-08
0.000177439,9.05901e-08
0.000177848,9.10084e-08
0.000178258,9.14285e-08
0.000178669,9.18506e-08
0.000179081,9.22747e-08
0.000179494,9.27007e-08
0.000179908,9.31286e-08
0.000180323,9.35586e-08
0.000180739,9.39905e-08
0.000181156,9.44245e-08
0.000181573,9.48604e-08
0.000181992,9.52983e-08
0.000182411,9.57383e-08
0.000182832,9.61803e-08
0.000183254,9.66243e-08
0.000183676,9.70704e-08
0.0001841,9.75186e-08
0.000184524,9.79688e-08
0.00018495,9.84211e-08
0.000185376,9.88755e-08
0.000185803,9.93319e-08
0.000186232,9.97905e-08
0.000186661,1.00251e-07
0.000187092,1.00714e-07
0.000187523,1.01179e-07
0.000187955,1.01646e-07
0.000188389,1.02115e-07
0.000188823,1.02587e-07
0.000189259,1.0306e-07
0.000189695,1.03536e-07
0.000190132,1.04014e-07
0.000190571,1.04494e-07
0.00019101,1.04977e-07
0.00019145,1.05462e-07
0.000191892,1.05948e-07
0.000192334,1.06438e-07
0.000192778,1.06929e-07
0.000193222,1.07423e-07
0.000193668,1.07919e-07
0.000194114,1.08417e-07
0.000194562,1.08917e-07
0.000195011,1.0942e-07
0.00019546,1.09925e-07
0.000195911,1.10433e-07
0.000196363,1.10943e-07
0.000196815,1.11455e-07
0.000197269,1.11969e-07
0.000197724,1.12486e-07
0.00019818,1.13006e-07
0.000198637,1.13527e-07
0.000199095,1.14051e-07
0.000199554,1.14578e-07
0.000200014,1.15107e-07
0.000200475,1.15638e-07
0.000200937,1.16172e-07
0.000201401,1.16709e-07
0.000201865,1.17247e-07
0.00020233,1.17789e-07
0.000202797,1.18333e-07
0.000203265,1.18879e-07
0.000203733,1.19428e-07
0.000204203,1.19979e-07
0.000204674,1.20533e-07
0.000205146,1.21089e-07
0.000205619,1.21648e-07
0.000206093,1.2221e-07
0.000206568,1.22774e-07
0.000207044,1.23341e-07
0.000207522,1.2391e-07
0.000208,1.24483e-07
0.00020848,1.25057e-07
0.00020896,1.25635e-07
0.000209442,1.26215e-07
0.000209925,1.26797e-07
0.000210409,1.27383e-07
0.000210894,1.27971e-07
0.000211381,1.28562e-07
0.000211868,1.29155e-07
0.000212356,1.29751e-07
0.000212846,1.3035e-07
0.000213337,1.30952e-07
0.000213829,1.31557e-07
0.000214322,1.32164e-07
0.000214816,1.32774e-07
0.000215311,1.33387e-07
0.000215808,1.34003e-07
0.000216305,1.34622e-07
0.000216804,1.35243e-07
0.000217304,1.35868e-07
0.000217805,1.36495e-07
0.000218307,1.37125e-07
0.00021881,1.37758e-07
0.000219315,1.38394e-07
0.000219821,1.39033e-07
0.000220327,1.39675e-07
0.000220835,1.4032e-07
0.000221345,1.40968e-07
0.000221855,1.41618e-07
0.000222367,1.42272e-07
0.000222879,1.42929e-07
0.000223393,1.43589e-07
0.000223908,1.44252e-07
0.000224424,1.44918e-07
0.000224942,1.45587e-07
0.000225461,1.46259e-07
0.00022598,1.46934e-07
0.000226501,1.47613e-07
0.000227024,1.48294e-07
0.000227547,1.48979e-07
0.000228072,1.49666e-07
0.000228598,1.50357e-07
0.000229125,1.51052e-07
0.000229653,1.51749e-07
0.000230183,1.5245e-07
0.000230713,1.53153e-07
0.000231245,1.5386e-07
0.000231778,1.54571e-07
0.000232313,1.55284e-07
0.000232848,1.56001e-07
0.000233385,1.56721e-07
0.000233923,1.57445e-07
0.000234463,1.58172e-07
0.000235003,1.58902e-07
0.000235545,1.59636e-07
0.000236088,1.60373e-07
0.000236633,1.61113e-07
0.000237178,1.61857e-07
0.000237725,1.62604e-07
0.000238273,1.63355e-07
0.000238823,1.64109e-07
0.000239373,1.64867e-07
0.000239925,1.65628e-07
0.000240478,1.66392e-07
0.000241033,1.67161e-07
0.000241589,1.67932e-07
0.000242146,1.68708e-07
0.000242704,1.69487e-07
0.000243264,1.70269e-07
0.000243825,1.71055e-07
0.000244387,1.71845e-07
0.00024495,1.72638e-07
0.000245515,1.73435e-07
0.000246081,1.74236e-07
0.000246648,1.7504e-07
0.000247217,1.75848e-07
0.000247787,1.7666e-07
0.000248358,1.77476e-07
0.000248931,1.78295e-07
0.000249505,1.79118e-07
0.00025008,1.79945e-07
0.000250657,1.80776e-07
0.000251235,1.81611e-07
0.000251814,1.82449e-07
0.000252395,1.83291e-07
0.000252977,1.84138e-07
0.00025356,1.84988e-07
0.000254145,1.85842e-07
0.000254731,1.867e-07
0.000255318,1.87562e-07
0.000255907,1.88428e-07
0.000256497,1.89297e-07
0.000257088,1.90171e-07
0.000257681,1.91049e-07
0.000258275,1.91931e-07
0.000258871,1.92818e-07
0.000259467,1.93708e-07
0.000260066,1.94602e-07
0.000260665,1.955e-07
0.000261266,1.96403e-07
0.000261869,1.9731e-07
0.000262473,1.98221e-07
0.000263078,1.99136e-07
0.000263684,2.00055e-07
0.000264292,2.00979e-07
0.000264902,2.01907e-07
0.000265512,2.02839e-07
0.000266125,2.03775e-07
0.000266738,2.04716e-07
0.000267353,2.05661e-07
0.00026797,2.06611e-07
0.000268588,2.07564e-07
0.000269207,2.08523e-07
0.000269828,2.09485e-07
0.00027045,2.10452e-07
0.000271073,2.11424e-07
0.000271698,2.124e-07
0.000272325,2.13381e-07
0.000272953,2.14366e-07
0.000273582,2.15356e-07
0.000274213,2.1635e-07
0.000274845,2.17349e-07
0.000275479,2.18352e-07
0.000276114,2.1936e-07
0.000276751,2.20373e-07
0.000277389,2.2139e-07
0.000278028,2.22412e-07
0.000278669,2.23439e-07
0.000279312,2.24471e-07
0.000279956,2.25507e-07
0.000280601,2.26548e-07
0.000281248,2.27594e-07
0.000281897,2.28645e-07
0.000282547,2.297e-07
0.000283198,2.30761e-07
0.000283851,2.31826e-07
0.000284506,2.32896e-07
0.000285162,2.33972e-07
0.000285819,2.35052e-07
0.000286478,2.36137e-07
0.000287139,2.37227e-07
0.000287801,2.38322e-07
0.000288464,2.39423e-07
0.000289129,2.40528e-07
0.000289796,2.41638e-07
0.000290464,2.42754e-07
0.000291134,2.43875e-07
0.000291805,2.45001e-07
0.000292478,2.46132e-07
0.000293152,2.47268e-07
0.000293828,2.4841e-07
0.000294506,2.49556e-07
0.000295185,2.50709e-07
0.000295865,2.51866e-07
0.000296548,2.53029e-07
0.000297231,2.54197e-07
0.000297917,2.55371e-07
0.000298604,2.5655e-07
0.000299292,2.57734e-07
0.000299982,2.58924e-07
0.000300674,2.60119e-07
0.000301367,2.6132e-07
0.000302062,2.62527e-07
0.000302758,2.63739e-07
0.000303456,2.64956e-07
0.000304156,2.66179e-07
0.000304857,2.67408e-07
0.00030556,2.68643e-07
0.000306265,2.69883e-07
0.000306971,2.71129e-07
0.000307679,2.72381e-07
0.000308388,2.73638e-07
0.000309099,2.74902e-07
0.000309812,2.76171e-07
0.000310526,2.77446e-07
0.000311242,2.78727e-07
0.00031196,2.80013e-07
0.000312679,2.81306e-07
0.0003134,2.82605e-07
0.000314123,2.8391e-07
0.000314847,2.8522e-07
0.000315573,2.86537e-07
0.000316301,2.8786e-07
0.00031703,2.89189e-07
0.000317761,2.90524e-07
0.000318494,2.91865e-07
0.000319228,2.93213e-07
0.000319964,2.94566e-07
0.000320702,2.95926e-07
0.000321441,2.97293e-07
0.000322182,2.98665e-07
0.000322925,3.00044e-07
0.00032367,3.01429e-07
0.000324416,3.02821e-07
0.000325164,3.04219e-07
0.000325914,3.05623e-07
0.000326665,3.07034e-07
0.000327418,3.08452e-07
0.000328173,3.09876e-07
0.00032893,3.11306e-07
0.000329688,3.12744e-07
0.000330449,3.14187e-07
0.00033121,3.15638e-07
0.000331974,3.17095e-07
0.00033274,3.18559e-07
0.000333507,3.2003e-07
0.000334276,3.21507e-07
0.000335046,3.22992e-07
0.000335819,3.24483e-07
0.000336593,3.25981e-07
0.000337369,3.27486e-07
0.000338147,3.28998e-07
0.000338927,3.30517e-07
0.000339708,3.32042e-07
0.000340492,3.33575e-07
0.000341277,3.35115e-07
0.000342064,3.36663e-07
0.000342852,3.38217e-07
0.000343643,3.39778e-07
0.000344435,3.41347e-07
0.000345229,3.42923e-07
0.000346025,3.44506e-07
0.000346823,3.46097e-07
0.000347623,3.47694e-07
0.000348424,3.493e-07
0.000349228,3.50912e-07
0.000350033,3.52532e-07
0.00035084,3.5416e-07
0.000351649,3.55795e-07
0.00035246,3.57437e-07
0.000353272,3.59088e-07
0.000354087,3.60745e-07
0.000354903,3.62411e-07
0.000355722,3.64084e-07
0.000356542,3.65765e-07
0.000357364,3.67454e-07
0.000358188,3.6915e-07
0.000359014,3.70854e-07
0.000359841,3.72566e-07
0.000360671,3.74286e-07
0.000361503,3.76014e-07
0.000362336,3.7775e-07
0.000363172,3.79494e-07
0.000364009,3.81246e-07
0.000364848,3.83006e-07
0.00036569,3.84775e-07
0.000366533,3.86551e-07
0.000367378,3.88336e-07
0.000368225,3.90128e-07
0.000369074,3.9193e-07
0.000369925,3.93739e-07
0.000370778,3.95557e-07
0.000371633,3.97383e-07
0.00037249,3.99218e-07
0.000373349,4.01061e-07
0.000374209,4.02912e-07
0.000375072,4.04772e-07
0.000375937,4.06641e-07
0.000376804,4.08518e-07
0.000377673,4.10404e-07
0.000378543,4.12299e-07
0.000379416,4.14203e-07
0.000380291,4.16115e-07
0.000381168,4.18036e-07
0.000382047,4.19966e-07
0.000382928,4.21905e-07
0.00038381,4.23853e-07
0.000384695,4.25809e-07
0.000385582,4.27775e-07
0.000386471,4.2975e-07
0.000387363,4.31734e-07
0.000388256,4.33727e-07
0.000389151,4.3573e-07
0.000390048,4.37741e-07
0.000390947,4.39762e-07
0.000391849,4.41793e-07
0.000392752,4.43832e-07
0.000393658,4.45881e-07
0.000394566,4.4794e-07
0.000395475,4.50008e-07
0.000396387,4.52085e-07
0.000397301,4.54172e-07
0.000398217,4.56269e-07
0.000399135,4.58376e-07
0.000400056,4.60492e-07
0.000400978,4.62618e-07
0.000401903,4.64754e-07
0.000402829,4.66899e-07
0.000403758,4.69055e-07
0.000404689,4.7122e-07
0.000405622,4.73396e-07
0.000406557,4.75581e-07
0.000407495,4.77777e-07
0.000408434,4.79983e-07
0.000409376,4.82199e-07
0.00041032,4.84425e-07
0.000411266,4.86661e-07
0.000412214,4.88908e-07
0.000413165,4.91165e-07
0.000414117,4.93433e-07
0.000415072,4.95711e-07
0.000416029,4.97999e-07
0.000416988,5.00299e-07
0.00041795,5.02608e-07
0.000418914,5.04929e-07
0.000419879,5.0726e-07
0.000420848,5.09602e-07
0.000421818,5.11954e-07
0.000422791,5.14318e-07
0.000423765,5.16692e-07
0.000424742,5.19078e-07
0.000425722,5.21474e-07
0.000426703,5.23882e-07
0.000427687,5.263e-07
0.000428673,5.2873e-07
0.000429662,5.31171e-07
0.000430652,5.33623e-07
0.000431645,5.36087e-07
0.000432641,5.38562e-07
0.000433638,5.41048e-07
0.000434638,5.43546e-07
0.00043564,5.46056e-07
0.000436645,5.48577e-07
0.000437651,5.51109e-07
0.00043866,5.53653e-07
0.000439672,5.5621e-07
0.000440686,5.58777e-07
0.000441702,5.61357e-07
0.00044272,5.63949e-07
0.000443741,5.66552e-07
0.000444764,5.69168e-07
0.000445789,5.71796e-07
0.000446817,5.74435e-07
0.000447848,5.77087e-07
0.00044888,5.79752e-07
0.000449915,5.82428e-07
0.000450953,5.85117e-07
0.000451992,5.87818e-07
0.000453034,5.90532e-07
0.000454079,5.93259e-07
0.000455126,5.95997e-07
0.000456175,5.98749e-07
0.000457227,6.01513e-07
0.000458281,6.0429e-07
0.000459338,6.0708e-07
0.000460397,6.09883e-07
0.000461459,6.12698e-07
0.000462523,6.15527e-07
0.000463589,6.18369e-07
0.000464658,6.21224e-07
0.000465729,6.24092e-07
0.000466803,6.26973e-07
0.00046788,6.29867e-07
0.000468958,6.32775e-07
0.00047004,6.35697e-07
0.000471123,6.38632e-07
0.00047221,6.4158e-07
0.000473298,6.44542e-07
0.00047439,6.47518e-07
0.000475483,6.50507e-07
0.00047658,6.5351e-07
0.000477679,6.56527e-07
0.00047878,6.59558e-07
0.000479884,6.62603e-07
0.00048099,6.65662e-07
0.000482099,6.68736e-07
0.000483211,6.71823e-07
0.000484325,6.74924e-07
0.000485442,6.7804e-07
0.000486561,6.81171e-07
0.000487683,6.84316e-07
0.000488807,6.87475e-07
0.000489935,6.90649e-07
0.000491064,6.93837e-07
0.000492196,6.9704e-07
0.000493331,7.00258e-07
0.000494469,7.03491e-07
0.000495609,7.06739e-07
0.000496752,7.10002e-07
0.000497897,7.1328e-07
0.000499045,7.16573e-07
0.000500196,7.19881e-07
0.000501349,7.23205e-07
0.000502505,7.26543e-07
0.000503663,7.29898e-07
0.000504825,7.33267e-07
0.000505989,7.36653e-07
0.000507155,7.40054e-07
0.000508325,7.4347e-07
0.000509497,7.46903e-07
0.000510672,7.50351e-07
0.000511849,7.53815e-07
0.000513029,7.57295e-07
0.000514212,7.60791e-07
0.000515398,7.64304e-07
0.000516586,7.67832e-07
0.000517777,7.71377e-07
0.000518971,7.74938e-07
0.000520168,7.78516e-07
0.000521367,7.8211e-07
0.000522569,7.85721e-07
0.000523774,7.89348e-07
0.000524982,7.92993e-07
0.000526192,7.96654e-07
0.000527405,8.00332e-07
0.000528621,8.04026e-07
0.00052984,8.07738e-07
0.000531062,8.11468e-07
0.000532286,8.15214e-07
0.000533514,8.18977e-07
0.000534744,8.22758e-07
0.000535977,8.26557e-07
0.000537212,8.30373e-07
0.000538451,8.34206e-07
0.000539693,8.38058e-07
0.000540937,8.41927e-07
0.000542184,8.45814e-07
0.000543434,8.49719e-07
0.000544687,8.53642e-07
0.000545943,8.57583e-07
0.000547202,8.61542e-07
0.000548464,8.65519e-07
0.000549728,8.69515e-07
0.000550996,8.73529e-07
0.000552266,8.77562e-07
0.00055354,8.81614e-07
0.000554816,8.85684e-07
0.000556095,8.89773e-07
0.000557377,8.93881e-07
0.000558662,8.98007e-07
0.00055995,9.02153e-07
0.000561242,9.06318e-07
0.000562536,9.10502e-07
0.000563833,9.14706e-07
0.000565133,9.18929e-07
0.000566436,9.23171e-07
0.000567742,9.27433e-07
0.000569051,9.31715e-07
0.000570363,9.36017e-07
0.000571678,9.40338e-07
0.000572996,9.44679e-07
0.000574317,9.4904e-07
0.000575641,9.53422e-07
0.000576969,9.57824e-07
0.000578299,9.62246e-07
0.000579632,9.66688e-07
0.000580969,9.71151e-07
0.000582308,9.75634e-07
0.000583651,9.80139e-07
0.000584997,9.84664e-07
0.000586346,9.8921e-07
0.000587697,9.93776e-07
0.000589053,9.98364e-07
0.000590411,1.00297e-06
0.000591772,1.0076e-06
0.000593136,1.01226e-06
0.000594504,1.01693e-06
0.000595875,1.02162e-06
0.000597249,1.02634e-06
0.000598626,1.03108e-06
0.000600006,1.03584e-06
0.000601389,1.04062e-06
0.000602776,1.04543e-06
0.000604166,1.05025e-06
0.000605559,1.0551e-06
0.000606955,1.05997e-06
0.000608355,1.06487e-06
0.000609757,1.06978e-06
0.000611163,1.07472e-06
0.000612572,1.07968e-06
0.000613985,1.08467e-06
0.0006154,1.08967e-06
0.000616819,1.0947e-06
0.000618242,1.09976e-06
0.000619667,1.10484e-06
0.000621096,1.10994e-06
0.000622528,1.11506e-06
0.000623963,1.12021e-06
0.000625402,1.12538e-06
0.000626844,1.13058e-06
0.000628289,1.1358e-06
0.000629738,1.14104e-06
0.00063119,1.14631e-06
0.000632645,1.1516e-06
0.000634104,1.15692e-06
0.000635566,1.16226e-06
0.000637031,1.16762e-06
0.0006385,1.17301e-06
0.000639972,1.17843e-06
0.000641448,1.18387e-06
0.000642927,1.18934e-06
0.000644409,1.19483e-06
0.000645895,1.20034e-06
0.000647384,1.20588e-06
0.000648877,1.21145e-06
0.000650373,1.21704e-06
0.000651873,1.22266e-06
0.000653376,1.22831e-06
0.000654882,1.23398e-06
0.000656392,1.23968e-06
0.000657906,1.2454e-06
0.000659423,1.25115e-06
0.000660943,1.25692e-06
0.000662467,1.26273e-06
0.000663994,1.26856e-06
0.000665525,1.27441e-06
0.00066706,1.2803e-06
0.000668598,1.28621e-06
0.00067014,1.29215e-06
0.000671685,1.29811e-06
0.000673233,1.3041e-06
0.000674786,1.31012e-06
0.000676341,1.31617e-06
0.000677901,1.32225e-06
0.000679464,1.32835e-06
0.000681031,1.33449e-06
0.000682601,1.34065e-06
0.000684175,1.34684e-06
0.000685752,1.35305e-06
0.000687333,1.3593e-06
0.000688918,1.36558e-06
0.000690507,1.37188e-06
0.000692099,1.37822e-06
0.000693694,1.38458e-06
0.000695294,1.39097e-06
0.000696897,1.39739e-06
0.000698504,1.40384e-06
0.000700114,1.41032e-06
0.000701729,1.41684e-06
0.000703347,1.42338e-06
0.000704968,1.42995e-06
0.000706594,1.43655e-06
0.000708223,1.44318e-06
0.000709856,1.44984e-06
0.000711493,1.45654e-06
0.000713133,1.46326e-06
0.000714777,1.47002e-06
0.000716425,1.4768e-06
0.000718077,1.48362e-06
0.000719733,1.49047e-06
0.000721393,1.49735e-06
0.000723056,1.50427e-06
0.000724723,1.51121e-06
0.000726394,1.51819e-06
0.000728069,1.5252e-06
0.000729748,1.53224e-06
0.00073143,1.53931e-06
0.000733117,1.54642e-06
0.000734807,1.55356e-06
0.000736501,1.56073e-06
0.000738199,1.56794e-06
0.000739901,1.57517e-06
0.000741607,1.58245e-06
0.000743317,1.58975e-06
0.000745031,1.59709e-06
0.000746749,1.60446e-06
0.000748471,1.61187e-06
0.000750197,1.61931e-06
0.000751926,1.62679e-06
0.00075366,1.6343e-06
0.000755398,1.64185e-06
0.000757139,1.64943e-06
0.000758885,1.65704e-06
0.000760635,1.66469e-06
0.000762389,1.67238e-06
0.000764147,1.6801e-06
0.000765908,1.68785e-06
0.000767674,1.69565e-06
0.000769444,1.70347e-06
0.000771218,1.71134e-06
0.000772997,1.71924e-06
0.000774779,1.72718e-06
0.000776565,1.73515e-06
0.000778356,1.74316e-06
0.000780151,1.75121e-06
0.000781949,1.75929e-06
0.000783752,1.76742e-06
0.000785559,1.77557e-06
0.000787371,1.78377e-06
0.000789186,1.79201e-06
0.000791006,1.80028e-06
0.00079283,1.80859e-06
0.000794658,1.81694e-06
0.00079649,1.82533e-06
0.000798326,1.83376e-06
0.000800167,1.84222e-06
0.000802012,1.85073e-06
0.000803861,1.85927e-06
0.000805715,1.86786e-06
0.000807572,1.87648e-06
0.000809434,1.88514e-06
0.000811301,1.89385e-06
0.000813171,1.90259e-06
0.000815046,1.91137e-06
0.000816925,1.9202e-06
0.000818809,1.92906e-06
0.000820697,1.93797e-06
0.000822589,1.94691e-06
0.000824486,1.9559e-06
0.000826387,1.96493e-06
0.000828292,1.974e-06
0.000830202,1.98312e-06
0.000832116,1.99227e-06
0.000834035,2.00147e-06
0.000835958,2.01071e-06
0.000837885,2.01999e-06
0.000839817,2.02932e-06
0.000841754,2.03869e-06
0.000843695,2.0481e-06
0.00084564,2.05756e-06
0.00084759,2.06706e-06
0.000849544,2.0766e-06
0.000851503,2.08619e-06
0.000853466,2.09582e-06
0.000855434,2.10549e-06
0.000857406,2.11521e-06
0.000859383,2.12498e-06
0.000861365,2.13479e-06
0.000863351,2.14464e-06
0.000865341,2.15455e-06
0.000867337,2.16449e-06
0.000869336,2.17449e-06
0.000871341,2.18452e-06
0.00087335,2.19461e-06
0.000875364,2.20474e-06
0.000877382,2.21492e-06
0.000879405,2.22515e-06
0.000881432,2.23542e-06
0.000883465,2.24574e-06
0.000885502,2.25611e-06
0.000887543,2.26652e-06
0.00088959,2.27699e-06
0.000891641,2.2875e-06
0.000893697,2.29806e-06
0.000895757,2.30867e-06
0.000897823,2.31933e-06
0.000899893,2.33003e-06
0.000901968,2.34079e-06
0.000904047,2.3516e-06
0.000906132,2.36246e-06
0.000908221,2.37336e-06
0.000910315,2.38432e-06
0.000912414,2.39533e-06
0.000914518,2.40639e-06
0.000916627,2.4175e-06
0.00091874,2.42866e-06
0.000920858,2.43987e-06
0.000922982,2.45113e-06
0.00092511,2.46245e-06
0.000927243,2.47382e-06
0.000929381,2.48524e-06
0.000931524,2.49671e-06
0.000933671,2.50824e-06
0.000935824,2.51982e-06
0.000937982,2.53145e-06
0.000940145,2.54314e-06
0.000942312,2.55488e-06
0.000944485,2.56667e-06
0.000946663,2.57852e-06
0.000948845,2.59043e-06
0.000951033,2.60239e-06
0.000953226,2.6144e-06
0.000955424,2.62647e-06
0.000957627,2.6386e-06
0.000959835,2.65078e-06
0.000962048,2.66302e-06
0.000964266,2.67531e-06
0.000966489,2.68766e-06
0.000968718,2.70007e-06
0.000970951,2.71254e-06
0.00097319,2.72506e-06
0.000975434,2.73764e-06
0.000977683,2.75028e-06
0.000979937,2.76298e-06
0.000982197,2.77573e-06
0.000984461,2.78855e-06
0.000986731,2.80142e-06
0.000989006,2.81435e-06
0.000991287,2.82735e-06
0.000993572,2.8404e-06
0.000995863,2.85351e-06
0.000998159,2.86669e-06
0.00100046,2.87992e-06
0.00100277,2.89322e-06
0.00100508,2.90657e-06
0.0010074,2.91999e-06
0.00100972,2.93347e-06
0.00101205,2.94702e-06
0.00101438,2.96062e-06
0.00101672,2.97429e-06
0.00101906,2.98802e-06
0.00102141,3.00182e-06
0.00102377,3.01568e-06
0.00102613,3.0296e-06
0.0010285,3.04359e-06
0.00103087,3.05764e-06
0.00103324,3.07175e-06
0.00103563,3.08593e-06
0.00103801,3.10018e-06
0.00104041,3.11449e-06
0.00104281,3.12887e-06
0.00104521,3.14332e-06
0.00104762,3.15783e-06
0.00105004,3.17241e-06
0.00105246,3.18705e-06
0.00105488,3.20177e-06
0.00105732,3.21655e-06
0.00105975,3.2314e-06
0.0010622,3.24632e-06
0.00106465,3.26131e-06
0.0010671,3.27636e-06
0.00106956,3.29149e-06
0.00107203,3.30668e-06
0.0010745,3.32195e-06
0.00107698,3.33729e-06
0.00107946,3.35269e-06
0.00108195,3.36817e-06
0.00108444,3.38372e-06
0.00108694,3.39934e-06
0.00108945,3.41504e-06
0.00109196,3.4308e-06
0.00109448,3.44664e-06
0.001097,3.46255e-06
0.00109953,3.47854e-06
0.00110207,3.4946e-06
0.00110461,3.51073e-06
0.00110716,3.52694e-06
0.00110971,3.54322e-06
0.00111227,3.55958e-06
0.00111483,3.57602e-06
0.0011174,3.59252e-06
0.00111998,3.60911e-06
0.00112256,3.62577e-06
0.00112515,3.64251e-06
0.00112774,3.65933e-06
0.00113034,3.67622e-06
0.00113295,3.69319e-06
0.00113556,3.71024e-06
0.00113818,3.72737e-06
0.00114081,3.74458e-06
0.00114344,3.76187e-06
0.00114607,3.77924e-06
0.00114871,3.79668e-06
0.00115136,3.81421e-06
0.00115402,3.83182e-06
0.00115668,3.84951e-06
0.00115935,3.86728e-06
0.00116202,3.88514e-06
0.0011647,3.90308e-06
0.00116738,3.92109e-06
0.00117007,3.9392e-06
0.00117277,3.95738e-06
0.00117548,3.97565e-06
0.00117819,3.99401e-06
0.0011809,4.01245e-06
0.00118363,4.03097e-06
0.00118636,4.04958e-06
0.00118909,4.06828e-06
0.00119183,4.08706e-06
0.00119458,4.10593e-06
0.00119733,4.12488e-06
0.0012001,4.14393e-06
0.00120286,4.16306e-06
0.00120564,4.18228e-06
0.00120842,4.20159e-06
0.0012112,4.22098e-06
0.00121399,4.24047e-06
0.00121679,4.26005e-06
0.0012196,4.27971e-06
0.00122241,4.29947e-06
0.00122523,4.31932e-06
0.00122806,4.33926e-06
0.00123089,4.3593e-06
0.00123372,4.37942e-06
0.00123657,4.39964e-06
0.00123942,4.41995e-06
0.00124228,4.44036e-06
0.00124514,4.46086e-06
0.00124801,4.48145e-06
0.00125089,4.50214e-06
0.00125378,4.52293e-06
0.00125667,4.54381e-06
0.00125956,4.56479e-06
0.00126247,4.58586e-06
0.00126538,4.60703e-06
0.0012683,4.6283e-06
0.00127122,4.64967e-06
0.00127415,4.67113e-06
0.00127709,4.6927e-06
0.00128003,4.71436e-06
0.00128299,4.73613e-06
0.00128594,4.75799e-06
0.00128891,4.77996e-06
0.00129188,4.80203e-06
0.00129486,4.8242e-06
0.00129784,4.84647e-06
0.00130084,4.86884e-06
0.00130384,4.89132e-06
0.00130684,4.9139e-06
0.00130986,4.93659e-06
0.00131288,4.95938e-06
0.0013159,4.98228e-06
0.00131894,5.00528e-06
0.00132198,5.02839e-06
0.00132503,5.0516e-06
0.00132808,5.07492e-06
0.00133114,5.09835e-06
0.00133421,5.12189e-06
0.00133729,5.14554e-06
0.00134037,5.16929e-06
0.00134346,5.19316e-06
0.00134656,5.21713e-06
0.00134967,5.24122e-06
0.00135278,5.26542e-06
0.0013559,5.28972e-06
0.00135902,5.31415e-06
0.00136216,5.33868e-06
0.0013653,5.36333e-06
0.00136844,5.38809e-06
0.0013716,5.41296e-06
0.00137476,5.43795e-06
0.00137793,5.46306e-06
0.00138111,5.48828e-06
0.00138429,5.51362e-06
0.00138749,5.53907e-06
0.00139068,5.56464e-06
0.00139389,5.59033e-06
0.0013971,5.61614e-06
0.00140033,5.64207e-06
0.00140356,5.66812e-06
0.00140679,5.69429e-06
0.00141003,5.72058e-06
0.00141329,5.74699e-06
0.00141654,5.77352e-06
0.00141981,5.80017e-06
0.00142308,5.82695e-06
0.00142637,5.85385e-06
0.00142965,5.88088e-06
0.00143295,5.90803e-06
0.00143625,5.9353e-06
0.00143957,5.9627e-06
0.00144289,5.99023e-06
0.00144621,6.01789e-06
0.00144955,6.04567e-06
0.00145289,6.07358e-06
0.00145624,6.10162e-06
0.0014596,6.12979e-06
0.00146296,6.15809e-06
0.00146634,6.18652e-06
0.00146972,6.21508e-06
0.0014731,6.24377e-06
0.0014765,6.2726e-06
0.00147991,6.30156e-06
0.00148332,6.33065e-06
0.00148674,6.35988e-06
0.00149017,6.38924e-06
0.0014936,6.41874e-06
0.00149705,6.44837e-06
0.0015005,6.47814e-06
0.00150396,6.50805e-06
0.00150742,6.53809e-06
0.0015109,6.56828e-06
0.00151438,6.5986e-06
0.00151788,6.62907e-06
0.00152138,6.65967e-06
0.00152488,6.69042e-06
0.0015284,6.7213e-06
0.00153192,6.75233e-06
0.00153546,6.78351e-06
0.001539,6.81482e-06
0.00154254,6.84629e-06
0.0015461,6.87789e-06
0.00154967,6.90965e-06
0.00155324,6.94155e-06
0.00155682,6.97359e-06
0.00156041,7.00579e-06
0.00156401,7.03813e-06
0.00156761,7.07063e-06
0.00157123,7.10327e-06
0.00157485,7.13606e-06
0.00157848,7.16901e-06
0.00158212,7.2021e-06
0.00158577,7.23535e-06
0.00158943,7.26876e-06
0.00159309,7.30232e-06
0.00159676,7.33603e-06
0.00160045,7.3699e-06
0.00160414,7.40392e-06
0.00160783,7.4381e-06
0.00161154,7.47244e-06
0.00161526,7.50694e-06
0.00161898,7.5416e-06
0.00162271,7.57641e-06
0.00162646,7.61139e-06
0.00163021,7.64653e-06
0.00163396,7.68183e-06
0.00163773,7.7173e-06
0.00164151,7.75293e-06
0.00164529,7.78872e-06
0.00164909,7.82468e-06
0.00165289,7.8608e-06
0.0016567,7.89709e-06
0.00166052,7.93355e-06
0.00166435,7.97018e-06
0.00166819,8.00697e-06
0.00167203,8.04394e-06
0.00167589,8.08108e-06
0.00167975,8.11838e-06
0.00168362,8.15586e-06
0.00168751,8.19352e-06
0.0016914,8.23134e-06
0.0016953,8.26935e-06
0.00169921,8.30752e-06
0.00170312,8.34588e-06
0.00170705,8.38441e-06
0.00171099,8.42312e-06
0.00171493,8.462e-06
0.00171889,8.50107e-06
0.00172285,8.54032e-06
0.00172682,8.57974e-06
0.0017308,8.61935e-06
0.00173479,8.65915e-06
0.00173879,8.69912e-06
0.0017428,8.73928e-06
0.00174682,8.77963e-06
0.00175085,8.82016e-06
0.00175489,8.86088e-06
0.00175893,8.90179e-06
0.00176299,8.94289e-06
0.00176705,8.98418e-06
0.00177113,9.02565e-06
0.00177521,9.06732e-06
0.0017793,9.10918e-06
0.00178341,9.15124e-06
0.00178752,9.19348e-06
0.00179164,9.23593e-06
0.00179577,9.27857e-06
0.00179991,9.3214e-06
0.00180406,9.36444e-06
0.00180822,9.40767e-06
0.00181239,9.4511e-06
0.00181657,9.49474e-06
0.00182076,9.53857e-06
0.00182496,9.58261e-06
0.00182916,9.62685e-06
0.00183338,9.67129e-06
0.00183761,9.71594e-06
0.00184184,9.7608e-06
0.00184609,9.80586e-06
0.00185035,9.85113e-06
0.00185461,9.89661e-06
0.00185889,9.9423e-06
0.00186318,9.9882e-06
0.00186747,1.00343e-05
0.00187178,1.00806e-05
0.00187609,1.01272e-05
0.00188042,1.01739e-05
0.00188476,1.02209e-05
0.0018891,1.02681e-05
0.00189346,1.03155e-05
0.00189782,1.03631e-05
0.0019022,1.0411e-05
0.00190658,1.0459e-05
0.00191098,1.05073e-05
0.00191539,1.05558e-05
0.0019198,1.06046e-05
0.00192423,1.06535e-05
0.00192867,1.07027e-05
0.00193311,1.07521e-05
0.00193757,1.08017e-05
0.00194204,1.08516e-05
0.00194652,1.09017e-05
0.001951,1.0952e-05
0.0019555,1.10026e-05
0.00196001,1.10534e-05
0.00196453,1.11044e-05
0.00196906,1.11557e-05
0.0019736,1.12072e-05
0.00197815,1.12589e-05
0.00198271,1.13109e-05
0.00198728,1.13631e-05
0.00199186,1.14156e-05
0.00199646,1.14683e-05
0.00200106,1.15212e-05
0.00200567,1.15744e-05
0.0020103,1.16279e-05
0.00201493,1.16815e-05
0.00201958,1.17355e-05
0.00202424,1.17897e-05
0.0020289,1.18441e-05
0.00203358,1.18988e-05
0.00203827,1.19537e-05
0.00204297,1.20089e-05
0.00204768,1.20643e-05
0.0020524,1.212e-05
0.00205713,1.2176e-05
0.00206188,1.22322e-05
0.00206663,1.22887e-05
0.0020714,1.23454e-05
0.00207617,1.24024e-05
0.00208096,1.24597e-05
0.00208576,1.25172e-05
0.00209057,1.2575e-05
0.00209539,1.2633e-05
0.00210022,1.26913e-05
0.00210506,1.27499e-05
0.00210991,1.28088e-05
0.00211478,1.28679e-05
0.00211966,1.29273e-05
0.00212454,1.2987e-05
0.00212944,1.3047e-05
0.00213435,1.31072e-05
0.00213927,1.31677e-05
0.0021442,1.32285e-05
0.00214915,1.32896e-05
0.0021541,1.33509e-05
0.00215907,1.34126e-05
0.00216405,1.34745e-05
0.00216904,1.35367e-05
0.00217404,1.35992e-05
0.00217905,1.3662e-05
0.00218408,1.37251e-05
0.00218911,1.37884e-05
0.00219416,1.38521e-05
0.00219922,1.3916e-05
0.00220429,1.39803e-05
0.00220937,1.40448e-05
0.00221447,1.41097e-05
0.00221957,1.41748e-05
0.00222469,1.42402e-05
0.00222982,1.4306e-05
0.00223496,1.4372e-05
0.00224011,1.44384e-05
0.00224528,1.4505e-05
0.00225046,1.4572e-05
0.00225564,1.46393e-05
0.00226085,1.47069e-05
0.00226606,1.47748e-05
0.00227128,1.4843e-05
0.00227652,1.49115e-05
0.00228177,1.49803e-05
0.00228703,1.50495e-05
0.0022923,1.5119e-05
0.00229759,1.51888e-05
0.00230289,1.52589e-05
0.0023082,1.53293e-05
0.00231352,1.54001e-05
0.00231885,1.54712e-05
0.0023242,1.55426e-05
0.00232956,1.56144e-05
0.00233493,1.56865e-05
0.00234031,1.57589e-05
0.00234571,1.58316e-05
0.00235112,1.59047e-05
0.00235654,1.59782e-05
0.00236197,1.60519e-05
0.00236742,1.6126e-05
0.00237288,1.62005e-05
0.00237835,1.62753e-05
0.00238383,1.63504e-05
0.00238933,1.64259e-05
0.00239484,1.65017e-05
0.00240036,1.65779e-05
0.00240589,1.66544e-05
0.00241144,1.67313e-05
0.002417,1.68086e-05
0.00242257,1.68862e-05
0.00242816,1.69641e-05
0.00243376,1.70425e-05
0.00243937,1.71211e-05
0.00244499,1.72002e-05
0.00245063,1.72796e-05
0.00245628,1.73594e-05
0.00246194,1.74395e-05
0.00246762,1.752e-05
0.00247331,1.76009e-05
0.00247901,1.76822e-05
0.00248473,1.77638e-05
0.00249046,1.78458e-05
0.0024962,1.79282e-05
0.00250196,1.8011e-05
0.00250772,1.80941e-05
0.00251351,1.81776e-05
0.0025193,1.82616e-05
0.00252511,1.83459e-05
0.00253093,1.84306e-05
0.00253677,1.85156e-05
0.00254262,1.86011e-05
0.00254848,1.8687e-05
0.00255436,1.87733e-05
0.00256025,1.88599e-05
0.00256615,1.8947e-05
0.00257207,1.90345e-05
0.002578,1.91224e-05
0.00258394,1.92106e-05
0.0025899,1.92993e-05
0.00259587,1.93884e-05
0.00260185,1.94779e-05
0.00260785,1.95679e-05
0.00261387,1.96582e-05
0.00261989,1.9749e-05
0.00262593,1.98401e-05
0.00263199,1.99317e-05
0.00263806,2.00238e-05
0.00264414,2.01162e-05
0.00265024,2.02091e-05
0.00265635,2.03024e-05
0.00266247,2.03961e-05
0.00266861,2.04903e-05
0.00267476,2.05848e-05
0.00268093,2.06799e-05
0.00268711,2.07754e-05
0.00269331,2.08713e-05
0.00269952,2.09676e-05
0.00270574,2.10644e-05
0.00271198,2.11617e-05
0.00271823,2.12594e-05
0.0027245,2.13575e-05
0.00273078,2.14561e-05
0.00273708,2.15552e-05
0.00274339,2.16547e-05
0.00274972,2.17547e-05
0.00275606,2.18551e-05
0.00276241,2.1956e-05
0.00276878,2.20574e-05
0.00277516,2.21592e-05
0.00278156,2.22615e-05
0.00278798,2.23643e-05
0.0027944,2.24675e-05
0.00280085,2.25712e-05
0.00280731,2.26754e-05
0.00281378,2.27801e-05
0.00282027,2.28853e-05
0.00282677,2.29909e-05
0.00283329,2.30971e-05
0.00283982,2.32037e-05
0.00284637,2.33108e-05
0.00285293,2.34185e-05
0.00285951,2.35266e-05
0.0028661,2.36352e-05
0.00287271,2.37443e-05
0.00287933,2.38539e-05
0.00288597,2.3964e-05
0.00289263,2.40747e-05
0.0028993,2.41858e-05
0.00290598,2.42975e-05
0.00291268,2.44097e-05
0.0029194,2.45223e-05
0.00292613,2.46356e-05
0.00293287,2.47493e-05
0.00293964,2.48636e-05
0.00294641,2.49783e-05
0.00295321,2.50937e-05
0.00296002,2.52095e-05
0.00296684,2.53259e-05
0.00297368,2.54428e-05
0.00298054,2.55603e-05
0.00298741,2.56783e-05
0.0029943,2.57968e-05
0.0030012,2.59159e-05
0.00300812,2.60356e-05
0.00301506,2.61558e-05
0.00302201,2.62765e-05
0.00302898,2.63978e-05
0.00303596,2.65197e-05
0.00304296,2.66421e-05
0.00304998,2.67651e-05
0.00305701,2.68887e-05
0.00306406,2.70128e-05
0.00307112,2.71375e-05
0.00307821,2.72628e-05
0.0030853,2.73887e-05
0.00309242,2.75151e-05
0.00309955,2.76421e-05
0.00310669,2.77698e-05
0.00311386,2.7898e-05
0.00312104,2.80268e-05
0.00312823,2.81561e-05
0.00313545,2.82861e-05
0.00314267,2.84167e-05
0.00314992,2.85479e-05
0.00315718,2.86797e-05
0.00316446,2.88121e-05
0.00317176,2.89451e-05
0.00317907,2.90788e-05
0.0031864,2.9213e-05
0.00319375,2.93479e-05
0.00320111,2.94834e-05
0.00320849,2.96195e-05
0.00321589,2.97562e-05
0.00322331,2.98936e-05
0.00323074,3.00316e-05
0.00323819,3.01702e-05
0.00324565,3.03095e-05
0.00325314,3.04495e-05
0.00326064,3.059e-05
0.00326816,3.07313e-05
0.00327569,3.08731e-05
0.00328324,3.10157e-05
0.00329081,3.11588e-05
0.0032984,3.13027e-05
0.00330601,3.14472e-05
0.00331363,3.15924e-05
0.00332127,3.17382e-05
0.00332893,3.18848e-05
0.0033366,3.2032e-05
0.0033443,3.21798e-05
0.00335201,3.23284e-05
0.00335974,3.24777e-05
0.00336748,3.26276e-05
0.00337525,3.27782e-05
0.00338303,3.29296e-05
0.00339083,3.30816e-05
0.00339865,3.32343e-05
0.00340648,3.33877e-05
0.00341434,3.35419e-05
0.00342221,3.36967e-05
0.0034301,3.38523e-05
0.00343801,3.40086e-05
0.00344594,3.41656e-05
0.00345388,3.43233e-05
0.00346185,3.44818e-05
0.00346983,3.4641e-05
0.00347783,3.48009e-05
0.00348585,3.49615e-05
0.00349389,3.51229e-05
0.00350194,3.52851e-05
0.00351002,3.5448e-05
0.00351811,3.56116e-05
0.00352622,3.5776e-05
0.00353435,3.59412e-05
0.0035425,3.61071e-05
0.00355067,3.62738e-05
0.00355885,3.64413e-05
0.00356706,3.66095e-05
0.00357528,3.67785e-05
0.00358353,3.69483e-05
0.00359179,3.71189e-05
0.00360007,3.72903e-05
0.00360837,3.74624e-05
0.00361669,3.76354e-05
0.00362503,3.78091e-05
0.00363339,3.79837e-05
0.00364177,3.8159e-05
0.00365016,3.83352e-05
0.00365858,3.85122e-05
0.00366702,3.869e-05
0.00367547,3.88686e-05
0.00368395,3.9048e-05
0.00369244,3.92283e-05
0.00370095,3.94094e-05
0.00370949,3.95914e-05
0.00371804,3.97741e-05
0.00372661,3.99578e-05
0.00373521,4.01422e-05
0.00374382,4.03275e-05
0.00375245,4.05137e-05
0.0037611,4.07008e-05
0.00376977,4.08887e-05
0.00377847,4.10774e-05
0.00378718,4.12671e-05
0.00379591,4.14576e-05
0.00380466,4.1649e-05
0.00381343,4.18413e-05
0.00382223,4.20344e-05
0.00383104,4.22285e-05
0.00383987,4.24234e-05
0.00384873,4.26193e-05
0.0038576,4.2816e-05
0.0038665,4.30137e-05
0.00387541,4.32123e-05
0.00388435,4.34118e-05
0.0038933,4.36122e-05
0.00390228,4.38135e-05
0.00391128,4.40158e-05
0.00392029,4.4219e-05
0.00392933,4.44231e-05
0.00393839,4.46282e-05
0.00394747,4.48343e-05
0.00395658,4.50412e-05
0.0039657,4.52492e-05
0.00397484,4.54581e-05
0.00398401,4.56679e-05
0.00399319,4.58788e-05
0.0040024,4.60906e-05
0.00401163,4.63034e-05
0.00402088,4.65171e-05
0.00403015,4.67319e-05
0.00403944,4.69476e-05
0.00404875,4.71644e-05
0.00405809,4.73821e-05
0.00406745,4.76008e-05
0.00407682,4.78206e-05
0.00408622,4.80414e-05
0.00409565,4.82632e-05
0.00410509,4.8486e-05
0.00411455,4.87098e-05
0.00412404,4.89347e-05
0.00413355,4.91606e-05
0.00414308,4.93875e-05
0.00415263,4.96155e-05
0.00416221,4.98446e-05
0.00417181,5.00747e-05
0.00418142,5.03059e-05
0.00419107,5.05381e-05
0.00420073,5.07714e-05
0.00421041,5.10058e-05
0.00422012,5.12413e-05
0.00422985,5.14779e-05
0.00423961,5.17155e-05
0.00424938,5.19543e-05
0.00425918,5.21941e-05
0.004269,5.24351e-05
0.00427884,5.26772e-05
0.00428871,5.29203e-05
0.0042986,5.31647e-05
0.00430851,5.34101e-05
0.00431844,5.36567e-05
0.0043284,5.39044e-05
0.00433838,5.41532e-05
0.00434838,5.44032e-05
0.00435841,5.46544e-05
0.00436846,5.49067e-05
0.00437853,5.51602e-05
0.00438862,5.54148e-05
0.00439874,5.56707e-05
0.00440889,5.59277e-05
0.00441905,5.61859e-05
0.00442924,5.64453e-05
0.00443945,5.67058e-05
0.00444969,5.69676e-05
0.00445995,5.72306e-05
0.00447023,5.74948e-05
0.00448054,5.77603e-05
0.00449087,5.80269e-05
0.00450122,5.82948e-05
0.0045116,5.85639e-05
0.00452201,5.88343e-05
0.00453243,5.91059e-05
0.00454288,5.93788e-05
0.00455336,5.96529e-05
0.00456386,5.99283e-05
0.00457438,6.0205e-05
0.00458493,6.04829e-05
0.0045955,6.07621e-05
0.00460609,6.10426e-05
0.00461671,6.13244e-05
0.00462736,6.16076e-05
0.00463803,6.1892e-05
0.00464872,6.21777e-05
0.00465944,6.24647e-05
0.00467018,6.27531e-05
0.00468095,6.30428e-05
0.00469174,6.33339e-05
0.00470256,6.36262e-05
0.0047134,6.392e-05
0.00472427,6.42151e-05
0.00473516,6.45115e-05
0.00474608,6.48093e-05
0.00475703,6.51085e-05
0.00476799,6.54091e-05
0.00477899,6.57111e-05
0.00479001,6.60144e-05
0.00480105,6.63192e-05
0.00481212,6.66254e-05
0.00482322,6.6933e-05
0.00483434,6.7242e-05
0.00484548,6.75524e-05
0.00485666,6.78642e-05
0.00486785,6.81775e-05
0.00487908,6.84923e-05
0.00489033,6.88085e-05
0.0049016,6.91261e-05
0.0049129,6.94453e-05
0.00492423,6.97659e-05
0.00493559,7.00879e-05
0.00494697,7.04115e-05
0.00495837,7.07366e-05
0.0049698,7.10631e-05
0.00498126,7.13912e-05
0.00499275,7.17208e-05
0.00500426,7.20519e-05
0.0050158,7.23845e-05
0.00502736,7.27187e-05
0.00503895,7.30544e-05
0.00505057,7.33916e-05
0.00506222,7.37305e-05
0.00507389,7.40708e-05
0.00508559,7.44128e-05
0.00509731,7.47563e-05
0.00510907,7.51014e-05
0.00512085,7.54481e-05
0.00513265,7.57964e-05
0.00514449,7.61464e-05
0.00515635,7.64979e-05
0.00516824,7.68511e-05
0.00518016,7.72058e-05
0.0051921,7.75623e-05
0.00520407,7.79203e-05
0.00521607,7.82801e-05
0.0052281,7.86414e-05
0.00524015,7.90045e-05
0.00525223,7.93692e-05
0.00526434,7.97356e-05
0.00527648,8.01037e-05
0.00528865,8.04735e-05
0.00530084,8.0845e-05
0.00531306,8.12183e-05
0.00532531,8.15932e-05
0.00533759,8.19699e-05
0.0053499,8.23483e-05
0.00536224,8.27285e-05
0.0053746,8.31104e-05
0.00538699,8.34941e-05
0.00539941,8.38795e-05
0.00541186,8.42667e-05
0.00542434,8.46558e-05
0.00543685,8.50466e-05
0.00544938,8.54392e-05
0.00546195,8.58336e-05
0.00547454,8.62299e-05
0.00548716,8.6628e-05
0.00549981,8.70279e-05
0.0055125,8.74296e-05
0.00552521,8.78333e-05
0.00553795,8.82388e-05
0.00555071,8.86461e-05
0.00556351,8.90553e-05
0.00557634,8.94665e-05
0.0055892,8.98795e-05
0.00560208,9.02944e-05
0.005615,9.07113e-05
0.00562795,9.113e-05
0.00564092,9.15507e-05
0.00565393,9.19734e-05
0.00566697,9.2398e-05
0.00568003,9.28245e-05
0.00569313,9.32531e-05
0.00570626,9.36836e-05
0.00571941,9.4116e-05
0.0057326,9.45505e-05
0.00574582,9.4987e-05
0.00575907,9.54255e-05
0.00577234,9.58661e-05
0.00578565,9.63086e-05
0.00579899,9.67532e-05
0.00581236,9.71999e-05
0.00582577,9.76486e-05
0.0058392,9.80994e-05
0.00585266,9.85523e-05
0.00586616,9.90073e-05
0.00587968,9.94643e-05
0.00589324,9.99235e-05
0.00590683,0.000100385
0.00592045,0.000100848
0.0059341,0.000101314
0.00594778,0.000101781
0.00596149,0.000102251
0.00597524,0.000102723
0.00598902,0.000103198
0.00600282,0.000103674
0.00601667,0.000104153
0.00603054,0.000104633
0.00604444,0.000105116
0.00605838,0.000105602
0.00607235,0.000106089
0.00608635,0.000106579
0.00610038,0.000107071
0.00611445,0.000107565
0.00612855,0.000108062
0.00614268,0.000108561
0.00615684,0.000109062
0.00617104,0.000109565
0.00618526,0.000110071
0.00619953,0.000110579
0.00621382,0.00011109
0.00622815,0.000111603
0.00624251,0.000112118
0.0062569,0.000112635
0.00627133,0.000113155
0.00628579,0.000113678
0.00630028,0.000114203
0.00631481,0.00011473
0.00632937,0.000115259
0.00634396,0.000115792
0.00635859,0.000116326
0.00637325,0.000116863
0.00638794,0.000117403
0.00640267,0.000117945
0.00641743,0.000118489
0.00643223,0.000119036
0.00644706,0.000119586
0.00646193,0.000120138
0.00647683,0.000120692
0.00649176,0.000121249
0.00650673,0.000121809
0.00652173,0.000122372
0.00653677,0.000122936
0.00655184,0.000123504
0.00656695,0.000124074
0.00658209,0.000124647
0.00659726,0.000125222
0.00661248,0.0001258
0.00662772,0.000126381
0.006643,0.000126965
0.00665832,0.000127551
0.00667367,0.00012814
0.00668906,0.000128731
0.00670448,0.000129325
0.00671994,0.000129922
0.00673544,0.000130522
0.00675097,0.000131125
0.00676653,0.00013173
0.00678213,0.000132338
0.00679777,0.000132949
0.00681344,0.000133563
0.00682915,0.000134179
0.0068449,0.000134799
0.00686068,0.000135421
0.0068765,0.000136046
0.00689236,0.000136674
0.00690825,0.000137305
0.00692418,0.000137939
0.00694014,0.000138576
0.00695614,0.000139216
0.00697218,0.000139858
0.00698826,0.000140504
0.00700437,0.000141153
0.00702052,0.000141804
0.00703671,0.000142459
0.00705293,0.000143116
0.00706919,0.000143777
0.00708549,0.000144441
0.00710183,0.000145108
0.0071182,0.000145777
0.00713462,0.00014645
0.00715107,0.000147126
0.00716756,0.000147806
0.00718408,0.000148488
0.00720065,0.000149173
0.00721725,0.000149862
0.00723389,0.000150554
0.00725057,0.000151249
0.00726729,0.000151947
0.00728404,0.000152649
0.00730084,0.000153353
0.00731767,0.000154061
0.00733454,0.000154772
0.00735145,0.000155487
0.0073684,0.000156205
0.00738539,0.000156926
0.00740242,0.00015765
0.00741949,0.000158378
0.0074366,0.000159109
0.00745374,0.000159844
0.00747093,0.000160582
0.00748816,0.000161323
0.00750542,0.000162068
0.00752273,0.000162816
0.00754007,0.000163567
0.00755746,0.000164322
0.00757488,0.000165081
0.00759235,0.000165843
0.00760985,0.000166609
0.0076274,0.000167378
0.00764499,0.00016815
0.00766261,0.000168927
0.00768028,0.000169706
0.00769799,0.00017049
0.00771574,0.000171277
0.00773353,0.000172068
0.00775136,0.000172862
0.00776923,0.00017366
0.00778715,0.000174462
0.0078051,0.000175267
0.0078231,0.000176076
0.00784113,0.000176889
0.00785921,0.000177705
0.00787733,0.000178526
0.0078955,0.00017935
0.0079137,0.000180178
0.00793195,0.00018101
0.00795024,0.000181845
0.00796857,0.000182685
0.00798694,0.000183528
0.00800536,0.000184375
0.00802381,0.000185226
0.00804231,0.000186081
0.00806086,0.00018694
0.00807944,0.000187803
0.00809807,0.00018867
0.00811674,0.000189541
0.00813546,0.000190416
0.00815422,0.000191295
0.00817302,0.000192178
0.00819186,0.000193065
0.00821075,0.000193957
0.00822968,0.000194852
0.00824866,0.000195751
0.00826768,0.000196655
0.00828674,0.000197563
0.00830585,0.000198475
0.008325,0.000199391
0.00834419,0.000200312
0.00836343,0.000201236
0.00838271,0.000202165
0.00840204,0.000203098
0.00842142,0.000204036
0.00844083,0.000204978
0.00846029,0.000205924
0.0084798,0.000206875
0.00849935,0.00020783
0.00851895,0.000208789
0.00853859,0.000209753
0.00855828,0.000210721
0.00857801,0.000211694
0.00859779,0.000212671
0.00861761,0.000213653
0.00863748,0.000214639
0.0086574,0.00021563
0.00867736,0.000216625
0.00869737,0.000217625
0.00871742,0.00021863
0.00873752,0.000219639
0.00875767,0.000220653
0.00877786,0.000221672
0.0087981,0.000222695
0.00881839,0.000223723
0.00883872,0.000224756
0.0088591,0.000225793
0.00887952,0.000226836
0.0089,0.000227883
0.00892052,0.000228935
0.00894109,0.000229991
0.0089617,0.000231053
0.00898236,0.00023212
0.00900308,0.000233191
0.00902383,0.000234268
0.00904464,0.000235349
0.00906549,0.000236435
0.0090864,0.000237527
0.00910735,0.000238623
0.00912835,0.000239725
0.00914939,0.000240831
0.00917049,0.000241943
0.00919163,0.00024306
0.00921283,0.000244182
0.00923407,0.000245309
0.00925536,0.000246442
0.0092767,0.000247579
0.00929809,0.000248722
0.00931953,0.00024987
0.00934102,0.000251024
0.00936255,0.000252182
0.00938414,0.000253347
0.00940578,0.000254516
0.00942746,0.000255691
0.0094492,0.000256871
0.00947099,0.000258057
0.00949283,0.000259248
0.00951471,0.000260445
0.00953665,0.000261647
0.00955864,0.000262855
0.00958068,0.000264068
0.00960277,0.000265287
0.00962491,0.000266512
0.0096471,0.000267742
0.00966935,0.000268978
0.00969164,0.00027022
0.00971399,0.000271467
0.00973638,0.00027272
0.00975883,0.000273979
0.00978133,0.000275244
0.00980389,0.000276514
0.00982649,0.000277791
0.00984915,0.000279073
0.00987186,0.000280361
0.00989462,0.000281655
0.00991743,0.000282955
0.0099403,0.000284262
0.00996322,0.000285574
0.00998619,0.000286892
0.0100092,0.000288216
0.0100323,0.000289547
0.0100554,0.000290883
0.0100786,0.000292226
0.0101018,0.000293575
0.0101251,0.00029493
0.0101485,0.000296291
0.0101719,0.000297659
0.0101953,0.000299033
0.0102188,0.000300414
0.0102424,0.0003018
0.010266,0.000303193
0.0102897,0.000304593
0.0103134,0.000305999
0.0103372,0.000307411
0.010361,0.00030883
0.0103849,0.000310256
0.0104089,0.000311688
0.0104329,0.000313127
0.0104569,0.000314572
0.010481,0.000316024
0.0105052,0.000317483
0.0105294,0.000318949
0.0105537,0.000320421
0.010578,0.0003219
0.0106024,0.000323386
0.0106269,0.000324878
0.0106514,0.000326378
0.0106759,0.000327885
0.0107005,0.000329398
0.0107252,0.000330919
0.0107499,0.000332446
0.0107747,0.000333981
0.0107996,0.000335522
0.0108245,0.000337071
0.0108494,0.000338627
0.0108744,0.00034019
0.0108995,0.00034176
0.0109247,0.000343338
0.0109498,0.000344923
0.0109751,0.000346515
0.0110004,0.000348114
0.0110258,0.000349721
0.0110512,0.000351335
0.0110767,0.000352957
0.0111022,0.000354586
0.0111278,0.000356223
0.0111535,0.000357867
0.0111792,0.000359519
0.0112049,0.000361179
0.0112308,0.000362846
0.0112567,0.000364521
0.0112826,0.000366203
0.0113086,0.000367894
0.0113347,0.000369592
0.0113609,0.000371298
0.0113871,0.000373012
0.0114133,0.000374733
0.0114396,0.000376463
0.011466,0.000378201
0.0114924,0.000379947
0.0115189,0.0003817
0.0115455,0.000383462
0.0115721,0.000385232
0.0115988,0.00038701
0.0116255,0.000388797
0.0116523,0.000390591
0.0116792,0.000392394
0.0117061,0.000394205
0.0117331,0.000396025
0.0117602,0.000397853
0.0117873,0.000399689
0.0118145,0.000401534
0.0118417,0.000403388
0.011869,0.00040525
0.0118964,0.00040712
0.0119238,0.000408999
0.0119513,0.000410887
0.0119789,0.000412784
0.0120065,0.000414689
0.0120342,0.000416603
0.0120619,0.000418526
0.0120897,0.000420458
0.0121176,0.000422399
0.0121455,0.000424348
0.0121735,0.000426307
0.0122016,0.000428275
0.0122297,0.000430251
0.0122579,0.000432237
0.0122862,0.000434232
0.0123145,0.000436237
0.0123429,0.00043825
0.0123714,0.000440273
0.0123999,0.000442305
0.0124285,0.000444347
0.0124572,0.000446398
0.0124859,0.000448458
0.0125147,0.000450528
0.0125435,0.000452608
0.0125724,0.000454697
0.0126014,0.000456795
0.0126305,0.000458904
0.0126596,0.000461022
0.0126888,0.00046315
0.0127181,0.000465288
0.0127474,0.000467435
0.0127768,0.000469593
0.0128062,0.00047176
0.0128358,0.000473938
0.0128654,0.000476125
0.012895,0.000478323
0.0129248,0.00048053
0.0129546,0.000482748
0.0129844,0.000484977
0.0130144,0.000487215
0.0130444,0.000489464
0.0130744,0.000491723
0.0131046,0.000493993
0.0131348,0.000496273
0.0131651,0.000498563
0.0131954,0.000500864
0.0132259,0.000503176
0.0132564,0.000505499
0.0132869,0.000507832
0.0133176,0.000510176
0.0133483,0.00051253
0.0133791,0.000514896
0.0134099,0.000517272
0.0134408,0.00051966
0.0134718,0.000522058
0.0135029,0.000524468
0.013534,0.000526889
0.0135652,0.00052932
0.0135965,0.000531764
0.0136278,0.000534218
0.0136593,0.000536684
0.0136908,0.000539161
0.0137223,0.000541649
0.013754,0.000544149
0.0137857,0.00054666
0.0138175,0.000549184
0.0138493,0.000551718
0.0138812,0.000554265
0.0139133,0.000556823
0.0139453,0.000559393
0.0139775,0.000561975
0.0140097,0.000564568
0.014042,0.000567174
0.0140744,0.000569792
0.0141068,0.000572422
0.0141394,0.000575064
0.014172,0.000577718
0.0142046,0.000580384
0.0142374,0.000583063
0.0142702,0.000585754
0.0143031,0.000588457
0.0143361,0.000591173
0.0143692,0.000593902
0.0144023,0.000596643
0.0144355,0.000599396
0.0144688,0.000602163
0.0145021,0.000604942
0.0145356,0.000607734
0.0145691,0.000610539
0.0146027,0.000613357
0.0146364,0.000616188
0.0146701,0.000619031
0.0147039,0.000621888
0.0147378,0.000624759
0.0147718,0.000627642
0.0148059,0.000630539
0.01484,0.000633449
0.0148742,0.000636372
0.0149085,0.000639309
0.0149429,0.00064226
0.0149774,0.000645224
0.0150119,0.000648202
0.0150465,0.000651194
0.0150812,0.000654199
0.015116,0.000657218
0.0151508,0.000660251
0.0151858,0.000663298
0.0152208,0.00066636
0.0152559,0.000669435
0.015291,0.000672525
0.0153263,0.000675628
0.0153616,0.000678747
0.015397,0.000681879
0.0154325,0.000685026
0.0154681,0.000688187
0.0155038,0.000691364
0.0155395,0.000694554
0.0155754,0.00069776
0.0156113,0.00070098
0.0156473,0.000704215
0.0156834,0.000707465
0.0157195,0.00071073
0.0157558,0.00071401
0.0157921,0.000717305
0.0158285,0.000720616
0.015865,0.000723941
0.0159016,0.000727282
0.0159382,0.000730639
0.015975,0.000734011
0.0160118,0.000737398
0.0160487,0.000740801
0.0160857,0.00074422
0.0161228,0.000747655
0.01616,0.000751105
0.0161973,0.000754571
0.0162346,0.000758054
0.0162721,0.000761552
0.0163096,0.000765067
0.0163472,0.000768597
0.0163849,0.000772144
0.0164226,0.000775708
0.0164605,0.000779287
0.0164985,0.000782884
0.0165365,0.000786497
0.0165746,0.000790126
0.0166128,0.000793773
0.0166512,0.000797436
0.0166895,0.000801116
0.016728,0.000804813
0.0167666,0.000808527
0.0168053,0.000812258
0.016844,0.000816007
0.0168828,0.000819772
0.0169218,0.000823555
0.0169608,0.000827356
0.0169999,0.000831174
0.0170391,0.00083501
0.0170784,0.000838863
0.0171178,0.000842734
0.0171572,0.000846623
0.0171968,0.00085053
0.0172364,0.000854455
0.0172762,0.000858398
0.017316,0.000862359
0.0173559,0.000866339
0.0173959,0.000870337
0.0174361,0.000874353
0.0174763,0.000878388
0.0175166,0.000882442
0.0175569,0.000886514
0.0175974,0.000890605
0.017638,0.000894714
0.0176787,0.000898843
0.0177194,0.000902991
0.0177603,0.000907158
0.0178012,0.000911344
0.0178423,0.00091555
0.0178834,0.000919775
0.0179247,0.000924019
0.017966,0.000928283
0.0180074,0.000932566
0.0180489,0.00093687
0.0180905,0.000941193
0.0181322,0.000945536
0.0181741,0.000949899
0.018216,0.000954283
0.018258,0.000958686
0.0183001,0.00096311
0.0183423,0.000967554
0.0183845,0.000972019
0.0184269,0.000976504
0.0184694,0.00098101
0.018512,0.000985537
0.0185547,0.000990085
0.0185975,0.000994654
0.0186404,0.000999243
0.0186833,0.00100385
0.0187264,0.00100849
0.0187696,0.00101314
0.0188129,0.00101781
0.0188562,0.00102251
0.0188997,0.00102723
0.0189433,0.00103197
0.018987,0.00103673
0.0190307,0.00104152
0.0190746,0.00104632
0.0191186,0.00105115
0.0191627,0.001056
0.0192069,0.00106087
0.0192512,0.00106577
0.0192955,0.00107068
0.01934,0.00107563
0.0193846,0.00108059
0.0194293,0.00108557
0.0194741,0.00109058
0.019519,0.00109562
0.019564,0.00110067
0.0196091,0.00110575
0.0196544,0.00111085
0.0196997,0.00111598
0.0197451,0.00112113
0.0197906,0.0011263
0.0198362,0.0011315
0.019882,0.00113672
0.0199278,0.00114196
0.0199738,0.00114723
0.0200198,0.00115252
0.020066,0.00115784
0.0201123,0.00116318
0.0201586,0.00116855
0.0202051,0.00117394
0.0202517,0.00117936
0.0202984,0.0011848
0.0203452,0.00119027
0.0203921,0.00119576
0.0204391,0.00120128
0.0204862,0.00120682
0.0205335,0.00121239
0.0205808,0.00121798
0.0206283,0.0012236
0.0206758,0.00122925
0.0207235,0.00123492
0.0207713,0.00124062
0.0208192,0.00124634
0.0208672,0.00125209
0.0209153,0.00125787
0.0209635,0.00126367
0.0210119,0.0012695
0.0210603,0.00127536
0.0211089,0.00128124
0.0211575,0.00128715
0.0212063,0.00129309
0.0212552,0.00129906
0.0213042,0.00130505
0.0213533,0.00131107
0.0214026,0.00131712
0.0214519,0.0013232
0.0215014,0.0013293
0.021551,0.00133544
0.0216007,0.0013416
0.0216505,0.00134779
0.0217004,0.001354
0.0217504,0.00136025
0.0218006,0.00136653
0.0218508,0.00137283
0.0219012,0.00137916
0.0219517,0.00138553
0.0220023,0.00139192
0.0220531,0.00139834
0.0221039,0.00140479
0.0221549,0.00141127
0.0222059,0.00141778
0.0222571,0.00142433
0.0223085,0.0014309
0.0223599,0.0014375
0.0224115,0.00144413
0.0224631,0.00145079
0.0225149,0.00145748
0.0225668,0.00146421
0.0226189,0.00147096
0.022671,0.00147775
0.0227233,0.00148457
0.0227757,0.00149141
0.0228282,0.0014983
0.0228808,0.00150521
0.0229336,0.00151215
0.0229865,0.00151913
0.0230395,0.00152613
0.0230926,0.00153318
0.0231458,0.00154025
0.0231992,0.00154735
0.0232527,0.00155449
0.0233063,0.00156166
0.02336,0.00156887
0.0234139,0.0015761
0.0234679,0.00158337
0.023522,0.00159068
0.0235762,0.00159802
0.0236306,0.00160539
0.0236851,0.00161279
0.0237397,0.00162023
0.0237944,0.00162771
0.0238493,0.00163522
0.0239043,0.00164276
0.0239594,0.00165034
0.0240146,0.00165795
0.02407,0.0016656
0.0241255,0.00167328
0.0241811,0.001681
0.0242369,0.00168875
0.0242928,0.00169654
0.0243488,0.00170437
0.0244049,0.00171223
0.0244612,0.00172013
0.0245176,0.00172806
0.0245741,0.00173603
0.0246308,0.00174404
0.0246876,0.00175209
0.0247445,0.00176017
0.0248016,0.00176829
0.0248587,0.00177644
0.0249161,0.00178464
0.0249735,0.00179287
0.0250311,0.00180114
0.0250888,0.00180945
0.0251466,0.00181779
0.0252046,0.00182618
0.0252627,0.0018346
0.025321,0.00184306
0.0253794,0.00185156
0.0254379,0.0018601
0.0254965,0.00186868
0.0255553,0.0018773
0.0256143,0.00188596
0.0256733,0.00189466
0.0257325,0.0019034
0.0257918,0.00191218
0.0258513,0.001921
0.0259109,0.00192986
0.0259707,0.00193876
0.0260305,0.0019477
0.0260906,0.00195668
0.0261507,0.00196571
0.026211,0.00197477
0.0262714,0.00198388
0.026332,0.00199303
0.0263927,0.00200222
0.0264536,0.00201146
0.0265146,0.00202073
0.0265757,0.00203005
0.026637,0.00203942
0.0266984,0.00204882
0.02676,0.00205827
0.0268217,0.00206776
0.0268835,0.0020773
0.0269455,0.00208688
0.0270076,0.0020965
0.0270699,0.00210617
0.0271323,0.00211589
0.0271949,0.00212564
0.0272576,0.00213545
0.0273204,0.0021453
0.0273834,0.00215519
0.0274465,0.00216513
0.0275098,0.00217511
0.0275733,0.00218514
0.0276368,0.00219522
0.0277006,0.00220534
0.0277644,0.00221551
0.0278284,0.00222573
0.0278926,0.002236
0.0279569,0.00224631
0.0280214,0.00225667
0.028086,0.00226707
0.0281507,0.00227753
0.0282157,0.00228803
0.0282807,0.00229858
0.0283459,0.00230918
0.0284113,0.00231983
0.0284768,0.00233053
0.0285424,0.00234127
0.0286083,0.00235207
0.0286742,0.00236291
0.0287403,0.00237381
0.0288066,0.00238476
0.028873,0.00239575
0.0289396,0.0024068
0.0290063,0.0024179
0.0290732,0.00242905
0.0291402,0.00244025
0.0292074,0.0024515
0.0292748,0.0024628
0.0293423,0.00247416
0.0294099,0.00248557
0.0294777,0.00249703
0.0295457,0.00250854
0.0296138,0.00252011
0.0296821,0.00253173
0.0297505,0.0025434
0.0298191,0.00255513
0.0298879,0.00256691
0.0299568,0.00257874
0.0300259,0.00259063
0.0300951,0.00260258
0.0301645,0.00261458
0.030234,0.00262663
0.0303037,0.00263874
0.0303736,0.00265091
0.0304436,0.00266313
0.0305138,0.00267541
0.0305842,0.00268775
0.0306547,0.00270014
0.0307254,0.00271259
0.0307962,0.00272509
0.0308672,0.00273766
0.0309384,0.00275028
0.0310098,0.00276296
0.0310813,0.00277569
0.0311529,0.00278849
0.0312247,0.00280135
0.0312967,0.00281426
0.0313689,0.00282724
0.0314412,0.00284027
0.0315137,0.00285336
0.0315864,0.00286652
0.0316592,0.00287973
0.0317322,0.00289301
0.0318054,0.00290634
0.0318787,0.00291974
0.0319522,0.0029332
0.0320259,0.00294672
0.0320997,0.00296031
0.0321737,0.00297395
0.0322479,0.00298766
0.0323223,0.00300144
0.0323968,0.00301527
0.0324715,0.00302917
0.0325464,0.00304313
0.0326214,0.00305716
0.0326966,0.00307125
0.032772,0.00308541
0.0328476,0.00309963
0.0329233,0.00311392
0.0329992,0.00312827
0.0330753,0.00314269
0.0331516,0.00315718
0.033228,0.00317173
0.0333046,0.00318635
0.0333814,0.00320104
0.0334584,0.00321579
0.0335355,0.00323062
0.0336128,0.00324551
0.0336903,0.00326047
0.033768,0.00327549
0.0338459,0.00329059
0.0339239,0.00330576
0.0340021,0.00332099
0.0340805,0.0033363
0.0341591,0.00335168
0.0342379,0.00336712
0.0343168,0.00338264
0.0343959,0.00339823
0.0344753,0.00341389
0.0345547,0.00342963
0.0346344,0.00344543
0.0347143,0.00346131
0.0347943,0.00347726
0.0348745,0.00349329
0.034955,0.00350939
0.0350355,0.00352556
0.0351163,0.00354181
0.0351973,0.00355813
0.0352785,0.00357453
0.0353598,0.003591
0.0354413,0.00360755
0.035523,0.00362417
0.0356049,0.00364088
0.035687,0.00365765
0.0357693,0.00367451
0.0358518,0.00369144
0.0359345,0.00370845
0.0360173,0.00372554
0.0361004,0.00374271
0.0361836,0.00375995
0.036267,0.00377728
0.0363506,0.00379469
0.0364345,0.00381217
0.0365185,0.00382974
0.0366027,0.00384738
0.0366871,0.00386511
0.0367716,0.00388292
0.0368564,0.00390081
0.0369414,0.00391878
0.0370266,0.00393684
0.037112,0.00395498
0.0371975,0.0039732
0.0372833,0.00399151
0.0373693,0.0040099
0.0374554,0.00402837
0.0375418,0.00404693
0.0376283,0.00406558
0.0377151,0.00408431
0.0378021,0.00410313
0.0378892,0.00412203
0.0379766,0.00414102
0.0380641,0.0041601
0.0381519,0.00417927
0.0382399,0.00419852
0.038328,0.00421786
0.0384164,0.00423729
0.038505,0.00425681
0.0385938,0.00427642
0.0386828,0.00429612
0.038772,0.00431591
0.0388614,0.0043358
0.038951,0.00435577
0.0390408,0.00437583
0.0391308,0.00439599
0.039221,0.00441624
0.0393114,0.00443658
0.0394021,0.00445702
0.0394929,0.00447755
0.039584,0.00449818
0.0396753,0.0045189
0.0397667,0.00453971
0.0398584,0.00456062
0.0399503,0.00458163
0.0400424,0.00460273
0.0401348,0.00462393
0.0402273,0.00464523
0.0403201,0.00466662
0.040413,0.00468812
0.0405062,0.00470971
0.0405996,0.0047314
0.0406932,0.00475319
0.040787,0.00477508
0.0408811,0.00479708
0.0409753,0.00481917
0.0410698,0.00484136
0.0411645,0.00486366
0.0412594,0.00488606
0.0413546,0.00490856
0.0414499,0.00493117
0.0415455,0.00495387
0.0416413,0.00497669
0.0417373,0.00499961
0.0418335,0.00502263
0.04193,0.00504576
0.0420266,0.00506899
0.0421235,0.00509234
0.0422207,0.00511579
0.042318,0.00513934
0.0424156,0.00516301
0.0425134,0.00518678
0.0426114,0.00521066
0.0427097,0.00523466
0.0428081,0.00525876
0.0429068,0.00528297
0.0430058,0.0053073
0.0431049,0.00533174
0.0432043,0.00535628
0.0433039,0.00538095
0.0434038,0.00540572
0.0435039,0.00543061
0.0436042,0.00545561
0.0437047,0.00548073
0.0438055,0.00550596
0.0439065,0.00553131
0.0440077,0.00555678
0.0441092,0.00558236
0.0442109,0.00560806
0.0443128,0.00563387
0.044415,0.00565981
0.0445174,0.00568586
0.04462,0.00571204
0.0447229,0.00573833
0.044826,0.00576475
0.0449294,0.00579129
0.045033,0.00581794
0.0451368,0.00584473
0.0452409,0.00587163
0.0453452,0.00589866
0.0454498,0.00592581
0.0455545,0.00595308
0.0456596,0.00598048
0.0457649,0.00600801
0.0458704,0.00603566
0.0459761,0.00606344
0.0460821,0.00609135
0.0461884,0.00611939
0.0462949,0.00614755
0.0464016,0.00617584
0.0465086,0.00620427
0.0466159,0.00623282
0.0467233,0.0062615
0.0468311,0.00629032
0.0469391,0.00631927
0.0470473,0.00634835
0.0471558,0.00637756
0.0472645,0.00640691
0.0473735,0.00643639
0.0474827,0.00646601
0.0475922,0.00649577
0.0477019,0.00652566
0.0478119,0.00655569
0.0479221,0.00658585
0.0480326,0.00661615
0.0481434,0.0066466
0.0482544,0.00667718
0.0483656,0.0067079
0.0484772,0.00673876
0.0485889,0.00676977
0.048701,0.00680092
0.0488132,0.00683221
0.0489258,0.00686364
0.0490386,0.00689522
0.0491517,0.00692694
0.049265,0.00695881
0.0493786,0.00699082
0.0494924,0.00702298
0.0496066,0.00705529
0.0497209,0.00708774
0.0498356,0.00712035
0.0499505,0.0071531
0.0500657,0.00718601
0.0501811,0.00721906
0.0502968,0.00725227
0.0504128,0.00728563
0.050529,0.00731914
0.0506455,0.00735281
0.0507623,0.00738662
0.0508793,0.0074206
0.0509966,0.00745473
0.0511142,0.00748902
0.0512321,0.00752346
0.0513502,0.00755806
0.0514686,0.00759282
0.0515873,0.00762774
0.0517062,0.00766282
0.0518254,0.00769806
0.0519449,0.00773346
0.0520647,0.00776902
0.0521847,0.00780475
0.0523051,0.00784064
0.0524257,0.00787669
0.0525465,0.00791291
0.0526677,0.0079493
0.0527891,0.00798585
0.0529108,0.00802257
0.0530328,0.00805946
0.0531551,0.00809651
0.0532777,0.00813374
0.0534005,0.00817114
0.0535236,0.0082087
0.0536471,0.00824644
0.0537708,0.00828436
0.0538947,0.00832244
0.054019,0.0083607
0.0541435,0.00839914
0.0542684,0.00843775
0.0543935,0.00847654
0.0545189,0.0085155
0.0546446,0.00855465
0.0547706,0.00859397
0.0548969,0.00863347
0.0550235,0.00867316
0.0551504,0.00871302
0.0552775,0.00875307
0.055405,0.0087933
0.0555327,0.00883372
0.0556608,0.00887432
0.0557891,0.00891511
0.0559177,0.00895608
0.0560467,0.00899724
0.0561759,0.00903859
0.0563054,0.00908012
0.0564352,0.00912185
0.0565654,0.00916377
0.0566958,0.00920588
0.0568265,0.00924818
0.0569575,0.00929068
0.0570889,0.00933337
0.0572205,0.00937626
0.0573524,0.00941934
0.0574847,0.00946262
0.0576172,0.00950609
0.05775,0.00954977
0.0578832,0.00959364
0.0580167,0.00963772
0.0581504,0.009682
0.0582845,0.00972648
0.0584189,0.00977116
0.0585536,0.00981605
0.0586886,0.00986114
0.0588239,0.00990644
0.0589595,0.00995194
0.0590955,0.00999766
0.0592317,0.0100436
0.0593683,0.0100897
0.0595052,0.0101361
0.0596424,0.0101826
0.0597799,0.0102294
0.0599178,0.0102764
0.0600559,0.0103236
0.0601944,0.010371
0.0603332,0.0104186
0.0604723,0.0104664
0.0606117,0.0105145
0.0607515,0.0105628
0.0608915,0.0106113
0.0610319,0.01066
0.0611727,0.010709
0.0613137,0.0107581
0.0614551,0.0108075
0.0615968,0.0108572
0.0617388,0.010907
0.0618811,0.0109571
0.0620238,0.0110074
0.0621668,0.0110579
0.0623102,0.0111087
0.0624538,0.0111597
0.0625978,0.0112109
0.0627422,0.0112624
0.0628868,0.0113141
0.0630318,0.011366
0.0631772,0.0114182
0.0633228,0.0114706
0.0634688,0.0115232
0.0636152,0.0115761
0.0637619,0.0116293
0.0639089,0.0116826
0.0640562,0.0117362
0.0642039,0.0117901
0.064352,0.0118442
0.0645003,0.0118986
0.064649,0.0119532
0.0647981,0.012008
0.0649475,0.0120631
0.0650973,0.0121185
0.0652474,0.0121741
0.0653978,0.0122299
0.0655486,0.012286
0.0656997,0.0123424
0.0658512,0.012399
0.066003,0.0124559
0.0661552,0.0125131
0.0663078,0.0125705
0.0664606,0.0126281
0.0666139,0.0126861
0.0667675,0.0127442
0.0669214,0.0128027
0.0670757,0.0128614
0.0672304,0.0129204
0.0673854,0.0129797
0.0675408,0.0130392
0.0676965,0.013099
0.0678526,0.0131591
0.068009,0.0132194
0.0681658,0.01328
0.068323,0.0133409
0.0684805,0.0134021
0.0686384,0.0134636
0.0687967,0.0135253
0.0689553,0.0135873
0.0691143,0.0136496
0.0692737,0.0137122
0.0694334,0.0137751
0.0695935,0.0138382
0.0697539,0.0139016
0.0699148,0.0139654
0.070076,0.0140294
0.0702375,0.0140937
0.0703995,0.0141583
0.0705618,0.0142232
0.0707245,0.0142884
0.0708876,0.0143539
0.071051,0.0144197
0.0712148,0.0144857
0.071379,0.0145521
0.0715436,0.0146188
0.0717086,0.0146858
0.0718739,0.0147531
0.0720396,0.0148207
0.0722057,0.0148886
0.0723722,0.0149568
0.0725391,0.0150254
0.0727063,0.0150942
0.072874,0.0151633
0.073042,0.0152328
0.0732104,0.0153026
0.0733792,0.0153727
0.0735484,0.0154431
0.073718,0.0155138
0.073888,0.0155849
0.0740583,0.0156563
0.0742291,0.015728
0.0744002,0.0158
0.0745718,0.0158724
0.0747437,0.0159451
0.0749161,0.0160181
0.0750888,0.0160914
0.0752619,0.0161651
0.0754355,0.0162391
0.0756094,0.0163135
0.0757837,0.0163882
0.0759585,0.0164632
0.0761336,0.0165386
0.0763091,0.0166143
0.0764851,0.0166904
0.0766614,0.0167668
0.0768382,0.0168435
0.0770154,0.0169206
0.0771929,0.016998
0.0773709,0.0170758
0.0775493,0.017154
0.0777281,0.0172325
0.0779073,0.0173114
0.078087,0.0173906
0.078267,0.0174702
0.0784475,0.0175501
0.0786283,0.0176304
0.0788096,0.0177111
0.0789913,0.0177921
0.0791735,0.0178735
0.079356,0.0179553
0.079539,0.0180374
0.0797224,0.0181199
0.0799062,0.0182028
0.0800904,0.0182861
0.0802751,0.0183697
0.0804602,0.0184537
0.0806457,0.0185381
0.0808317,0.0186229
0.081018,0.018708
0.0812048,0.0187936
0.0813921,0.0188795
0.0815797,0.0189659
0.0817678,0.0190526
0.0819564,0.0191397
0.0821453,0.0192272
0.0823347,0.0193151
0.0825246,0.0194034
0.0827149,0.0194921
0.0829056,0.0195812
0.0830967,0.0196707
0.0832883,0.0197606
0.0834804,0.0198509
0.0836728,0.0199416
0.0838658,0.0200327
0.0840591,0.0201243
0.084253,0.0202163
0.0844472,0.0203086
0.0846419,0.0204014
0.0848371,0.0204946
0.0850327,0.0205883
0.0852287,0.0206823
0.0854253,0.0207768
0.0856222,0.0208717
0.0858196,0.020967
0.0860175,0.0210628
0.0862159,0.021159
0.0864146,0.0212556
0.0866139,0.0213527
0.0868136,0.0214502
0.0870138,0.0215482
0.0872144,0.0216466
0.0874155,0.0217454
0.087617,0.0218447
0.087819,0.0219444
0.0880215,0.0220446
0.0882245,0.0221452
0.0884279,0.0222463
0.0886318,0.0223478
0.0888361,0.0224498
0.089041,0.0225523
0.0892463,0.0226552
0.0894521,0.0227586
0.0896583,0.0228625
0.089865,0.0229668
0.0900722,0.0230716
0.0902799,0.0231768
0.0904881,0.0232826
0.0906967,0.0233888
0.0909058,0.0234955
0.0911154,0.0236027
0.0913255,0.0237103
0.0915361,0.0238185
0.0917471,0.0239271
0.0919587,0.0240362
0.0921707,0.0241458
0.0923832,0.0242559
0.0925962,0.0243665
0.0928097,0.0244776
0.0930237,0.0245892
0.0932382,0.0247013
0.0934532,0.0248139
0.0936687,0.024927
0.0938846,0.0250407
0.0941011,0.0251548
0.0943181,0.0252694
0.0945355,0.0253846
0.0947535,0.0255003
0.094972,0.0256165
0.095191,0.0257332
0.0954104,0.0258504
0.0956304,0.0259682
0.0958509,0.0260865
0.0960719,0.0262054
0.0962934,0.0263247
0.0965155,0.0264446
0.096738,0.0265651
0.0969611,0.0266861
0.0971846,0.0268076
0.0974087,0.0269297
0.0976333,0.0270523
0.0978584,0.0271754
0.098084,0.0272992
0.0983102,0.0274234
0.0985369,0.0275483
0.0987641,0.0276737
0.0989918,0.0277996
0.09922,0.0279262
0.0994488,0.0280533
0.0996781,0.0281809
0.0999079,0.0283092
0.100138,0.028438
0.100369,0.0285673
0.100601,0.0286973
0.100833,0.0288279
0.101065,0.028959
0.101298,0.0290907
0.101532,0.029223
0.101766,0.0293559
0.102,0.0294894
0.102236,0.0296235
0.102471,0.0297582
0.102708,0.0298935
0.102944,0.0300294
0.103182,0.0301659
0.10342,0.0303031
0.103658,0.0304408
0.103897,0.0305792
0.104137,0.0307181
0.104377,0.0308577
0.104617,0.0309979
0.104859,0.0311388
0.1051,0.0312803
0.105343,0.0314224
0.105586,0.0315651
0.105829,0.0317085
0.106073,0.0318525
0.106318,0.0319972
0.106563,0.0321425
0.106808,0.0322884
0.107055,0.0324351
0.107302,0.0325823
0.107549,0.0327302
0.107797,0.0328788
0.108046,0.0330281
0.108295,0.033178
0.108544,0.0333286
0.108795,0.0334798
0.109045,0.0336317
0.109297,0.0337843
0.109549,0.0339376
0.109801,0.0340916
0.110055,0.0342462
0.110308,0.0344016
0.110563,0.0345576
0.110818,0.0347143
0.111073,0.0348717
0.111329,0.0350299
0.111586,0.0351887
0.111843,0.0353482
0.112101,0.0355085
0.11236,0.0356694
0.112619,0.0358311
0.112878,0.0359935
0.113139,0.0361566
0.113399,0.0363205
0.113661,0.036485
0.113923,0.0366503
0.114186,0.0368164
0.114449,0.0369831
0.114713,0.0371506
0.114977,0.0373189
0.115242,0.0374879
0.115508,0.0376577
0.115774,0.0378282
0.116041,0.0379994
0.116309,0.0381714
0.116577,0.0383442
0.116846,0.0385178
0.117115,0.0386921
0.117385,0.0388672
0.117656,0.0390431
0.117927,0.0392197
0.118199,0.0393972
0.118472,0.0395754
0.118745,0.0397544
0.119019,0.0399342
0.119293,0.0401148
0.119568,0.0402962
0.119844,0.0404784
0.12012,0.0406614
0.120397,0.0408452
0.120675,0.0410298
0.120953,0.0412153
0.121232,0.0414015
0.121511,0.0415886
0.121792,0.0417765
0.122072,0.0419653
0.122354,0.0421548
0.122636,0.0423453
0.122919,0.0425365
0.123202,0.0427286
0.123486,0.0429216
0.123771,0.0431154
0.124056,0.04331
0.124342,0.0435055
0.124629,0.0437019
0.124916,0.0438991
0.125204,0.0440973
0.125493,0.0442962
0.125782,0.0444961
0.126072,0.0446968
0.126363,0.0448985
0.126654,0.045101
0.126946,0.0453044
0.127239,0.0455087
0.127533,0.0457139
0.127827,0.04592
0.128121,0.046127
0.128417,0.0463349
0.128713,0.0465437
0.12901,0.0467535
0.129307,0.0469641
0.129605,0.0471757
0.129904,0.0473883
0.130204,0.0476017
0.130504,0.0478161
0.130805,0.0480315
0.131106,0.0482477
0.131409,0.048465
0.131712,0.0486831
0.132015,0.0489023
0.13232,0.0491224
0.132625,0.0493434
0.132931,0.0495655
0.133237,0.0497885
0.133544,0.0500125
0.133852,0.0502374
0.134161,0.0504634
0.13447,0.0506903
0.13478,0.0509182
0.135091,0.0511472
0.135402,0.0513771
0.135715,0.051608
0.136028,0.05184
0.136341,0.0520729
0.136656,0.0523069
0.136971,0.0525419
0.137286,0.0527779
0.137603,0.053015
0.13792,0.053253
0.138238,0.0534922
0.138557,0.0537323
0.138876,0.0539735
0.139197,0.0542158
0.139518,0.0544591
0.139839,0.0547035
0.140162,0.0549489
0.140485,0.0551955
0.140809,0.055443
0.141133,0.0556917
0.141459,0.0559414
0.141785,0.0561923
0.142112,0.0564442
0.14244,0.0566972
0.142768,0.0569513
0.143097,0.0572065
0.143427,0.0574629
0.143758,0.0577203
0.144089,0.0579789
0.144422,0.0582386
0.144755,0.0584994
0.145088,0.0587613
0.145423,0.0590244
0.145758,0.0592886
0.146094,0.0595539
0.146431,0.0598204
0.146769,0.0600881
0.147107,0.0603569
0.147446,0.0606269
0.147786,0.0608981
0.148127,0.0611704
0.148469,0.0614439
0.148811,0.0617186
0.149154,0.0619944
0.149498,0.0622715
0.149843,0.0625497
0.150188,0.0628292
0.150534,0.0631099
0.150881,0.0633917
0.151229,0.0636748
0.151578,0.0639591
0.151927,0.0642447
0.152278,0.0645314
0.152629,0.0648194
0.152981,0.0651087
0.153334,0.0653992
0.153687,0.0656909
0.154041,0.0659839
0.154397,0.0662781
0.154753,0.0665736
0.155109,0.0668704
0.155467,0.0671685
0.155825,0.0674678
0.156185,0.0677684
0.156545,0.0680703
0.156906,0.0683735
0.157268,0.068678
0.15763,0.0689839
0.157994,0.069291
0.158358,0.0695994
0.158723,0.0699092
0.159089,0.0702203
0.159456,0.0705327
0.159824,0.0708464
0.160192,0.0711615
0.160561,0.0714779
0.160932,0.0717957
0.161303,0.0721149
0.161675,0.0724354
0.162047,0.0727573
0.162421,0.0730805
0.162795,0.0734051
0.163171,0.0737311
0.163547,0.0740585
0.163924,0.0743873
0.164302,0.0747175
0.164681,0.0750491
0.165061,0.0753821
0.165441,0.0757166
0.165823,0.0760524
0.166205,0.0763897
0.166588,0.0767284
0.166972,0.0770685
0.167357,0.0774101
0.167743,0.0777531
0.16813,0.0780976
0.168518,0.0784436
0.168906,0.078791
0.169296,0.0791399
0.169686,0.0794903
0.170077,0.0798421
0.170469,0.0801954
0.170862,0.0805503
0.171256,0.0809066
0.171651,0.0812644
0.172047,0.0816238
0.172444,0.0819846
0.172841,0.082347
0.17324,0.0827109
0.173639,0.0830764
0.17404,0.0834434
0.174441,0.0838119
0.174843,0.084182
0.175246,0.0845536
0.17565,0.0849268
0.176055,0.0853016
0.176461,0.0856779
0.176868,0.0860558
0.177276,0.0864354
0.177685,0.0868165
0.178094,0.0871992
0.178505,0.0875835
0.178917,0.0879694
0.179329,0.0883569
0.179743,0.0887461
0.180157,0.0891369
0.180572,0.0895293
0.180989,0.0899234
0.181406,0.0903191
0.181824,0.0907164
0.182244,0.0911154
0.182664,0.0915161
0.183085,0.0919185
0.183507,0.0923225
0.18393,0.0927282
0.184354,0.0931356
0.184779,0.0935447
0.185205,0.0939555
0.185632,0.094368
0.18606,0.0947823
0.186489,0.0951982
0.186919,0.0956159
0.18735,0.0960353
0.187782,0.0964564
0.188215,0.0968793
0.188649,0.097304
0.189084,0.0977304
0.18952,0.0981585
0.189957,0.0985885
0.190395,0.0990202
0.190834,0.0994537
0.191274,0.0998889
0.191715,0.100326
0.192157,0.100765
0.1926,0.101206
0.193044,0.101648
0.193489,0.102092
0.193936,0.102539
0.194383,0.102987
0.194831,0.103436
0.19528,0.103888
0.19573,0.104342
0.196182,0.104797
0.196634,0.105254
0.197087,0.105713
0.197542,0.106175
0.197997,0.106637
0.198454,0.107102
0.198911,0.107569
0.19937,0.108038
0.19983,0.108508
0.20029,0.108981
0.200752,0.109455
0.201215,0.109931
0.201679,0.110409
0.202144,0.11089
0.20261,0.111372
0.203077,0.111856
0.203546,0.112342
0.204015,0.11283
0.204485,0.11332
0.204957,0.113812
0.205429,0.114306
0.205903,0.114802
0.206378,0.1153
0.206854,0.1158
0.207331,0.116302
0.207809,0.116806
0.208288,0.117313
0.208768,0.117821
0.209249,0.118331
0.209732,0.118843
0.210215,0.119358
0.2107,0.119874
0.211186,0.120393
0.211673,0.120913
0.212161,0.121436
0.21265,0.121961
0.21314,0.122488
0.213632,0.123016
0.214124,0.123548
0.214618,0.124081
0.215113,0.124616
0.215609,0.125154
0.216106,0.125693
0.216604,0.126235
0.217104,0.126779
0.217604,0.127325
0.218106,0.127874
0.218609,0.128424
0.219113,0.128977
0.219618,0.129532
0.220125,0.130089
0.220632,0.130648
0.221141,0.13121
0.221651,0.131773
0.222162,0.132339
0.222674,0.132908
0.223187,0.133478
0.223702,0.134051
0.224218,0.134626
0.224735,0.135203
0.225253,0.135782
0.225772,0.136364
0.226293,0.136948
0.226815,0.137535
0.227338,0.138123
0.227862,0.138714
0.228387,0.139308
0.228914,0.139903
0.229442,0.140501
0.229971,0.141102
0.230501,0.141704
0.231032,0.142309
0.231565,0.142917
0.232099,0.143526
0.232634,0.144138
0.23317,0.144753
0.233708,0.14537
0.234247,0.145989
0.234787,0.146611
0.235328,0.147235
0.235871,0.147861
0.236415,0.14849
0.23696,0.149122
0.237506,0.149756
0.238054,0.150392
0.238603,0.151031
0.239153,0.151672
0.239704,0.152315
0.240257,0.152962
0.240811,0.15361
0.241366,0.154261
0.241923,0.154915
0.242481,0.155571
0.24304,0.15623
0.2436,0.156891
0.244162,0.157554
0.244725,0.158221
0.245289,0.158889
0.245854,0.159561
0.246421,0.160235
0.24699,0.160911
0.247559,0.16159
0.24813,0.162272
0.248702,0.162956
0.249275,0.163642
0.24985,0.164332
0.250426,0.165024
0.251004,0.165718
0.251582,0.166416
0.252162,0.167115
0.252744,0.167818
0.253327,0.168523
0.253911,0.169231
0.254496,0.169941
0.255083,0.170654
0.255671,0.17137
0.256261,0.172088
0.256851,0.172809
0.257444,0.173533
0.258037,0.17426
0.258632,0.174989
0.259228,0.175721
0.259826,0.176455
0.260425,0.177193
0.261026,0.177933
0.261628,0.178676
0.262231,0.179421
0.262835,0.18017
0.263441,0.180921
0.264049,0.181675
0.264658,0.182431
0.265268,0.183191
0.26588,0.183953
0.266493,0.184718
0.267107,0.185486
0.267723,0.186256
0.26834,0.18703
0.268959,0.187806
0.269579,0.188585
0.270201,0.189367
0.270824,0.190152
0.271448,0.19094
0.272074,0.19173
0.272701,0.192524
0.27333,0.19332
0.27396,0.194119
0.274592,0.194921
0.275225,0.195726
0.27586,0.196534
0.276496,0.197345
0.277133,0.198158
0.277772,0.198975
0.278413,0.199794
0.279055,0.200617
0.279698,0.201442
0.280343,0.20227
0.280989,0.203102
0.281637,0.203936
0.282287,0.204773
0.282937,0.205613
0.28359,0.206456
0.284244,0.207302
0.284899,0.208152
0.285556,0.209004
0.286214,0.209859
0.286874,0.210717
0.287536,0.211578
0.288199,0.212442
0.288863,0.213309
0.289529,0.21418
0.290197,0.215053
0.290866,0.215929
0.291537,0.216809
0.292209,0.217691
0.292882,0.218577
0.293558,0.219465
0.294235,0.220357
0.294913,0.221252
0.295593,0.222149
0.296275,0.22305
0.296958,0.223954
0.297642,0.224862
0.298329,0.225772
0.299016,0.226685
0.299706,0.227602
0.300397,0.228521
0.30109,0.229444
0.301784,0.23037
0.30248,0.231299
0.303177,0.232231
0.303876,0.233167
0.304577,0.234105
0.305279,0.235047
0.305983,0.235992
0.306688,0.23694
0.307396,0.237891
0.308104,0.238845
0.308815,0.239803
0.309527,0.240764
0.31024,0.241728
0.310956,0.242695
0.311673,0.243665
0.312391,0.244639
0.313112,0.245616
0.313834,0.246596
0.314557,0.247579
0.315282,0.248566
0.316009,0.249556
0.316738,0.250549
0.317468,0.251545
0.3182,0.252545
0.318934,0.253548
0.319669,0.254554
0.320406,0.255563
0.321145,0.256576
0.321886,0.257592
0.322628,0.258611
0.323372,0.259633
0.324117,0.260659
0.324865,0.261688
0.325614,0.262721
0.326364,0.263756
0.327117,0.264795
0.327871,0.265838
0.328627,0.266883
0.329385,0.267932
0.330144,0.268984
0.330905,0.27004
0.331668,0.271099
0.332433,0.272161
0.3332,0.273227
0.333968,0.274296
0.334738,0.275368
0.33551,0.276443
0.336283,0.277522
0.337059,0.278605
0.337836,0.27969
0.338615,0.280779
0.339396,0.281872
0.340178,0.282967
0.340962,0.284066
0.341749,0.285169
0.342537,0.286275
0.343326,0.287384
0.344118,0.288496
0.344911,0.289612
0.345707,0.290732
0.346504,0.291854
0.347303,0.29298
0.348103,0.29411
0.348906,0.295243
0.349711,0.296379
0.350517,0.297518
0.351325,0.298661
0.352135,0.299808
0.352947,0.300957
0.353761,0.302111
0.354576,0.303267
0.355394,0.304427
0.356213,0.30559
0.357035,0.306757
0.357858,0.307927
0.358683,0.309101
0.35951,0.310278
0.360339,0.311458
0.36117,0.312642
0.362003,0.313829
0.362837,0.31502
0.363674,0.316213
0.364512,0.317411
0.365353,0.318612
0.366195,0.319816
0.36704,0.321023
0.367886,0.322234
0.368734,0.323448
0.369584,0.324666
0.370436,0.325887
0.371291,0.327112
0.372147,0.32834
0.373005,0.329571
0.373865,0.330806
0.374727,0.332044
0.375591,0.333285
0.376457,0.33453
0.377325,0.335779
0.378195,0.33703
0.379067,0.338285
0.379941,0.339544
0.380817,0.340805
0.381695,0.342071
0.382575,0.343339
0.383457,0.344611
0.384341,0.345886
0.385227,0.347165
0.386116,0.348447
0.387006,0.349733
0.387898,0.351021
0.388793,0.352313
0.389689,0.353609
0.390588,0.354908
0.391488,0.35621
0.392391,0.357515
0.393295,0.358824
0.394202,0.360136
0.395111,0.361452
0.396022,0.362771
0.396935,0.364093
0.397851,0.365418
0.398768,0.366747
0.399687,0.368079
0.400609,0.369415
0.401533,0.370754
0.402458,0.372096
0.403386,0.373441
0.404316,0.374789
0.405249,0.376141
0.406183,0.377496
0.40712,0.378855
0.408058,0.380217
0.408999,0.381581
0.409942,0.38295
0.410887,0.384321
0.411835,0.385696
0.412784,0.387074
0.413736,0.388455
0.41469,0.389839
0.415646,0.391226
0.416604,0.392617
0.417565,0.394011
0.418528,0.395408
0.419493,0.396809
0.42046,0.398212
0.42143,0.399619
0.422401,0.401028
0.423375,0.402441
0.424351,0.403857
0.42533,0.405277
0.42631,0.406699
0.427293,0.408124
0.428279,0.409553
0.429266,0.410984
0.430256,0.412419
0.431248,0.413857
0.432242,0.415298
0.433239,0.416742
0.434238,0.418188
0.435239,0.419638
0.436242,0.421091
0.437248,0.422547
0.438256,0.424006
0.439267,0.425468
0.44028,0.426933
0.441295,0.428401
0.442312,0.429872
0.443332,0.431346
0.444354,0.432823
0.445379,0.434302
0.446406,0.435785
0.447435,0.43727
0.448467,0.438759
0.449501,0.44025
0.450537,0.441744
0.451576,0.443241
0.452617,0.444741
0.453661,0.446243
0.454707,0.447749
0.455755,0.449257
0.456806,0.450768
0.457859,0.452282
0.458915,0.453798
0.459973,0.455317
0.461034,0.456839
0.462097,0.458364
0.463162,0.459891
0.46423,0.461421
0.465301,0.462954
0.466373,0.464489
0.467449,0.466027
0.468526,0.467567
0.469607,0.469111
0.47069,0.470656
0.471775,0.472204
0.472863,0.473755
0.473953,0.475309
0.475046,0.476864
0.476141,0.478423
0.477239,0.479983
0.478339,0.481547
0.479442,0.483112
0.480548,0.48468
0.481656,0.486251
0.482766,0.487824
0.483879,0.489399
0.484995,0.490977
0.486113,0.492556
0.487234,0.494139
0.488357,0.495723
0.489483,0.49731
0.490612,0.498899
0.491743,0.50049
0.492877,0.502084
0.494013,0.503679
0.495152,0.505277
0.496294,0.506877
0.497438,0.508479
0.498585,0.510083
0.499735,0.511689
0.500887,0.513297
0.502042,0.514908
0.5032,0.51652
0.50436,0.518134
0.505523,0.519751
0.506688,0.521369
0.507857,0.522989
0.509028,0.524611
0.510201,0.526235
0.511378,0.527861
0.512557,0.529488
0.513739,0.531118
0.514923,0.532749
0.51611,0.534382
0.5173,0.536016
0.518493,0.537653
0.519689,0.539291
0.520887,0.54093
0.522088,0.542572
0.523292,0.544214
0.524498,0.545859
0.525707,0.547505
0.52692,0.549152
0.528135,0.550802
0.529352,0.552452
0.530573,0.554104
0.531796,0.555757
0.533022,0.557412
0.534251,0.559068
0.535483,0.560726
0.536718,0.562384
0.537955,0.564044
0.539196,0.565706
0.540439,0.567368
0.541685,0.569032
0.542934,0.570696
0.544186,0.572362
0.54544,0.574029
0.546698,0.575698
0.547959,0.577367
0.549222,0.579037
0.550488,0.580708
0.551758,0.58238
0.55303,0.584053
0.554305,0.585727
0.555583,0.587402
0.556864,0.589078
0.558148,0.590754
0.559435,0.592431
0.560725,0.594109
0.562018,0.595788
0.563313,0.597467
0.564612,0.599147
0.565914,0.600827
0.567219,0.602508
0.568527,0.60419
0.569838,0.605872
0.571152,0.607555
0.572468,0.609238
0.573788,0.610921
0.575111,0.612605
0.576437,0.614289
0.577766,0.615973
0.579099,0.617658
0.580434,0.619343
0.581772,0.621028
0.583114,0.622713
0.584458,0.624399
0.585806,0.626084
0.587156,0.62777
0.58851,0.629455
0.589867,0.631141
0.591227,0.632827
0.59259,0.634512
0.593957,0.636197
0.595326,0.637882
0.596699,0.639567
0.598075,0.641252
0.599454,0.642937
0.600836,0.644621
0.602221,0.646305
0.60361,0.647988
0.605001,0.649671
0.606396,0.651354
0.607794,0.653036
0.609196,0.654717
0.6106,0.656398
0.612008,0.658079
0.613419,0.659758
0.614834,0.661437
0.616251,0.663116
0.617672,0.664793
0.619097,0.66647
0.620524,0.668146
0.621955,0.669821
0.623389,0.671495
0.624826,0.673168
0.626267,0.67484
0.627711,0.676512
0.629158,0.678182
0.630609,0.679851
0.632063,0.681518
0.63352,0.683185
0.634981,0.68485
0.636445,0.686514
0.637912,0.688177
0.639383,0.689839
0.640857,0.691499
0.642335,0.693157
0.643816,0.694814
0.6453,0.69647
0.646788,0.698124
0.64828,0.699776
0.649774,0.701427
0.651273,0.703076
0.652774,0.704724
0.654279,0.706369
0.655788,0.708013
0.6573,0.709655
0.658815,0.711295
0.660334,0.712933
0.661857,0.714569
0.663383,0.716204
0.664913,0.717836
0.666446,0.719466
0.667982,0.721094
0.669522,0.722719
0.671066,0.724343
0.672613,0.725964
0.674164,0.727583
0.675719,0.7292
0.677277,0.730814
0.678838,0.732426
0.680404,0.734035
0.681972,0.735642
0.683545,0.737246
0.685121,0.738848
0.6867,0.740447
0.688284,0.742043
0.689871,0.743636
0.691461,0.745227
0.693056,0.746815
0.694654,0.748401
0.696255,0.749983
0.697861,0.751562
0.69947,0.753139
0.701083,0.754712
0.702699,0.756282
0.704319,0.75785
0.705943,0.759414
0.707571,0.760975
0.709202,0.762532
0.710838,0.764087
0.712477,0.765638
0.714119,0.767186
0.715766,0.76873
0.717416,0.770271
0.71907,0.771809
0.720728,0.773343
0.72239,0.774873
0.724056,0.7764
0.725725,0.777924
0.727398,0.779443
0.729076,0.780959
0.730757,0.782471
0.732442,0.78398
0.73413,0.785484
0.735823,0.786985
0.73752,0.788482
0.73922,0.789974
0.740924,0.791463
0.742633,0.792948
0.744345,0.794429
0.746061,0.795905
0.747782,0.797378
0.749506,0.798846
0.751234,0.80031
0.752966,0.80177
0.754702,0.803226
0.756442,0.804677
0.758186,0.806124
0.759934,0.807566
0.761687,0.809004
0.763443,0.810438
0.765203,0.811867
0.766967,0.813291
0.768736,0.814711
0.770508,0.816126
0.772285,0.817536
0.774066,0.818942
0.77585,0.820343
0.777639,0.82174
0.779432,0.823131
0.781229,0.824518
0.783031,0.8259
0.784836,0.827276
0.786646,0.828648
0.788459,0.830015
0.790277,0.831377
0.7921,0.832734
0.793926,0.834086
0.795756,0.835432
0.797591,0.836774
0.79943,0.83811
0.801273,0.839441
0.803121,0.840767
0.804973,0.842088
0.806829,0.843403
0.808689,0.844713
0.810554,0.846018
0.812423,0.847317
0.814296,0.84861
0.816173,0.849899
0.818055,0.851182
0.819941,0.852459
0.821832,0.853731
0.823727,0.854997
0.825626,0.856257
0.82753,0.857512
0.829438,0.858762
0.83135,0.860005
0.833267,0.861243
0.835188,0.862475
0.837114,0.863702
0.839044,0.864922
0.840979,0.866137
0.842918,0.867346
0.844861,0.868549
0.846809,0.869746
0.848762,0.870938
0.850719,0.872123
0.85268,0.873302
0.854646,0.874476
0.856617,0.875643
0.858592,0.876805
0.860571,0.87796
0.862556,0.879109
0.864545,0.880253
0.866538,0.88139
0.868536,0.882521
0.870538,0.883646
0.872546,0.884764
0.874557,0.885877
0.876574,0.886983
0.878595,0.888083
0.880621,0.889177
0.882651,0.890265
0.884686,0.891346
0.886726,0.892421
0.888771,0.89349
0.89082,0.894553
0.892874,0.895609
0.894933,0.896659
0.896996,0.897702
0.899064,0.898739
0.901137,0.89977
0.903215,0.900794
0.905298,0.901812
0.907385,0.902824
0.909477,0.903829
0.911574,0.904828
0.913676,0.90582
0.915783,0.906806
0.917894,0.907786
0.92001,0.908759
0.922132,0.909725
0.924258,0.910685
0.926389,0.911639
0.928525,0.912586
0.930666,0.913526
0.932812,0.91446
0.934962,0.915388
0.937118,0.916309
0.939279,0.917223
0.941445,0.918131
0.943615,0.919033
0.945791,0.919928
0.947972,0.920816
0.950157,0.921698
0.952348,0.922574
0.954544,0.923442
0.956745,0.924305
0.958951,0.925161
0.961162,0.92601
0.963378,0.926853
0.965599,0.927689
0.967826,0.928519
0.970057,0.929342
0.972294,0.930159
0.974536,0.930969
0.976783,0.931773
0.979035,0.93257
0.981292,0.933361
0.983555,0.934146
0.985823,0.934923
0.988096,0.935695
0.990374,0.93646
0.992657,0.937218
0.994946,0.93797
0.99724,0.938716
0.999539,0.939455
1.00184,0.940188
1.00415,0.940914
1.00647,0.941635
1.00879,0.942348
1.01112,0.943056
1.01345,0.943756
1.01578,0.944451
1.01813,0.945139
1.02047,0.945821
1.02283,0.946497
1.02518,0.947167
1.02755,0.94783
1.02992,0.948487
1.03229,0.949137
1.03467,0.949782
1.03706,0.95042
1.03945,0.951052
1.04185,0.951678
1.04425,0.952298
1.04666,0.952912
1.04907,0.953519
1.05149,0.954121
1.05391,0.954716
1.05634,0.955306
1.05878,0.955889
1.06122,0.956467
1.06367,0.957038
1.06612,0.957604
1.06858,0.958163
1.07104,0.958717
1.07351,0.959265
1.07599,0.959806
1.07847,0.960343
1.08095,0.960873
1.08345,0.961397
1.08594,0.961916
1.08845,0.962429
1.09096,0.962936
1.09347,0.963438
1.09599,0.963934
1.09852,0.964424
1.10105,0.964909
1.10359,0.965388
1.10614,0.965862
1.10869,0.96633
1.11124,0.966793
1.11381,0.96725
1.11637,0.967702
1.11895,0.968149
1.12153,0.96859
1.12411,0.969025
1.12671,0.969456
1.1293,0.969881
1.13191,0.970301
1.13452,0.970716
1.13713,0.971125
1.13975,0.97153
1.14238,0.971929
1.14502,0.972323
1.14766,0.972713
1.1503,0.973097
1.15296,0.973476
1.15561,0.97385
1.15828,0.97422
1.16095,0.974584
1.16363,0.974944
1.16631,0.975299
1.169,0.975649
1.17169,0.975995
1.17439,0.976335
1.1771,0.976671
1.17982,0.977003
1.18254,0.97733
1.18526,0.977652
1.188,0.97797
1.19074,0.978283
1.19348,0.978592
1.19623,0.978896
1.19899,0.979197
1.20176,0.979492
1.20453,0.979784
1.2073,0.980071
1.21009,0.980354
1.21288,0.980633
1.21567,0.980907
1.21848,0.981178
1.22129,0.981444
1.2241,0.981707
1.22692,0.981965
1.22975,0.98222
1.23259,0.98247
1.23543,0.982717
1.23828,0.98296
1.24113,0.983199
1.244,0.983434
1.24686,0.983665
1.24974,0.983893
1.25262,0.984117
1.25551,0.984338
1.2584,0.984555
1.26131,0.984768
1.26421,0.984978
1.26713,0.985184
1.27005,0.985387
1.27298,0.985587
1.27591,0.985783
1.27886,0.985976
1.2818,0.986165
1.28476,0.986352
1.28772,0.986535
1.29069,0.986715
1.29367,0.986891
1.29665,0.987065
1.29964,0.987236
1.30264,0.987403
1.30564,0.987568
1.30865,0.98773
1.31167,0.987888
1.31469,0.988044
1.31772,0.988197
1.32076,0.988348
1.32381,0.988495
1.32686,0.98864
1.32992,0.988782
1.33298,0.988921
1.33606,0.989058
1.33914,0.989192
1.34223,0.989323
1.34532,0.989452
1.34842,0.989579
1.35153,0.989703
1.35465,0.989825
1.35777,0.989944
1.3609,0.990061
1.36404,0.990175
1.36718,0.990288
1.37034,0.990398
1.3735,0.990506
1.37666,0.990611
1.37984,0.990715
1.38302,0.990816
1.38621,0.990915
1.3894,0.991012
1.39261,0.991108
1.39582,0.991201
1.39904,0.991292
1.40226,0.991381
1.4055,0.991468
1.40874,0.991554
1.41198,0.991638
1.41524,0.991719
1.4185,0.991799
1.42177,0.991878
1.42505,0.991954
1.42834,0.992029
1.43163,0.992102
1.43493,0.992174
1.43824,0.992244
1.44156,0.992312
1.44488,0.992379
1.44821,0.992444
1.45155,0.992508
1.4549,0.99257
1.45825,0.992631
1.46161,0.99269
1.46498,0.992748
1.46836,0.992805
1.47175,0.99286
1.47514,0.992914
1.47854,0.992966
1.48195,0.993018
1.48537,0.993068
1.48879,0.993117
1.49223,0.993164
1.49567,0.993211
1.49912,0.993256
1.50257,0.9933
1.50604,0.993343
1.50951,0.993385
1.51299,0.993426
1.51648,0.993466
1.51997,0.993505
1.52348,0.993543
1.52699,0.99358
1.53051,0.993616
1.53404,0.993651
1.53758,0.993685
1.54112,0.993718
1.54468,0.99375
1.54824,0.993782
1.55181,0.993812
1.55539,0.993842
1.55897,0.993871
1.56257,0.993899
1.56617,0.993926
1.56978,0.993953
1.5734,0.993979
1.57703,0.994004
1.58066,0.994028
1.58431,0.994052
1.58796,0.994075
1.59162,0.994097
1.59529,0.994119
1.59897,0.99414
1.60266,0.994161
1.60635,0.994181
1.61006,0.9942
1.61377,0.994219
1.61749,0.994237
1.62122,0.994255
1.62496,0.994272
1.6287,0.994288
1.63246,0.994304
1.63622,0.99432
1.64,0.994335
1.64378,0.99435
1.64757,0.994364
1.65137,0.994378
1.65517,0.994391
1.65899,0.994404
1.66282,0.994417
1.66665,0.994429
1.67049,0.994441
1.67434,0.994452
1.6782,0.994463
1.68207,0.994474
1.68595,0.994484
1.68984,0.994494
1.69374,0.994503
1.69764,0.994513
1.70156,0.994522
1.70548,0.99453
1.70941,0.994539
1.71335,0.994547
1.7173,0.994555
1.72126,0.994562
1.72523,0.99457
1.72921,0.994577
1.7332,0.994584
1.73719,0.99459
1.7412,0.994597
1.74521,0.994603
1.74924,0.994609
1.75327,0.994614
1.75731,0.99462
1.76136,0.994625
1.76543,0.99463
1.7695,0.994635
1.77358,0.99464
1.77767,0.994645
1.78176,0.994649
1.78587,0.994653
1.78999,0.994657
1.79412,0.994661
1.79825,0.994665
1.8024,0.994669
1.80656,0.994672
1.81072,0.994675
1.8149,0.994679
1.81908,0.994682
1.82327,0.994685
1.82748,0.994688
1.83169,0.994691
1.83592,0.994693
1.84015,0.994696
1.84439,0.994698
1.84864,0.994701
1.85291,0.994703
1.85718,0.994705
1.86146,0.994707
1.86575,0.994709
1.87005,0.994711
1.87437,0.994713
1.87869,0.994715
1.88302,0.994716
1.88736,0.994718
1.89171,0.994719
1.89608,0.994721
1.90045,0.994722
1.90483,0.994724
1.90922,0.994725
1.91362,0.994726
1.91804,0.994727
1.92246,0.994729
1.92689,0.99473
1.93133,0.994731
1.93579,0.994732
1.94025,0.994733
1.94472,0.994734
1.94921,0.994734
1.9537,0.994735
1.95821,0.994736
1.96272,0.994737
1.96725,0.994738
1.97178,0.994738
1.97633,0.994739
1.98089,0.994739
1.98545,0.99474
1.99003,0.994741
1.99462,0.994741
1.99922,0.994742
2.00383,0.994742
2.00845,0.994743
2.01308,0.994743
2.01772,0.994744
2.02237,0.994744
2.02704,0.994744
2.03171,0.994745
2.03639,0.994745
2.04109,0.994745
2.0458,0.994746
2.05051,0.994746
2.05524,0.994746
2.05998,0.994747
2.06473,0.994747
2.06949,0.994747
2.07426,0.994747
2.07904,0.994747
2.08384,0.994748
2.08864,0.994748
2.09346,0.994748
2.09828,0.994748
2.10312,0.994748
2.10797,0.994749
2.11283,0.994749
2.1177,0.994749
2.12259,0.994749
2.12748,0.994749
2.13239,0.994749
2.1373,0.994749
2.14223,0.994749
2.14717,0.99475
2.15212,0.99475
2.15708,0.99475
2.16206,0.99475
2.16704,0.99475
2.17204,0.99475
2.17705,0.99475
2.18207,0.99475
2.1871,0.99475
2.19214,0.99475
2.19719,0.99475
2.20226,0.99475
2.20734,0.99475
2.21243,0.99475
2.21753,0.994751
2.22264,0.994751
2.22777,0.994751
2.2329,0.994751
2.23805,0.994751
2.24321,0.994751
2.24838,0.994751
2.25357,0.994751
2.25876,0.994751
2.26397,0.994751
2.26919,0.994751
2.27442,0.994751
2.27967,0.994751
2.28492,0.994751
2.29019,0.994751
2.29547,0.994751
2.30077,0.994751
2.30607,0.994751
2.31139,0.994751
2.31672,0.994751
2.32206,0.994751
2.32741,0.994751
2.33278,0.994751
2.33816,0.994751
2.34355,0.994751
2.34895,0.994751
2.35437,0.994751
2.3598,0.994751
2.36524,0.994751
2.37069,0.994751
2.37616,0.994751
2.38164,0.994751
2.38713,0.994751
2.39263,0.994751
2.39815,0.994751
2.40368,0.994751
2.40922,0.994751
2.41477,0.994751
2.42034,0.994751
2.42592,0.994751
2.43152,0.994751
2.43712,0.994751
2.44274,0.994751
2.44837,0.994751
2.45402,0.994751
2.45968,0.994751
2.46535,0.994751
2.47103,0.994751
2.47673,0.994751
2.48244,0.994751
2.48816,0.994751
2.4939,0.994751
2.49965,0.994751
2.50542,0.994751
2.51119,0.994751
2.51698,0.994751
2.52279,0.994751
2.5286,0.994751
2.53443,0.994751
2.54028,0.994751
2.54613,0.994751
2.552,0.994751
2.55789,0.994751
2.56379,0.994751
2.5697,0.994751
2.57562,0.994751
2.58156,0.994751
2.58751,0.994751
2.59348,0.994751
2.59946,0.994751
2.60545,0.994751
2.61146,0.994751
2.61748,0.994751
2.62352,0.994751
2.62957,0.994751
2.63563,0.994751
2.64171,0.994751
2.6478,0.994751
2.6539,0.994751
2.66002,0.994751
2.66615,0.994751
2.6723,0.994751
2.67846,0.994751
2.68464,0.994751
2.69083,0.994751
2.69703,0.994751
2.70325,0.994751
2.70948,0.994751
2.71573,0.994751
2.72199,0.994751
2.72827,0.994751
2.73456,0.994751
2.74086,0.994751
2.74718,0.994751
2.75352,0.994751
2.75987,0.994751
2.76623,0.994751
2.77261,0.994751
2.779,0.994751
2.78541,0.994751
2.79183,0.994751
2.79827,0.994751
2.80472,0.994751
2.81119,0.994751
2.81767,0.994751
2.82417,0.994751
2.83068,0.994751
2.8372,0.994751
2.84375,0.994751
2.8503,0.994751
2.85687,0.994751
2.86346,0.994751
2.87006,0.994751
2.87668,0.994751
2.88331,0.994751
2.88996,0.994751
2.89663,0.994751
2.9033,0.994751
2.91,0.994751
2.91671,0.994751
2.92343,0.994751
2.93017,0.994751
2.93693,0.994751
2.9437,0.994751
2.95049,0.994751
2.95729,0.994751
2.96411,0.994751
2.97094,0.994751
2.97779,0.994751
2.98466,0.994751
2.99154,0.994751
2.99844,0.994751
3.00535,0.994751
3.01228,0.994751
3.01923,0.994751
3.02619,0.994751
3.03317,0.994751
3.04016,0.994751
3.04717,0.994751
3.0542,0.994751
3.06124,0.994751
3.0683,0.994751
3.07537,0.994751
3.08246,0.994751
3.08957,0.994751
3.09669,0.994751
3.10383,0.994751
3.11099,0.994751
3.11816,0.994751
3.12535,0.994751
3.13256,0.994751
3.13978,0.994751
3.14702,0.994751
3.15428,0.994751
3.16155,0.994751
3.16884,0.994751
3.17615,0.994751
3.18347,0.994751
3.19081,0.994751
3.19817,0.994751
3.20554,0.994751
3.21293,0.994751
3.22034,0.994751
3.22776,0.994751
3.23521,0.994751
3.24267,0.994751
3.25014,0.994751
3.25764,0.994751
3.26515,0.994751
3.27268,0.994751
3.28022,0.994751
3.28778,0.994751
3.29537,0.994751
3.30296,0.994751
3.31058,0.994751
3.31821,0.994751
3.32586,0.994751
3.33353,0.994751
3.34122,0.994751
3.34892,0.994751
3.35664,0.994751
3.36438,0.994751
3.37214,0.994751
3.37992,0.994751
3.38771,0.994751
3.39552,0.994751
3.40335,0.994751
3.4112,0.994751
3.41906,0.994751
3.42694,0.994751
3.43485,0.994751
3.44277,0.994751
3.4507,0.994751
3.45866,0.994751
3.46663,0.994751
3.47463,0.994751
3.48264,0.994751
3.49067,0.994751
3.49872,0.994751
3.50678,0.994751
3.51487,0.994751
3.52297,0.994751
3.5311,0.994751
3.53924,0.994751
3.5474,0.994751
3.55558,0.994751
3.56378,0.994751
3.57199,0.994751
3.58023,0.994751
3.58848,0.994751
3.59676,0.994751
3.60505,0.994751
3.61336,0.994751
3.62169,0.994751
3.63004,0.994751
3.63841,0.994751
3.6468,0.994751
3.65521,0.994751
3.66364,0.994751
3.67209,0.994751
3.68055,0.994751
3.68904,0.994751
3.69755,0.994751
3.70607,0.994751
3.71462,0.994751
3.72318,0.994751
3.73177,0.994751
3.74037,0.994751
3.74899,0.994751
3.75764,0.994751
3.7663,0.994751
3.77499,0.994751
3.78369,0.994751
3.79241,0.994751
3.80116,0.994751
3.80992,0.994751
3.81871,0.994751
3.82751,0.994751
3.83634,0.994751
3.84518,0.994751
3.85405,0.994751
3.86293,0.994751
3.87184,0.994751
3.88077,0.994751
3.88972,0.994751
3.89869,0.994751
3.90767,0.994751
3.91668,0.994751
3.92572,0.994751
3.93477,0.994751
3.94384,0.994751
3.95293,0.994751
3.96205,0.994751
3.97118,0.994751
3.98034,0.994751
3.98952,0.994751
3.99871,0.994751
4.00793,0.994751
4.01718,0.994751
4.02644,0.994751
4.03572,0.994751
4.04503,0.994751
4.05435,0.994751
4.0637,0.994751
4.07307,0.994751
4.08246,0.994751
4.09188,0.994751
4.10131,0.994751
4.11077,0.994751
4.12024,0.994751
4.12974,0.994751
4.13927,0.994751
4.14881,0.994751
4.15838,0.994751
4.16796,0.994751
4.17757,0.994751
4.18721,0.994751
4.19686,0.994751
4.20654,0.994751
4.21624,0.994751
4.22596,0.994751
4.2357,0.994751
4.24547,0.994751
4.25526,0.994751
4.26507,0.994751
4.2749,0.994751
4.28476,0.994751
4.29464,0.994751
4.30454,0.994751
4.31447,0.994751
4.32441,0.994751
4.33438,0.994751
4.34438,0.994751
4.35439,0.994751
4.36443,0.994751
4.3745,0.994751
4.38458,0.994751
4.39469,0.994751
4.40483,0.994751
4.41498,0.994751
4.42516,0.994751
4.43537,0.994751
4.44559,0.994751
4.45584,0.994751
4.46612,0.994751
4.47641,0.994751
4.48673,0.994751
4.49708,0.994751
4.50745,0.994751
4.51784,0.994751
4.52826,0.994751
4.5387,0.994751
4.54916,0.994751
4.55965,0.994751
4.57017,0.994751
4.5807,0.994751
4.59127,0.994751
4.60185,0.994751
4.61246,0.994751
4.6231,0.994751
4.63376,0.994751
4.64444,0.994751
4.65515,0.994751
4.66588,0.994751
4.67664,0.994751
4.68742,0.994751
4.69823,0.994751
4.70906,0.994751
4.71992,0.994751
4.7308,0.994751
4.74171,0.994751
4.75265,0.994751
4.7636,0.994751
4.77459,0.994751
4.7856,0.994751
4.79663,0.994751
4.80769,0.994751
4.81877,0.994751
4.82988,0.994751
4.84102,0.994751
4.85218,0.994751
4.86337,0.994751
4.87458,0.994751
4.88582,0.994751
4.89709,0.994751
4.90838,0.994751
4.9197,0.994751
4.93104,0.994751
4.94241,0.994751
4.95381,0.994751
4.96523,0.994751
4.97668,0.994751
4.98815,0.994751
4.99965,0.994751
5.01118,0.994751
5.02273,0.994751
5.03432,0.994751
5.04592,0.994751
5.05756,0.994751
5.06922,0.994751
5.08091,0.994751
5.09262,0.994751
5.10436,0.994751
5.11613,0.994751
5.12793,0.994751
5.13975,0.994751
5.1516,0.994751
5.16348,0.994751
5.17539,0.994751
5.18732,0.994751
5.19928,0.994751
5.21127,0.994751
5.22328,0.994751
5.23533,0.994751
5.2474,0.994751
5.2595,0.994751
5.27162,0.994751
5.28378,0.994751
5.29596,0.994751
5.30817,0.994751
5.32041,0.994751
5.33268,0.994751
5.34497,0.994751
5.3573,0.994751
5.36965,0.994751
5.38203,0.994751
5.39444,0.994751
5.40688,0.994751
5.41934,0.994751
5.43184,0.994751
5.44436,0.994751
5.45692,0.994751
5.4695,0.994751
5.48211,0.994751
5.49475,0.994751
5.50742,0.994751
5.52012,0.994751
5.53285,0.994751
5.5456,0.994751
5.55839,0.994751
5.57121,0.994751
5.58405,0.994751
5.59693,0.994751
5.60983,0.994751
5.62277,0.994751
5.63573,0.994751
5.64872,0.994751
5.66175,0.994751
5.6748,0.994751
5.68789,0.994751
5.701,0.994751
5.71415,0.994751
5.72732,0.994751
5.74053,0.994751
5.75376,0.994751
5.76703,0.994751
5.78033,0.994751
5.79365,0.994751
5.80701,0.994751
5.8204,0.994751
5.83382,0.994751
5.84727,0.994751
5.86076,0.994751
5.87427,0.994751
5.88781,0.994751
5.90139,0.994751
5.915,0.994751
5.92863,0.994751
5.9423,0.994751
5.956,0.994751
5.96974,0.994751
5.9835,0.994751
5.9973,0.994751
6.01113,0.994751
6.02499,0.994751
6.03888,0.994751
6.0528,0.994751
6.06676,0.994751
6.08074,0.994751
6.09477,0.994751
6.10882,0.994751
6.1229,0.994751
6.13702,0.994751
6.15117,0.994751
6.16535,0.994751
6.17957,0.994751
6.19382,0.994751
6.2081,0.994751
6.22241,0.994751
6.23676,0.994751
6.25114,0.994751
6.26555,0.994751
6.28,0.994751
6.29448,0.994751
6.30899,0.994751
6.32354,0.994751
6.33812,0.994751
6.35273,0.994751
6.36738,0.994751
6.38206,0.994751
6.39678,0.994751
6.41153,0.994751
6.42631,0.994751
6.44113,0.994751
6.45598,0.994751
6.47086,0.994751
6.48578,0.994751
6.50074,0.994751
6.51573,0.994751
6.53075,0.994751
6.54581,0.994751
6.5609,0.994751
6.57603,0.994751
6.59119,0.994751
6.60639,0.994751
6.62162,0.994751
6.63689,0.994751
6.65219,0.994751
6.66753,0.994751
6.6829,0.994751
6.69831,0.994751
6.71375,0.994751
6.72923,0.994751
6.74475,0.994751
6.7603,0.994751
6.77589,0.994751
6.79151,0.994751
6.80717,0.994751
6.82287,0.994751
6.8386,0.994751
6.85436,0.994751
6.87017,0.994751
6.88601,0.994751
6.90189,0.994751
6.9178,0.994751
6.93375,0.994751
6.94974,0.994751
6.96576,0.994751
6.98182,0.994751
6.99792,0.994751
7.01406,0.994751
7.03023,0.994751
7.04644,0.994751
7.06268,0.994751
7.07897,0.994751
7.09529,0.994751
7.11165,0.994751
7.12805,0.994751
7.14448,0.994751
7.16096,0.994751
7.17747,0.994751
7.19402,0.994751
7.2106,0.994751
7.22723,0.994751
7.24389,0.994751
7.26059,0.994751
7.27734,0.994751
7.29411,0.994751
7.31093,0.994751
7.32779,0.994751
7.34469,0.994751
7.36162,0.994751
7.37859,0.994751
7.39561,0.994751
7.41266,0.994751
7.42975,0.994751
7.44688,0.994751
7.46405,0.994751
7.48126,0.994751
7.49851,0.994751
7.5158,0.994751
7.53313,0.994751
7.5505,0.994751
7.56791,0.994751
7.58536,0.994751
7.60285,0.994751
7.62038,0.994751
7.63795,0.994751
7.65556,0.994751
7.67321,0.994751
7.6909,0.994751
7.70863,0.994751
7.72641,0.994751
7.74422,0.994751
7.76208,0.994751
7.77997,0.994751
7.79791,0.994751
7.81589,0.994751
7.83391,0.994751
7.85198,0.994751
7.87008,0.994751
7.88823,0.994751
7.90641,0.994751
7.92464,0.994751
7.94292,0.994751
7.96123,0.994751
7.97959,0.994751
7.99799,0.994751
8.01643,0.994751
8.03491,0.994751
8.05344,0.994751
8.072,0.994751
8.09062,0.994751
8.10927,0.994751
8.12797,0.994751
8.14671,0.994751
8.16549,0.994751
8.18432,0.994751
8.20319,0.994751
8.2221,0.994751
8.24106,0.994751
8.26006,0.994751
8.27911,0.994751
8.2982,0.994751
8.31733,0.994751
8.33651,0.994751
8.35573,0.994751
8.375,0.994751
8.39431,0.994751
8.41366,0.994751
8.43306,0.994751
8.4525,0.994751
8.47199,0.994751
8.49153,0.994751
8.51111,0.994751
8.53073,0.994751
8.5504,0.994751
8.57011,0.994751
8.58987,0.994751
8.60968,0.994751
8.62953,0.994751
8.64943,0.994751
8.66937,0.994751
8.68936,0.994751
8.7094,0.994751
8.72948,0.994751
8.7496,0.994751
8.76978,0.994751
8.79,0.994751
8.81027,0.994751
8.83058,0.994751
8.85094,0.994751
8.87135,0.994751
8.8918,0.994751
8.9123,0.994751
8.93285,0.994751
8.95345,0.994751
8.97409,0.994751
8.99479,0.994751
9.01552,0.994751
9.03631,0.994751
9.05715,0.994751
9.07803,0.994751
9.09896,0.994751
9.11994,0.994751
9.14097,0.994751
9.16204,0.994751
9.18317,0.994751
9.20434,0.994751
9.22557,0.994751
9.24684,0.994751
9.26816,0.994751
9.28953,0.994751
9.31095,0.994751
9.33241,0.994751
9.35393,0.994751
9.3755,0.994751
9.39712,0.994751
9.41878,0.994751
9.4405,0.994751
9.46227,0.994751
9.48408,0.994751
9.50595,0.994751
9.52787,0.994751
9.54984,0.994751
9.57186,0.994751
9.59393,0.994751
9.61605,0.994751
9.63822,0.994751
9.66044,0.994751
9.68272,0.994751
9.70504,0.994751
9.72742,0.994751
9.74985,0.994751
9.77233,0.994751
9.79486,0.994751
9.81744,0.994751
9.84008,0.994751
9.86277,0.994751
9.88551,0.994751
9.9083,0.994751
9.93115,0.994751
9.95405,0.994751
9.977,0.994751
10,0.994751
