r,N
0.0001,4.50854e-08
0.000100231,4.52935e-08
0.000100462,4.55026e-08
0.000100693,4.57127e-08
0.000100925,4.59237e-08
0.000101158,4.61357e-08
0.000101391,4.63487e-08
0.000101625,4.65627e-08
0.00010186,4.67777e-08
0.000102094,4.69936e-08
0.00010233,4.72106e-08
0.000102566,4.74286e-08
0.000102802,4.76475e-08
0.000103039,4.78675e-08
0.000103277,4.80885e-08
0.000103515,4.83105e-08
0.000103754,4.85335e-08
0.000103993,4.87576e-08
0.000104233,4.89827e-08
0.000104473,4.92088e-08
0.000104714,4.9436e-08
0.000104955,4.96643e-08
0.000105197,4.98935e-08
0.00010544,5.01239e-08
0.000105683,5.03553e-08
0.000105927,5.05878e-08
0.000106171,5.08213e-08
0.000106416,5.10559e-08
0.000106661,5.12917e-08
0.000106907,5.15285e-08
0.000107153,5.17664e-08
0.0001074,5.20053e-08
0.000107648,5.22454e-08
0.000107896,5.24866e-08
0.000108145,5.2729e-08
0.000108394,5.29724e-08
0.000108644,5.32169e-08
0.000108895,5.34626e-08
0.000109146,5.37095e-08
0.000109398,5.39574e-08
0.00010965,5.42065e-08
0.000109903,5.44568e-08
0.000110156,5.47082e-08
0.00011041,5.49608e-08
0.000110665,5.52145e-08
0.00011092,5.54694e-08
0.000111176,5.57255e-08
0.000111432,5.59828e-08
0.000111689,5.62412e-08
0.000111946,5.65009e-08
0.000112204,5.67617e-08
0.000112463,5.70238e-08
0.000112722,5.7287e-08
0.000112982,5.75515e-08
0.000113243,5.78172e-08
0.000113504,5.80841e-08
0.000113766,5.83523e-08
0.000114028,5.86217e-08
0.000114291,5.88923e-08
0.000114554,5.91642e-08
0.000114819,5.94374e-08
0.000115083,5.97118e-08
0.000115349,5.99874e-08
0.000115615,6.02644e-08
0.000115881,6.05426e-08
0.000116148,6.08221e-08
0.000116416,6.11029e-08
0.000116685,6.1385e-08
0.000116954,6.16684e-08
0.000117223,6.19531e-08
0.000117494,6.22391e-08
0.000117764,6.25265e-08
0.000118036,6.28151e-08
0.000118308,6.31051e-08
0.000118581,6.33965e-08
0.000118854,6.36892e-08
0.000119128,6.39832e-08
0.000119403,6.42786e-08
0.000119678,6.45753e-08
0.000119954,6.48735e-08
0.000120231,6.5173e-08
0.000120508,6.54739e-08
0.000120786,6.57761e-08
0.000121064,6.60798e-08
0.000121344,6.63849e-08
0.000121623,6.66914e-08
0.000121904,6.69993e-08
0.000122185,6.73086e-08
0.000122467,6.76193e-08
0.000122749,6.79315e-08
0.000123032,6.82451e-08
0.000123316,6.85602e-08
0.0001236,6.88767e-08
0.000123885,6.91947e-08
0.000124171,6.95141e-08
0.000124457,6.98351e-08
0.000124744,7.01575e-08
0.000125031,7.04814e-08
0.00012532,7.08068e-08
0.000125609,7.11337e-08
0.000125898,7.14621e-08
0.000126189,7.1792e-08
0.00012648,7.21234e-08
0.000126771,7.24564e-08
0.000127063,7.27909e-08
0.000127356,7.3127e-08
0.00012765,7.34646e-08
0.000127944,7.38037e-08
0.000128239,7.41445e-08
0.000128535,7.44868e-08
0.000128831,7.48307e-08
0.000129129,7.51761e-08
0.000129426,7.55232e-08
0.000129725,7.58719e-08
0.000130024,7.62221e-08
0.000130324,7.6574e-08
0.000130624,7.69276e-08
0.000130925,7.72827e-08
0.000131227,7.76395e-08
0.00013153,7.79979e-08
0.000131833,7.8358e-08
0.000132137,7.87198e-08
0.000132442,7.90832e-08
0.000132747,7.94483e-08
0.000133053,7.98151e-08
0.00013336,8.01836e-08
0.000133667,8.05538e-08
0.000133976,8.09257e-08
0.000134284,8.12993e-08
0.000134594,8.16746e-08
0.000134904,8.20517e-08
0.000135215,8.24305e-08
0.000135527,8.28111e-08
0.00013584,8.31934e-08
0.000136153,8.35775e-08
0.000136467,8.39633e-08
0.000136781,8.43509e-08
0.000137097,8.47404e-08
0.000137413,8.51316e-08
0.00013773,8.55246e-08
0.000138047,8.59195e-08
0.000138366,8.63161e-08
0.000138685,8.67146e-08
0.000139004,8.7115e-08
0.000139325,8.75171e-08
0.000139646,8.79212e-08
0.000139968,8.83271e-08
0.000140291,8.87349e-08
0.000140614,8.91445e-08
0.000140939,8.95561e-08
0.000141264,8.99696e-08
0.000141589,9.03849e-08
0.000141916,9.08022e-08
0.000142243,9.12214e-08
0.000142571,9.16425e-08
0.0001429,9.20656e-08
0.000143229,9.24907e-08
0.000143559,9.29177e-08
0.00014389,9.33467e-08
0.000144222,9.37776e-08
0.000144555,9.42106e-08
0.000144888,9.46455e-08
0.000145222,9.50824e-08
0.000145557,9.55214e-08
0.000145892,9.59624e-08
0.000146229,9.64054e-08
0.000146566,9.68505e-08
0.000146904,9.72977e-08
0.000147243,9.77468e-08
0.000147582,9.81981e-08
0.000147922,9.86515e-08
0.000148263,9.91069e-08
0.000148605,9.95645e-08
0.000148948,1.00024e-07
0.000149291,1.00486e-07
0.000149636,1.0095e-07
0.000149981,1.01416e-07
0.000150326,1.01884e-07
0.000150673,1.02354e-07
0.00015102,1.02827e-07
0.000151369,1.03302e-07
0.000151718,1.03779e-07
0.000152068,1.04258e-07
0.000152418,1.04739e-07
0.00015277,1.05223e-07
0.000153122,1.05708e-07
0.000153475,1.06196e-07
0.000153829,1.06687e-07
0.000154183,1.07179e-07
0.000154539,1.07674e-07
0.000154895,1.08171e-07
0.000155252,1.08671e-07
0.00015561,1.09172e-07
0.000155969,1.09676e-07
0.000156329,1.10183e-07
0.000156689,1.10691e-07
0.00015705,1.11202e-07
0.000157413,1.11716e-07
0.000157776,1.12231e-07
0.000158139,1.1275e-07
0.000158504,1.1327e-07
0.000158869,1.13793e-07
0.000159236,1.14318e-07
0.000159603,1.14846e-07
0.000159971,1.15376e-07
0.00016034,1.15909e-07
0.000160709,1.16444e-07
0.00016108,1.16982e-07
0.000161451,1.17522e-07
0.000161824,1.18064e-07
0.000162197,1.1861e-07
0.000162571,1.19157e-07
0.000162946,1.19707e-07
0.000163321,1.2026e-07
0.000163698,1.20815e-07
0.000164075,1.21373e-07
0.000164454,1.21933e-07
0.000164833,1.22496e-07
0.000165213,1.23062e-07
0.000165594,1.2363e-07
0.000165976,1.24201e-07
0.000166358,1.24774e-07
0.000166742,1.2535e-07
0.000167126,1.25929e-07
0.000167512,1.2651e-07
0.000167898,1.27094e-07
0.000168285,1.27681e-07
0.000168673,1.2827e-07
0.000169062,1.28863e-07
0.000169452,1.29457e-07
0.000169842,1.30055e-07
0.000170234,1.30656e-07
0.000170626,1.31259e-07
0.00017102,1.31865e-07
0.000171414,1.32474e-07
0.000171809,1.33085e-07
0.000172206,1.337e-07
0.000172603,1.34317e-07
0.000173001,1.34937e-07
0.000173399,1.3556e-07
0.000173799,1.36186e-07
0.0001742,1.36814e-07
0.000174602,1.37446e-07
0.000175004,1.38081e-07
0.000175408,1.38718e-07
0.000175812,1.39359e-07
0.000176218,1.40002e-07
0.000176624,1.40648e-07
0.000177031,1.41298e-07
0.000177439,1.4195e-07
0.000177848,1.42605e-07
0.000178258,1.43264e-07
0.000178669,1.43925e-07
0.000179081,1.44589e-07
0.000179494,1.45257e-07
0.000179908,1.45928e-07
0.000180323,1.46601e-07
0.000180739,1.47278e-07
0.000181156,1.47958e-07
0.000181573,1.48641e-07
0.000181992,1.49327e-07
0.000182411,1.50017e-07
0.000182832,1.50709e-07
0.000183254,1.51405e-07
0.000183676,1.52104e-07
0.0001841,1.52806e-07
0.000184524,1.53512e-07
0.00018495,1.54221e-07
0.000185376,1.54933e-07
0.000185803,1.55648e-07
0.000186232,1.56366e-07
0.000186661,1.57088e-07
0.000187092,1.57814e-07
0.000187523,1.58542e-07
0.000187955,1.59274e-07
0.000188389,1.60009e-07
0.000188823,1.60748e-07
0.000189259,1.6149e-07
0.000189695,1.62236e-07
0.000190132,1.62985e-07
0.000190571,1.63737e-07
0.00019101,1.64493e-07
0.00019145,1.65253e-07
0.000191892,1.66016e-07
0.000192334,1.66782e-07
0.000192778,1.67552e-07
0.000193222,1.68326e-07
0.000193668,1.69103e-07
0.000194114,1.69883e-07
0.000194562,1.70668e-07
0.000195011,1.71456e-07
0.00019546,1.72247e-07
0.000195911,1.73042e-07
0.000196363,1.73841e-07
0.000196815,1.74644e-07
0.000197269,1.7545e-07
0.000197724,1.7626e-07
0.00019818,1.77074e-07
0.000198637,1.77891e-07
0.000199095,1.78713e-07
0.000199554,1.79538e-07
0.000200014,1.80367e-07
0.000200475,1.81199e-07
0.000200937,1.82036e-07
0.000201401,1.82876e-07
0.000201865,1.8372e-07
0.00020233,1.84569e-07
0.000202797,1.85421e-07
0.000203265,1.86277e-07
0.000203733,1.87137e-07
0.000204203,1.88001e-07
0.000204674,1.88869e-07
0.000205146,1.89741e-07
0.000205619,1.90617e-07
0.000206093,1.91497e-07
0.000206568,1.92381e-07
0.000207044,1.93269e-07
0.000207522,1.94161e-07
0.000208,1.95058e-07
0.00020848,1.95958e-07
0.00020896,1.96863e-07
0.000209442,1.97772e-07
0.000209925,1.98685e-07
0.000210409,1.99602e-07
0.000210894,2.00523e-07
0.000211381,2.01449e-07
0.000211868,2.02379e-07
0.000212356,2.03314e-07
0.000212846,2.04252e-07
0.000213337,2.05195e-07
0.000213829,2.06143e-07
0.000214322,2.07094e-07
0.000214816,2.0805e-07
0.000215311,2.09011e-07
0.000215808,2.09976e-07
0.000216305,2.10945e-07
0.000216804,2.11919e-07
0.000217304,2.12897e-07
0.000217805,2.1388e-07
0.000218307,2.14868e-07
0.00021881,2.1586e-07
0.000219315,2.16856e-07
0.000219821,2.17857e-07
0.000220327,2.18863e-07
0.000220835,2.19874e-07
0.000221345,2.20889e-07
0.000221855,2.21909e-07
0.000222367,2.22933e-07
0.000222879,2.23962e-07
0.000223393,2.24996e-07
0.000223908,2.26035e-07
0.000224424,2.27078e-07
0.000224942,2.28127e-07
0.000225461,2.2918e-07
0.00022598,2.30238e-07
0.000226501,2.31301e-07
0.000227024,2.32369e-07
0.000227547,2.33442e-07
0.000228072,2.34519e-07
0.000228598,2.35602e-07
0.000229125,2.3669e-07
0.000229653,2.37783e-07
0.000230183,2.3888e-07
0.000230713,2.39983e-07
0.000231245,2.41091e-07
0.000231778,2.42204e-07
0.000232313,2.43322e-07
0.000232848,2.44446e-07
0.000233385,2.45574e-07
0.000233923,2.46708e-07
0.000234463,2.47847e-07
0.000235003,2.48991e-07
0.000235545,2.50141e-07
0.000236088,2.51296e-07
0.000236633,2.52456e-07
0.000237178,2.53621e-07
0.000237725,2.54792e-07
0.000238273,2.55968e-07
0.000238823,2.5715e-07
0.000239373,2.58337e-07
0.000239925,2.5953e-07
0.000240478,2.60728e-07
0.000241033,2.61932e-07
0.000241589,2.63141e-07
0.000242146,2.64356e-07
0.000242704,2.65576e-07
0.000243264,2.66803e-07
0.000243825,2.68034e-07
0.000244387,2.69272e-07
0.00024495,2.70515e-07
0.000245515,2.71764e-07
0.000246081,2.73018e-07
0.000246648,2.74279e-07
0.000247217,2.75545e-07
0.000247787,2.76817e-07
0.000248358,2.78095e-07
0.000248931,2.79379e-07
0.000249505,2.80669e-07
0.00025008,2.81965e-07
0.000250657,2.83266e-07
0.000251235,2.84574e-07
0.000251814,2.85888e-07
0.000252395,2.87208e-07
0.000252977,2.88534e-07
0.00025356,2.89866e-07
0.000254145,2.91204e-07
0.000254731,2.92549e-07
0.000255318,2.93899e-07
0.000255907,2.95256e-07
0.000256497,2.96619e-07
0.000257088,2.97989e-07
0.000257681,2.99364e-07
0.000258275,3.00746e-07
0.000258871,3.02135e-07
0.000259467,3.0353e-07
0.000260066,3.04931e-07
0.000260665,3.06339e-07
0.000261266,3.07753e-07
0.000261869,3.09174e-07
0.000262473,3.10601e-07
0.000263078,3.12035e-07
0.000263684,3.13476e-07
0.000264292,3.14923e-07
0.000264902,3.16377e-07
0.000265512,3.17837e-07
0.000266125,3.19305e-07
0.000266738,3.20779e-07
0.000267353,3.2226e-07
0.00026797,3.23748e-07
0.000268588,3.25242e-07
0.000269207,3.26744e-07
0.000269828,3.28252e-07
0.00027045,3.29768e-07
0.000271073,3.3129e-07
0.000271698,3.3282e-07
0.000272325,3.34356e-07
0.000272953,3.359e-07
0.000273582,3.37451e-07
0.000274213,3.39009e-07
0.000274845,3.40574e-07
0.000275479,3.42146e-07
0.000276114,3.43726e-07
0.000276751,3.45313e-07
0.000277389,3.46907e-07
0.000278028,3.48508e-07
0.000278669,3.50117e-07
0.000279312,3.51734e-07
0.000279956,3.53358e-07
0.000280601,3.54989e-07
0.000281248,3.56628e-07
0.000281897,3.58274e-07
0.000282547,3.59928e-07
0.000283198,3.6159e-07
0.000283851,3.63259e-07
0.000284506,3.64936e-07
0.000285162,3.66621e-07
0.000285819,3.68314e-07
0.000286478,3.70014e-07
0.000287139,3.71722e-07
0.000287801,3.73439e-07
0.000288464,3.75163e-07
0.000289129,3.76895e-07
0.000289796,3.78635e-07
0.000290464,3.80383e-07
0.000291134,3.82139e-07
0.000291805,3.83903e-07
0.000292478,3.85675e-07
0.000293152,3.87456e-07
0.000293828,3.89245e-07
0.000294506,3.91042e-07
0.000295185,3.92847e-07
0.000295865,3.94661e-07
0.000296548,3.96483e-07
0.000297231,3.98313e-07
0.000297917,4.00152e-07
0.000298604,4.01999e-07
0.000299292,4.03855e-07
0.000299982,4.0572e-07
0.000300674,4.07593e-07
0.000301367,4.09475e-07
0.000302062,4.11365e-07
0.000302758,4.13264e-07
0.000303456,4.15172e-07
0.000304156,4.17089e-07
0.000304857,4.19015e-07
0.00030556,4.20949e-07
0.000306265,4.22892e-07
0.000306971,4.24845e-07
0.000307679,4.26806e-07
0.000308388,4.28777e-07
0.000309099,4.30756e-07
0.000309812,4.32745e-07
0.000310526,4.34743e-07
0.000311242,4.3675e-07
0.00031196,4.38766e-07
0.000312679,4.40792e-07
0.0003134,4.42827e-07
0.000314123,4.44871e-07
0.000314847,4.46925e-07
0.000315573,4.48988e-07
0.000316301,4.51061e-07
0.00031703,4.53144e-07
0.000317761,4.55236e-07
0.000318494,4.57337e-07
0.000319228,4.59449e-07
0.000319964,4.6157e-07
0.000320702,4.63701e-07
0.000321441,4.65842e-07
0.000322182,4.67992e-07
0.000322925,4.70153e-07
0.00032367,4.72323e-07
0.000324416,4.74504e-07
0.000325164,4.76695e-07
0.000325914,4.78895e-07
0.000326665,4.81106e-07
0.000327418,4.83327e-07
0.000328173,4.85559e-07
0.00032893,4.87801e-07
0.000329688,4.90053e-07
0.000330449,4.92315e-07
0.00033121,4.94588e-07
0.000331974,4.96871e-07
0.00033274,4.99165e-07
0.000333507,5.0147e-07
0.000334276,5.03785e-07
0.000335046,5.06111e-07
0.000335819,5.08447e-07
0.000336593,5.10795e-07
0.000337369,5.13153e-07
0.000338147,5.15522e-07
0.000338927,5.17902e-07
0.000339708,5.20293e-07
0.000340492,5.22695e-07
0.000341277,5.25108e-07
0.000342064,5.27532e-07
0.000342852,5.29968e-07
0.000343643,5.32415e-07
0.000344435,5.34873e-07
0.000345229,5.37342e-07
0.000346025,5.39823e-07
0.000346823,5.42315e-07
0.000347623,5.44819e-07
0.000348424,5.47334e-07
0.000349228,5.49861e-07
0.000350033,5.52399e-07
0.00035084,5.5495e-07
0.000351649,5.57512e-07
0.00035246,5.60085e-07
0.000353272,5.62671e-07
0.000354087,5.65269e-07
0.000354903,5.67879e-07
0.000355722,5.705e-07
0.000356542,5.73134e-07
0.000357364,5.7578e-07
0.000358188,5.78438e-07
0.000359014,5.81109e-07
0.000359841,5.83792e-07
0.000360671,5.86487e-07
0.000361503,5.89194e-07
0.000362336,5.91915e-07
0.000363172,5.94647e-07
0.000364009,5.97393e-07
0.000364848,6.00151e-07
0.00036569,6.02921e-07
0.000366533,6.05705e-07
0.000367378,6.08501e-07
0.000368225,6.11311e-07
0.000369074,6.14133e-07
0.000369925,6.16968e-07
0.000370778,6.19816e-07
0.000371633,6.22678e-07
0.00037249,6.25553e-07
0.000373349,6.28441e-07
0.000374209,6.31342e-07
0.000375072,6.34257e-07
0.000375937,6.37185e-07
0.000376804,6.40127e-07
0.000377673,6.43082e-07
0.000378543,6.46051e-07
0.000379416,6.49033e-07
0.000380291,6.5203e-07
0.000381168,6.5504e-07
0.000382047,6.58064e-07
0.000382928,6.61102e-07
0.00038381,6.64154e-07
0.000384695,6.67221e-07
0.000385582,6.70301e-07
0.000386471,6.73396e-07
0.000387363,6.76504e-07
0.000388256,6.79628e-07
0.000389151,6.82765e-07
0.000390048,6.85917e-07
0.000390947,6.89084e-07
0.000391849,6.92265e-07
0.000392752,6.95461e-07
0.000393658,6.98672e-07
0.000394566,7.01898e-07
0.000395475,7.05138e-07
0.000396387,7.08394e-07
0.000397301,7.11664e-07
0.000398217,7.1495e-07
0.000399135,7.1825e-07
0.000400056,7.21566e-07
0.000400978,7.24898e-07
0.000401903,7.28244e-07
0.000402829,7.31606e-07
0.000403758,7.34984e-07
0.000404689,7.38377e-07
0.000405622,7.41786e-07
0.000406557,7.45211e-07
0.000407495,7.48651e-07
0.000408434,7.52107e-07
0.000409376,7.5558e-07
0.00041032,7.59068e-07
0.000411266,7.62572e-07
0.000412214,7.66093e-07
0.000413165,7.6963e-07
0.000414117,7.73183e-07
0.000415072,7.76752e-07
0.000416029,7.80339e-07
0.000416988,7.83941e-07
0.00041795,7.8756e-07
0.000418914,7.91196e-07
0.000419879,7.94849e-07
0.000420848,7.98519e-07
0.000421818,8.02205e-07
0.000422791,8.05909e-07
0.000423765,8.09629e-07
0.000424742,8.13367e-07
0.000425722,8.17122e-07
0.000426703,8.20895e-07
0.000427687,8.24684e-07
0.000428673,8.28492e-07
0.000429662,8.32317e-07
0.000430652,8.36159e-07
0.000431645,8.4002e-07
0.000432641,8.43898e-07
0.000433638,8.47794e-07
0.000434638,8.51708e-07
0.00043564,8.5564e-07
0.000436645,8.5959e-07
0.000437651,8.63559e-07
0.00043866,8.67545e-07
0.000439672,8.71551e-07
0.000440686,8.75574e-07
0.000441702,8.79617e-07
0.00044272,8.83678e-07
0.000443741,8.87757e-07
0.000444764,8.91856e-07
0.000445789,8.95973e-07
0.000446817,9.0011e-07
0.000447848,9.04265e-07
0.00044888,9.0844e-07
0.000449915,9.12634e-07
0.000450953,9.16847e-07
0.000451992,9.2108e-07
0.000453034,9.25332e-07
0.000454079,9.29604e-07
0.000455126,9.33896e-07
0.000456175,9.38208e-07
0.000457227,9.42539e-07
0.000458281,9.46891e-07
0.000459338,9.51262e-07
0.000460397,9.55654e-07
0.000461459,9.60066e-07
0.000462523,9.64498e-07
0.000463589,9.68951e-07
0.000464658,9.73424e-07
0.000465729,9.77918e-07
0.000466803,9.82433e-07
0.00046788,9.86969e-07
0.000468958,9.91525e-07
0.00047004,9.96103e-07
0.000471123,1.0007e-06
0.00047221,1.00532e-06
0.000473298,1.00996e-06
0.00047439,1.01463e-06
0.000475483,1.01931e-06
0.00047658,1.02402e-06
0.000477679,1.02874e-06
0.00047878,1.03349e-06
0.000479884,1.03826e-06
0.00048099,1.04306e-06
0.000482099,1.04787e-06
0.000483211,1.05271e-06
0.000484325,1.05757e-06
0.000485442,1.06245e-06
0.000486561,1.06736e-06
0.000487683,1.07229e-06
0.000488807,1.07724e-06
0.000489935,1.08221e-06
0.000491064,1.08721e-06
0.000492196,1.09223e-06
0.000493331,1.09727e-06
0.000494469,1.10233e-06
0.000495609,1.10742e-06
0.000496752,1.11254e-06
0.000497897,1.11767e-06
0.000499045,1.12283e-06
0.000500196,1.12802e-06
0.000501349,1.13322e-06
0.000502505,1.13845e-06
0.000503663,1.14371e-06
0.000504825,1.14899e-06
0.000505989,1.1543e-06
0.000507155,1.15962e-06
0.000508325,1.16498e-06
0.000509497,1.17036e-06
0.000510672,1.17576e-06
0.000511849,1.18119e-06
0.000513029,1.18664e-06
0.000514212,1.19212e-06
0.000515398,1.19762e-06
0.000516586,1.20315e-06
0.000517777,1.20871e-06
0.000518971,1.21429e-06
0.000520168,1.21989e-06
0.000521367,1.22552e-06
0.000522569,1.23118e-06
0.000523774,1.23687e-06
0.000524982,1.24258e-06
0.000526192,1.24831e-06
0.000527405,1.25408e-06
0.000528621,1.25987e-06
0.00052984,1.26568e-06
0.000531062,1.27153e-06
0.000532286,1.2774e-06
0.000533514,1.28329e-06
0.000534744,1.28922e-06
0.000535977,1.29517e-06
0.000537212,1.30115e-06
0.000538451,1.30716e-06
0.000539693,1.31319e-06
0.000540937,1.31925e-06
0.000542184,1.32534e-06
0.000543434,1.33146e-06
0.000544687,1.33761e-06
0.000545943,1.34379e-06
0.000547202,1.34999e-06
0.000548464,1.35622e-06
0.000549728,1.36248e-06
0.000550996,1.36877e-06
0.000552266,1.37509e-06
0.00055354,1.38144e-06
0.000554816,1.38782e-06
0.000556095,1.39423e-06
0.000557377,1.40066e-06
0.000558662,1.40713e-06
0.00055995,1.41363e-06
0.000561242,1.42015e-06
0.000562536,1.42671e-06
0.000563833,1.4333e-06
0.000565133,1.43991e-06
0.000566436,1.44656e-06
0.000567742,1.45324e-06
0.000569051,1.45995e-06
0.000570363,1.46669e-06
0.000571678,1.47346e-06
0.000572996,1.48026e-06
0.000574317,1.4871e-06
0.000575641,1.49396e-06
0.000576969,1.50086e-06
0.000578299,1.50779e-06
0.000579632,1.51475e-06
0.000580969,1.52174e-06
0.000582308,1.52877e-06
0.000583651,1.53582e-06
0.000584997,1.54292e-06
0.000586346,1.55004e-06
0.000587697,1.55719e-06
0.000589053,1.56438e-06
0.000590411,1.57161e-06
0.000591772,1.57886e-06
0.000593136,1.58615e-06
0.000594504,1.59347e-06
0.000595875,1.60083e-06
0.000597249,1.60822e-06
0.000598626,1.61565e-06
0.000600006,1.6231e-06
0.000601389,1.6306e-06
0.000602776,1.63813e-06
0.000604166,1.64569e-06
0.000605559,1.65329e-06
0.000606955,1.66092e-06
0.000608355,1.66859e-06
0.000609757,1.67629e-06
0.000611163,1.68403e-06
0.000612572,1.6918e-06
0.000613985,1.69961e-06
0.0006154,1.70746e-06
0.000616819,1.71534e-06
0.000618242,1.72326e-06
0.000619667,1.73122e-06
0.000621096,1.73921e-06
0.000622528,1.74724e-06
0.000623963,1.75531e-06
0.000625402,1.76341e-06
0.000626844,1.77155e-06
0.000628289,1.77973e-06
0.000629738,1.78795e-06
0.00063119,1.7962e-06
0.000632645,1.80449e-06
0.000634104,1.81283e-06
0.000635566,1.82119e-06
0.000637031,1.8296e-06
0.0006385,1.83805e-06
0.000639972,1.84654e-06
0.000641448,1.85506e-06
0.000642927,1.86362e-06
0.000644409,1.87223e-06
0.000645895,1.88087e-06
0.000647384,1.88956e-06
0.000648877,1.89828e-06
0.000650373,1.90704e-06
0.000651873,1.91585e-06
0.000653376,1.92469e-06
0.000654882,1.93358e-06
0.000656392,1.9425e-06
0.000657906,1.95147e-06
0.000659423,1.96048e-06
0.000660943,1.96953e-06
0.000662467,1.97863e-06
0.000663994,1.98776e-06
0.000665525,1.99694e-06
0.00066706,2.00616e-06
0.000668598,2.01542e-06
0.00067014,2.02472e-06
0.000671685,2.03407e-06
0.000673233,2.04346e-06
0.000674786,2.0529e-06
0.000676341,2.06237e-06
0.000677901,2.07189e-06
0.000679464,2.08146e-06
0.000681031,2.09107e-06
0.000682601,2.10072e-06
0.000684175,2.11042e-06
0.000685752,2.12016e-06
0.000687333,2.12995e-06
0.000688918,2.13979e-06
0.000690507,2.14966e-06
0.000692099,2.15959e-06
0.000693694,2.16956e-06
0.000695294,2.17958e-06
0.000696897,2.18964e-06
0.000698504,2.19975e-06
0.000700114,2.2099e-06
0.000701729,2.22011e-06
0.000703347,2.23035e-06
0.000704968,2.24065e-06
0.000706594,2.251e-06
0.000708223,2.26139e-06
0.000709856,2.27183e-06
0.000711493,2.28232e-06
0.000713133,2.29285e-06
0.000714777,2.30344e-06
0.000716425,2.31407e-06
0.000718077,2.32476e-06
0.000719733,2.33549e-06
0.000721393,2.34627e-06
0.000723056,2.3571e-06
0.000724723,2.36799e-06
0.000726394,2.37892e-06
0.000728069,2.3899e-06
0.000729748,2.40093e-06
0.00073143,2.41202e-06
0.000733117,2.42315e-06
0.000734807,2.43434e-06
0.000736501,2.44558e-06
0.000738199,2.45687e-06
0.000739901,2.46821e-06
0.000741607,2.47961e-06
0.000743317,2.49106e-06
0.000745031,2.50256e-06
0.000746749,2.51411e-06
0.000748471,2.52572e-06
0.000750197,2.53738e-06
0.000751926,2.54909e-06
0.00075366,2.56086e-06
0.000755398,2.57268e-06
0.000757139,2.58456e-06
0.000758885,2.59649e-06
0.000760635,2.60848e-06
0.000762389,2.62052e-06
0.000764147,2.63262e-06
0.000765908,2.64477e-06
0.000767674,2.65698e-06
0.000769444,2.66925e-06
0.000771218,2.68157e-06
0.000772997,2.69395e-06
0.000774779,2.70639e-06
0.000776565,2.71889e-06
0.000778356,2.73144e-06
0.000780151,2.74405e-06
0.000781949,2.75672e-06
0.000783752,2.76944e-06
0.000785559,2.78223e-06
0.000787371,2.79507e-06
0.000789186,2.80798e-06
0.000791006,2.82094e-06
0.00079283,2.83397e-06
0.000794658,2.84705e-06
0.00079649,2.86019e-06
0.000798326,2.8734e-06
0.000800167,2.88666e-06
0.000802012,2.89999e-06
0.000803861,2.91338e-06
0.000805715,2.92683e-06
0.000807572,2.94034e-06
0.000809434,2.95392e-06
0.000811301,2.96755e-06
0.000813171,2.98125e-06
0.000815046,2.99502e-06
0.000816925,3.00884e-06
0.000818809,3.02274e-06
0.000820697,3.03669e-06
0.000822589,3.05071e-06
0.000824486,3.06479e-06
0.000826387,3.07894e-06
0.000828292,3.09316e-06
0.000830202,3.10744e-06
0.000832116,3.12178e-06
0.000834035,3.1362e-06
0.000835958,3.15068e-06
0.000837885,3.16522e-06
0.000839817,3.17983e-06
0.000841754,3.19452e-06
0.000843695,3.20926e-06
0.00084564,3.22408e-06
0.00084759,3.23896e-06
0.000849544,3.25392e-06
0.000851503,3.26894e-06
0.000853466,3.28403e-06
0.000855434,3.29919e-06
0.000857406,3.31442e-06
0.000859383,3.32973e-06
0.000861365,3.3451e-06
0.000863351,3.36054e-06
0.000865341,3.37606e-06
0.000867337,3.39164e-06
0.000869336,3.4073e-06
0.000871341,3.42303e-06
0.00087335,3.43883e-06
0.000875364,3.45471e-06
0.000877382,3.47066e-06
0.000879405,3.48668e-06
0.000881432,3.50278e-06
0.000883465,3.51895e-06
0.000885502,3.5352e-06
0.000887543,3.55152e-06
0.00088959,3.56791e-06
0.000891641,3.58439e-06
0.000893697,3.60093e-06
0.000895757,3.61756e-06
0.000897823,3.63426e-06
0.000899893,3.65104e-06
0.000901968,3.66789e-06
0.000904047,3.68483e-06
0.000906132,3.70184e-06
0.000908221,3.71893e-06
0.000910315,3.7361e-06
0.000912414,3.75335e-06
0.000914518,3.77068e-06
0.000916627,3.78808e-06
0.00091874,3.80557e-06
0.000920858,3.82314e-06
0.000922982,3.84079e-06
0.00092511,3.85852e-06
0.000927243,3.87634e-06
0.000929381,3.89423e-06
0.000931524,3.91221e-06
0.000933671,3.93027e-06
0.000935824,3.94842e-06
0.000937982,3.96665e-06
0.000940145,3.98496e-06
0.000942312,4.00336e-06
0.000944485,4.02184e-06
0.000946663,4.04041e-06
0.000948845,4.05906e-06
0.000951033,4.0778e-06
0.000953226,4.09663e-06
0.000955424,4.11554e-06
0.000957627,4.13454e-06
0.000959835,4.15363e-06
0.000962048,4.1728e-06
0.000964266,4.19207e-06
0.000966489,4.21142e-06
0.000968718,4.23086e-06
0.000970951,4.2504e-06
0.00097319,4.27002e-06
0.000975434,4.28973e-06
0.000977683,4.30954e-06
0.000979937,4.32943e-06
0.000982197,4.34942e-06
0.000984461,4.3695e-06
0.000986731,4.38967e-06
0.000989006,4.40994e-06
0.000991287,4.4303e-06
0.000993572,4.45075e-06
0.000995863,4.4713e-06
0.000998159,4.49194e-06
0.00100046,4.51268e-06
0.00100277,4.53351e-06
0.00100508,4.55444e-06
0.0010074,4.57547e-06
0.00100972,4.59659e-06
0.00101205,4.61782e-06
0.00101438,4.63914e-06
0.00101672,4.66055e-06
0.00101906,4.68207e-06
0.00102141,4.70368e-06
0.00102377,4.7254e-06
0.00102613,4.74722e-06
0.0010285,4.76913e-06
0.00103087,4.79115e-06
0.00103324,4.81327e-06
0.00103563,4.83549e-06
0.00103801,4.85782e-06
0.00104041,4.88024e-06
0.00104281,4.90277e-06
0.00104521,4.92541e-06
0.00104762,4.94815e-06
0.00105004,4.97099e-06
0.00105246,4.99394e-06
0.00105488,5.017e-06
0.00105732,5.04016e-06
0.00105975,5.06343e-06
0.0010622,5.0868e-06
0.00106465,5.11029e-06
0.0010671,5.13388e-06
0.00106956,5.15758e-06
0.00107203,5.18139e-06
0.0010745,5.20531e-06
0.00107698,5.22935e-06
0.00107946,5.25349e-06
0.00108195,5.27774e-06
0.00108444,5.30211e-06
0.00108694,5.32659e-06
0.00108945,5.35118e-06
0.00109196,5.37588e-06
0.00109448,5.4007e-06
0.001097,5.42563e-06
0.00109953,5.45068e-06
0.00110207,5.47585e-06
0.00110461,5.50113e-06
0.00110716,5.52652e-06
0.00110971,5.55204e-06
0.00111227,5.57767e-06
0.00111483,5.60342e-06
0.0011174,5.62929e-06
0.00111998,5.65528e-06
0.00112256,5.68139e-06
0.00112515,5.70762e-06
0.00112774,5.73397e-06
0.00113034,5.76044e-06
0.00113295,5.78703e-06
0.00113556,5.81375e-06
0.00113818,5.84059e-06
0.00114081,5.86755e-06
0.00114344,5.89464e-06
0.00114607,5.92186e-06
0.00114871,5.9492e-06
0.00115136,5.97666e-06
0.00115402,6.00426e-06
0.00115668,6.03197e-06
0.00115935,6.05982e-06
0.00116202,6.0878e-06
0.0011647,6.1159e-06
0.00116738,6.14414e-06
0.00117007,6.17251e-06
0.00117277,6.201e-06
0.00117548,6.22963e-06
0.00117819,6.25839e-06
0.0011809,6.28728e-06
0.00118363,6.31631e-06
0.00118636,6.34547e-06
0.00118909,6.37477e-06
0.00119183,6.4042e-06
0.00119458,6.43376e-06
0.00119733,6.46347e-06
0.0012001,6.49331e-06
0.00120286,6.52328e-06
0.00120564,6.5534e-06
0.00120842,6.58365e-06
0.0012112,6.61405e-06
0.00121399,6.64458e-06
0.00121679,6.67526e-06
0.0012196,6.70608e-06
0.00122241,6.73704e-06
0.00122523,6.76814e-06
0.00122806,6.79939e-06
0.00123089,6.83078e-06
0.00123372,6.86231e-06
0.00123657,6.89399e-06
0.00123942,6.92582e-06
0.00124228,6.9578e-06
0.00124514,6.98992e-06
0.00124801,7.02219e-06
0.00125089,7.05461e-06
0.00125378,7.08718e-06
0.00125667,7.1199e-06
0.00125956,7.15277e-06
0.00126247,7.18579e-06
0.00126538,7.21896e-06
0.0012683,7.25229e-06
0.00127122,7.28577e-06
0.00127415,7.31941e-06
0.00127709,7.3532e-06
0.00128003,7.38715e-06
0.00128299,7.42125e-06
0.00128594,7.45551e-06
0.00128891,7.48993e-06
0.00129188,7.52451e-06
0.00129486,7.55925e-06
0.00129784,7.59415e-06
0.00130084,7.62921e-06
0.00130384,7.66443e-06
0.00130684,7.69982e-06
0.00130986,7.73536e-06
0.00131288,7.77108e-06
0.0013159,7.80695e-06
0.00131894,7.84299e-06
0.00132198,7.8792e-06
0.00132503,7.91558e-06
0.00132808,7.95212e-06
0.00133114,7.98884e-06
0.00133421,8.02572e-06
0.00133729,8.06277e-06
0.00134037,8.09999e-06
0.00134346,8.13739e-06
0.00134656,8.17496e-06
0.00134967,8.2127e-06
0.00135278,8.25061e-06
0.0013559,8.2887e-06
0.00135902,8.32697e-06
0.00136216,8.36541e-06
0.0013653,8.40403e-06
0.00136844,8.44283e-06
0.0013716,8.48181e-06
0.00137476,8.52097e-06
0.00137793,8.56031e-06
0.00138111,8.59983e-06
0.00138429,8.63953e-06
0.00138749,8.67942e-06
0.00139068,8.71949e-06
0.00139389,8.75974e-06
0.0013971,8.80018e-06
0.00140033,8.84081e-06
0.00140356,8.88163e-06
0.00140679,8.92263e-06
0.00141003,8.96382e-06
0.00141329,9.00521e-06
0.00141654,9.04678e-06
0.00141981,9.08855e-06
0.00142308,9.13051e-06
0.00142637,9.17266e-06
0.00142965,9.21501e-06
0.00143295,9.25755e-06
0.00143625,9.30029e-06
0.00143957,9.34323e-06
0.00144289,9.38636e-06
0.00144621,9.42969e-06
0.00144955,9.47323e-06
0.00145289,9.51696e-06
0.00145624,9.5609e-06
0.0014596,9.60504e-06
0.00146296,9.64938e-06
0.00146634,9.69393e-06
0.00146972,9.73869e-06
0.0014731,9.78365e-06
0.0014765,9.82881e-06
0.00147991,9.87419e-06
0.00148332,9.91978e-06
0.00148674,9.96557e-06
0.00149017,1.00116e-05
0.0014936,1.00578e-05
0.00149705,1.01042e-05
0.0015005,1.01509e-05
0.00150396,1.01977e-05
0.00150742,1.02448e-05
0.0015109,1.02921e-05
0.00151438,1.03396e-05
0.00151788,1.03874e-05
0.00152138,1.04353e-05
0.00152488,1.04835e-05
0.0015284,1.05319e-05
0.00153192,1.05805e-05
0.00153546,1.06294e-05
0.001539,1.06784e-05
0.00154254,1.07277e-05
0.0015461,1.07773e-05
0.00154967,1.0827e-05
0.00155324,1.0877e-05
0.00155682,1.09272e-05
0.00156041,1.09777e-05
0.00156401,1.10284e-05
0.00156761,1.10793e-05
0.00157123,1.11304e-05
0.00157485,1.11818e-05
0.00157848,1.12334e-05
0.00158212,1.12853e-05
0.00158577,1.13374e-05
0.00158943,1.13897e-05
0.00159309,1.14423e-05
0.00159676,1.14951e-05
0.00160045,1.15482e-05
0.00160414,1.16015e-05
0.00160783,1.16551e-05
0.00161154,1.17089e-05
0.00161526,1.1763e-05
0.00161898,1.18173e-05
0.00162271,1.18718e-05
0.00162646,1.19266e-05
0.00163021,1.19817e-05
0.00163396,1.2037e-05
0.00163773,1.20926e-05
0.00164151,1.21484e-05
0.00164529,1.22045e-05
0.00164909,1.22608e-05
0.00165289,1.23174e-05
0.0016567,1.23743e-05
0.00166052,1.24314e-05
0.00166435,1.24888e-05
0.00166819,1.25465e-05
0.00167203,1.26044e-05
0.00167589,1.26626e-05
0.00167975,1.2721e-05
0.00168362,1.27798e-05
0.00168751,1.28388e-05
0.0016914,1.2898e-05
0.0016953,1.29576e-05
0.00169921,1.30174e-05
0.00170312,1.30775e-05
0.00170705,1.31379e-05
0.00171099,1.31985e-05
0.00171493,1.32595e-05
0.00171889,1.33207e-05
0.00172285,1.33822e-05
0.00172682,1.3444e-05
0.0017308,1.3506e-05
0.00173479,1.35684e-05
0.00173879,1.3631e-05
0.0017428,1.3694e-05
0.00174682,1.37572e-05
0.00175085,1.38207e-05
0.00175489,1.38845e-05
0.00175893,1.39486e-05
0.00176299,1.4013e-05
0.00176705,1.40777e-05
0.00177113,1.41427e-05
0.00177521,1.4208e-05
0.0017793,1.42736e-05
0.00178341,1.43395e-05
0.00178752,1.44057e-05
0.00179164,1.44722e-05
0.00179577,1.4539e-05
0.00179991,1.46061e-05
0.00180406,1.46735e-05
0.00180822,1.47413e-05
0.00181239,1.48093e-05
0.00181657,1.48777e-05
0.00182076,1.49464e-05
0.00182496,1.50154e-05
0.00182916,1.50847e-05
0.00183338,1.51544e-05
0.00183761,1.52243e-05
0.00184184,1.52946e-05
0.00184609,1.53652e-05
0.00185035,1.54362e-05
0.00185461,1.55074e-05
0.00185889,1.5579e-05
0.00186318,1.56509e-05
0.00186747,1.57232e-05
0.00187178,1.57958e-05
0.00187609,1.58687e-05
0.00188042,1.5942e-05
0.00188476,1.60156e-05
0.0018891,1.60895e-05
0.00189346,1.61638e-05
0.00189782,1.62384e-05
0.0019022,1.63134e-05
0.00190658,1.63887e-05
0.00191098,1.64643e-05
0.00191539,1.65404e-05
0.0019198,1.66167e-05
0.00192423,1.66934e-05
0.00192867,1.67705e-05
0.00193311,1.68479e-05
0.00193757,1.69257e-05
0.00194204,1.70038e-05
0.00194652,1.70823e-05
0.001951,1.71612e-05
0.0019555,1.72404e-05
0.00196001,1.732e-05
0.00196453,1.74e-05
0.00196906,1.74803e-05
0.0019736,1.7561e-05
0.00197815,1.76421e-05
0.00198271,1.77235e-05
0.00198728,1.78054e-05
0.00199186,1.78876e-05
0.00199646,1.79702e-05
0.00200106,1.80531e-05
0.00200567,1.81365e-05
0.0020103,1.82202e-05
0.00201493,1.83043e-05
0.00201958,1.83888e-05
0.00202424,1.84737e-05
0.0020289,1.8559e-05
0.00203358,1.86447e-05
0.00203827,1.87308e-05
0.00204297,1.88172e-05
0.00204768,1.89041e-05
0.0020524,1.89914e-05
0.00205713,1.9079e-05
0.00206188,1.91671e-05
0.00206663,1.92556e-05
0.0020714,1.93445e-05
0.00207617,1.94338e-05
0.00208096,1.95235e-05
0.00208576,1.96137e-05
0.00209057,1.97042e-05
0.00209539,1.97952e-05
0.00210022,1.98866e-05
0.00210506,1.99784e-05
0.00210991,2.00706e-05
0.00211478,2.01633e-05
0.00211966,2.02564e-05
0.00212454,2.03499e-05
0.00212944,2.04438e-05
0.00213435,2.05382e-05
0.00213927,2.0633e-05
0.0021442,2.07283e-05
0.00214915,2.0824e-05
0.0021541,2.09201e-05
0.00215907,2.10167e-05
0.00216405,2.11137e-05
0.00216904,2.12112e-05
0.00217404,2.13091e-05
0.00217905,2.14075e-05
0.00218408,2.15063e-05
0.00218911,2.16056e-05
0.00219416,2.17054e-05
0.00219922,2.18056e-05
0.00220429,2.19063e-05
0.00220937,2.20074e-05
0.00221447,2.2109e-05
0.00221957,2.22111e-05
0.00222469,2.23136e-05
0.00222982,2.24166e-05
0.00223496,2.25201e-05
0.00224011,2.26241e-05
0.00224528,2.27285e-05
0.00225046,2.28334e-05
0.00225564,2.29389e-05
0.00226085,2.30448e-05
0.00226606,2.31512e-05
0.00227128,2.3258e-05
0.00227652,2.33654e-05
0.00228177,2.34733e-05
0.00228703,2.35816e-05
0.0022923,2.36905e-05
0.00229759,2.37999e-05
0.00230289,2.39098e-05
0.0023082,2.40201e-05
0.00231352,2.4131e-05
0.00231885,2.42424e-05
0.0023242,2.43544e-05
0.00232956,2.44668e-05
0.00233493,2.45798e-05
0.00234031,2.46932e-05
0.00234571,2.48072e-05
0.00235112,2.49218e-05
0.00235654,2.50368e-05
0.00236197,2.51524e-05
0.00236742,2.52685e-05
0.00237288,2.53852e-05
0.00237835,2.55024e-05
0.00238383,2.56201e-05
0.00238933,2.57384e-05
0.00239484,2.58572e-05
0.00240036,2.59766e-05
0.00240589,2.60965e-05
0.00241144,2.6217e-05
0.002417,2.6338e-05
0.00242257,2.64596e-05
0.00242816,2.65818e-05
0.00243376,2.67045e-05
0.00243937,2.68278e-05
0.00244499,2.69516e-05
0.00245063,2.70761e-05
0.00245628,2.72011e-05
0.00246194,2.73266e-05
0.00246762,2.74528e-05
0.00247331,2.75795e-05
0.00247901,2.77069e-05
0.00248473,2.78348e-05
0.00249046,2.79633e-05
0.0024962,2.80924e-05
0.00250196,2.82221e-05
0.00250772,2.83524e-05
0.00251351,2.84832e-05
0.0025193,2.86147e-05
0.00252511,2.87468e-05
0.00253093,2.88796e-05
0.00253677,2.90129e-05
0.00254262,2.91468e-05
0.00254848,2.92814e-05
0.00255436,2.94166e-05
0.00256025,2.95524e-05
0.00256615,2.96888e-05
0.00257207,2.98259e-05
0.002578,2.99636e-05
0.00258394,3.01019e-05
0.0025899,3.02409e-05
0.00259587,3.03805e-05
0.00260185,3.05207e-05
0.00260785,3.06616e-05
0.00261387,3.08032e-05
0.00261989,3.09454e-05
0.00262593,3.10883e-05
0.00263199,3.12318e-05
0.00263806,3.1376e-05
0.00264414,3.15208e-05
0.00265024,3.16663e-05
0.00265635,3.18125e-05
0.00266247,3.19594e-05
0.00266861,3.2107e-05
0.00267476,3.22552e-05
0.00268093,3.24041e-05
0.00268711,3.25537e-05
0.00269331,3.2704e-05
0.00269952,3.2855e-05
0.00270574,3.30066e-05
0.00271198,3.3159e-05
0.00271823,3.33121e-05
0.0027245,3.34659e-05
0.00273078,3.36204e-05
0.00273708,3.37756e-05
0.00274339,3.39315e-05
0.00274972,3.40882e-05
0.00275606,3.42456e-05
0.00276241,3.44037e-05
0.00276878,3.45625e-05
0.00277516,3.4722e-05
0.00278156,3.48823e-05
0.00278798,3.50434e-05
0.0027944,3.52052e-05
0.00280085,3.53677e-05
0.00280731,3.5531e-05
0.00281378,3.5695e-05
0.00282027,3.58598e-05
0.00282677,3.60254e-05
0.00283329,3.61917e-05
0.00283982,3.63587e-05
0.00284637,3.65266e-05
0.00285293,3.66952e-05
0.00285951,3.68646e-05
0.0028661,3.70348e-05
0.00287271,3.72058e-05
0.00287933,3.73776e-05
0.00288597,3.75501e-05
0.00289263,3.77235e-05
0.0028993,3.78976e-05
0.00290598,3.80726e-05
0.00291268,3.82484e-05
0.0029194,3.84249e-05
0.00292613,3.86023e-05
0.00293287,3.87806e-05
0.00293964,3.89596e-05
0.00294641,3.91395e-05
0.00295321,3.93201e-05
0.00296002,3.95017e-05
0.00296684,3.9684e-05
0.00297368,3.98672e-05
0.00298054,4.00513e-05
0.00298741,4.02362e-05
0.0029943,4.04219e-05
0.0030012,4.06086e-05
0.00300812,4.0796e-05
0.00301506,4.09844e-05
0.00302201,4.11736e-05
0.00302898,4.13637e-05
0.00303596,4.15546e-05
0.00304296,4.17465e-05
0.00304998,4.19392e-05
0.00305701,4.21328e-05
0.00306406,4.23273e-05
0.00307112,4.25227e-05
0.00307821,4.2719e-05
0.0030853,4.29163e-05
0.00309242,4.31144e-05
0.00309955,4.33134e-05
0.00310669,4.35134e-05
0.00311386,4.37143e-05
0.00312104,4.39161e-05
0.00312823,4.41188e-05
0.00313545,4.43225e-05
0.00314267,4.45271e-05
0.00314992,4.47327e-05
0.00315718,4.49392e-05
0.00316446,4.51467e-05
0.00317176,4.53551e-05
0.00317907,4.55645e-05
0.0031864,4.57748e-05
0.00319375,4.59862e-05
0.00320111,4.61985e-05
0.00320849,4.64118e-05
0.00321589,4.6626e-05
0.00322331,4.68413e-05
0.00323074,4.70575e-05
0.00323819,4.72748e-05
0.00324565,4.7493e-05
0.00325314,4.77123e-05
0.00326064,4.79325e-05
0.00326816,4.81538e-05
0.00327569,4.83761e-05
0.00328324,4.85995e-05
0.00329081,4.88238e-05
0.0032984,4.90492e-05
0.00330601,4.92757e-05
0.00331363,4.95032e-05
0.00332127,4.97317e-05
0.00332893,4.99613e-05
0.0033366,5.01919e-05
0.0033443,5.04236e-05
0.00335201,5.06564e-05
0.00335974,5.08903e-05
0.00336748,5.11252e-05
0.00337525,5.13613e-05
0.00338303,5.15984e-05
0.00339083,5.18366e-05
0.00339865,5.20759e-05
0.00340648,5.23163e-05
0.00341434,5.25578e-05
0.00342221,5.28005e-05
0.0034301,5.30442e-05
0.00343801,5.32891e-05
0.00344594,5.35351e-05
0.00345388,5.37823e-05
0.00346185,5.40306e-05
0.00346983,5.428e-05
0.00347783,5.45306e-05
0.00348585,5.47823e-05
0.00349389,5.50352e-05
0.00350194,5.52893e-05
0.00351002,5.55446e-05
0.00351811,5.5801e-05
0.00352622,5.60586e-05
0.00353435,5.63174e-05
0.0035425,5.65774e-05
0.00355067,5.68386e-05
0.00355885,5.7101e-05
0.00356706,5.73646e-05
0.00357528,5.76294e-05
0.00358353,5.78955e-05
0.00359179,5.81628e-05
0.00360007,5.84313e-05
0.00360837,5.8701e-05
0.00361669,5.8972e-05
0.00362503,5.92443e-05
0.00363339,5.95178e-05
0.00364177,5.97925e-05
0.00365016,6.00686e-05
0.00365858,6.03459e-05
0.00366702,6.06245e-05
0.00367547,6.09044e-05
0.00368395,6.11855e-05
0.00369244,6.1468e-05
0.00370095,6.17518e-05
0.00370949,6.20369e-05
0.00371804,6.23232e-05
0.00372661,6.2611e-05
0.00373521,6.29e-05
0.00374382,6.31904e-05
0.00375245,6.34821e-05
0.0037611,6.37752e-05
0.00376977,6.40696e-05
0.00377847,6.43654e-05
0.00378718,6.46625e-05
0.00379591,6.49611e-05
0.00380466,6.5261e-05
0.00381343,6.55622e-05
0.00382223,6.58649e-05
0.00383104,6.6169e-05
0.00383987,6.64745e-05
0.00384873,6.67813e-05
0.0038576,6.70896e-05
0.0038665,6.73994e-05
0.00387541,6.77105e-05
0.00388435,6.80231e-05
0.0038933,6.83371e-05
0.00390228,6.86526e-05
0.00391128,6.89696e-05
0.00392029,6.9288e-05
0.00392933,6.96078e-05
0.00393839,6.99292e-05
0.00394747,7.0252e-05
0.00395658,7.05763e-05
0.0039657,7.09022e-05
0.00397484,7.12295e-05
0.00398401,7.15583e-05
0.00399319,7.18887e-05
0.0040024,7.22205e-05
0.00401163,7.25539e-05
0.00402088,7.28889e-05
0.00403015,7.32254e-05
0.00403944,7.35634e-05
0.00404875,7.3903e-05
0.00405809,7.42442e-05
0.00406745,7.4587e-05
0.00407682,7.49313e-05
0.00408622,7.52772e-05
0.00409565,7.56248e-05
0.00410509,7.59739e-05
0.00411455,7.63246e-05
0.00412404,7.6677e-05
0.00413355,7.7031e-05
0.00414308,7.73866e-05
0.00415263,7.77438e-05
0.00416221,7.81027e-05
0.00417181,7.84633e-05
0.00418142,7.88255e-05
0.00419107,7.91894e-05
0.00420073,7.9555e-05
0.00421041,7.99223e-05
0.00422012,8.02912e-05
0.00422985,8.06619e-05
0.00423961,8.10343e-05
0.00424938,8.14084e-05
0.00425918,8.17842e-05
0.004269,8.21618e-05
0.00427884,8.25411e-05
0.00428871,8.29221e-05
0.0042986,8.33049e-05
0.00430851,8.36895e-05
0.00431844,8.40759e-05
0.0043284,8.4464e-05
0.00433838,8.48539e-05
0.00434838,8.52457e-05
0.00435841,8.56392e-05
0.00436846,8.60346e-05
0.00437853,8.64317e-05
0.00438862,8.68307e-05
0.00439874,8.72316e-05
0.00440889,8.76343e-05
0.00441905,8.80389e-05
0.00442924,8.84453e-05
0.00443945,8.88536e-05
0.00444969,8.92638e-05
0.00445995,8.96759e-05
0.00447023,9.00899e-05
0.00448054,9.05058e-05
0.00449087,9.09236e-05
0.00450122,9.13434e-05
0.0045116,9.1765e-05
0.00452201,9.21887e-05
0.00453243,9.26143e-05
0.00454288,9.30418e-05
0.00455336,9.34713e-05
0.00456386,9.39029e-05
0.00457438,9.43364e-05
0.00458493,9.47719e-05
0.0045955,9.52094e-05
0.00460609,9.56489e-05
0.00461671,9.60905e-05
0.00462736,9.65341e-05
0.00463803,9.69797e-05
0.00464872,9.74274e-05
0.00465944,9.78772e-05
0.00467018,9.8329e-05
0.00468095,9.8783e-05
0.00469174,9.9239e-05
0.00470256,9.96971e-05
0.0047134,0.000100157
0.00472427,0.00010062
0.00473516,0.000101084
0.00474608,0.000101551
0.00475703,0.00010202
0.00476799,0.000102491
0.00477899,0.000102964
0.00479001,0.000103439
0.00480105,0.000103917
0.00481212,0.000104396
0.00482322,0.000104878
0.00483434,0.000105363
0.00484548,0.000105849
0.00485666,0.000106338
0.00486785,0.000106829
0.00487908,0.000107322
0.00489033,0.000107817
0.0049016,0.000108315
0.0049129,0.000108815
0.00492423,0.000109317
0.00493559,0.000109822
0.00494697,0.000110329
0.00495837,0.000110838
0.0049698,0.00011135
0.00498126,0.000111864
0.00499275,0.00011238
0.00500426,0.000112899
0.0050158,0.00011342
0.00502736,0.000113944
0.00503895,0.00011447
0.00505057,0.000114998
0.00506222,0.000115529
0.00507389,0.000116063
0.00508559,0.000116598
0.00509731,0.000117137
0.00510907,0.000117677
0.00512085,0.000118221
0.00513265,0.000118766
0.00514449,0.000119315
0.00515635,0.000119866
0.00516824,0.000120419
0.00518016,0.000120975
0.0051921,0.000121533
0.00520407,0.000122094
0.00521607,0.000122658
0.0052281,0.000123224
0.00524015,0.000123793
0.00525223,0.000124365
0.00526434,0.000124939
0.00527648,0.000125515
0.00528865,0.000126095
0.00530084,0.000126677
0.00531306,0.000127262
0.00532531,0.000127849
0.00533759,0.000128439
0.0053499,0.000129032
0.00536224,0.000129628
0.0053746,0.000130226
0.00538699,0.000130828
0.00539941,0.000131432
0.00541186,0.000132038
0.00542434,0.000132648
0.00543685,0.00013326
0.00544938,0.000133875
0.00546195,0.000134493
0.00547454,0.000135114
0.00548716,0.000135738
0.00549981,0.000136365
0.0055125,0.000136994
0.00552521,0.000137627
0.00553795,0.000138262
0.00555071,0.0001389
0.00556351,0.000139541
0.00557634,0.000140186
0.0055892,0.000140833
0.00560208,0.000141483
0.005615,0.000142136
0.00562795,0.000142792
0.00564092,0.000143451
0.00565393,0.000144114
0.00566697,0.000144779
0.00568003,0.000145447
0.00569313,0.000146119
0.00570626,0.000146793
0.00571941,0.000147471
0.0057326,0.000148152
0.00574582,0.000148836
0.00575907,0.000149523
0.00577234,0.000150213
0.00578565,0.000150906
0.00579899,0.000151603
0.00581236,0.000152303
0.00582577,0.000153006
0.0058392,0.000153712
0.00585266,0.000154422
0.00586616,0.000155135
0.00587968,0.000155851
0.00589324,0.00015657
0.00590683,0.000157293
0.00592045,0.000158019
0.0059341,0.000158749
0.00594778,0.000159482
0.00596149,0.000160218
0.00597524,0.000160957
0.00598902,0.0001617
0.00600282,0.000162447
0.00601667,0.000163197
0.00603054,0.00016395
0.00604444,0.000164707
0.00605838,0.000165467
0.00607235,0.000166231
0.00608635,0.000166999
0.00610038,0.00016777
0.00611445,0.000168544
0.00612855,0.000169322
0.00614268,0.000170104
0.00615684,0.000170889
0.00617104,0.000171678
0.00618526,0.00017247
0.00619953,0.000173267
0.00621382,0.000174066
0.00622815,0.00017487
0.00624251,0.000175677
0.0062569,0.000176488
0.00627133,0.000177303
0.00628579,0.000178121
0.00630028,0.000178944
0.00631481,0.00017977
0.00632937,0.0001806
0.00634396,0.000181433
0.00635859,0.000182271
0.00637325,0.000183112
0.00638794,0.000183958
0.00640267,0.000184807
0.00641743,0.00018566
0.00643223,0.000186517
0.00644706,0.000187378
0.00646193,0.000188243
0.00647683,0.000189112
0.00649176,0.000189985
0.00650673,0.000190862
0.00652173,0.000191743
0.00653677,0.000192628
0.00655184,0.000193517
0.00656695,0.000194411
0.00658209,0.000195308
0.00659726,0.00019621
0.00661248,0.000197115
0.00662772,0.000198025
0.006643,0.00019894
0.00665832,0.000199858
0.00667367,0.00020078
0.00668906,0.000201707
0.00670448,0.000202638
0.00671994,0.000203574
0.00673544,0.000204514
0.00675097,0.000205458
0.00676653,0.000206406
0.00678213,0.000207359
0.00679777,0.000208316
0.00681344,0.000209278
0.00682915,0.000210244
0.0068449,0.000211214
0.00686068,0.000212189
0.0068765,0.000213169
0.00689236,0.000214153
0.00690825,0.000215142
0.00692418,0.000216135
0.00694014,0.000217132
0.00695614,0.000218135
0.00697218,0.000219142
0.00698826,0.000220153
0.00700437,0.00022117
0.00702052,0.000222191
0.00703671,0.000223216
0.00705293,0.000224247
0.00706919,0.000225282
0.00708549,0.000226322
0.00710183,0.000227366
0.0071182,0.000228416
0.00713462,0.00022947
0.00715107,0.00023053
0.00716756,0.000231594
0.00718408,0.000232663
0.00720065,0.000233737
0.00721725,0.000234816
0.00723389,0.0002359
0.00725057,0.000236989
0.00726729,0.000238083
0.00728404,0.000239182
0.00730084,0.000240286
0.00731767,0.000241395
0.00733454,0.00024251
0.00735145,0.000243629
0.0073684,0.000244754
0.00738539,0.000245883
0.00740242,0.000247018
0.00741949,0.000248159
0.0074366,0.000249304
0.00745374,0.000250455
0.00747093,0.000251611
0.00748816,0.000252773
0.00750542,0.00025394
0.00752273,0.000255112
0.00754007,0.000256289
0.00755746,0.000257472
0.00757488,0.000258661
0.00759235,0.000259855
0.00760985,0.000261054
0.0076274,0.00026226
0.00764499,0.00026347
0.00766261,0.000264686
0.00768028,0.000265908
0.00769799,0.000267136
0.00771574,0.000268369
0.00773353,0.000269608
0.00775136,0.000270852
0.00776923,0.000272102
0.00778715,0.000273358
0.0078051,0.00027462
0.0078231,0.000275888
0.00784113,0.000277161
0.00785921,0.000278441
0.00787733,0.000279726
0.0078955,0.000281017
0.0079137,0.000282315
0.00793195,0.000283618
0.00795024,0.000284927
0.00796857,0.000286242
0.00798694,0.000287563
0.00800536,0.000288891
0.00802381,0.000290224
0.00804231,0.000291564
0.00806086,0.00029291
0.00807944,0.000294262
0.00809807,0.00029562
0.00811674,0.000296985
0.00813546,0.000298356
0.00815422,0.000299733
0.00817302,0.000301117
0.00819186,0.000302507
0.00821075,0.000303903
0.00822968,0.000305306
0.00824866,0.000306715
0.00826768,0.000308131
0.00828674,0.000309553
0.00830585,0.000310982
0.008325,0.000312418
0.00834419,0.00031386
0.00836343,0.000315308
0.00838271,0.000316764
0.00840204,0.000318226
0.00842142,0.000319695
0.00844083,0.000321171
0.00846029,0.000322653
0.0084798,0.000324143
0.00849935,0.000325639
0.00851895,0.000327142
0.00853859,0.000328652
0.00855828,0.000330169
0.00857801,0.000331693
0.00859779,0.000333224
0.00861761,0.000334762
0.00863748,0.000336308
0.0086574,0.00033786
0.00867736,0.00033942
0.00869737,0.000340986
0.00871742,0.00034256
0.00873752,0.000344141
0.00875767,0.00034573
0.00877786,0.000347326
0.0087981,0.000348929
0.00881839,0.00035054
0.00883872,0.000352158
0.0088591,0.000353783
0.00887952,0.000355416
0.0089,0.000357057
0.00892052,0.000358705
0.00894109,0.000360361
0.0089617,0.000362024
0.00898236,0.000363695
0.00900308,0.000365374
0.00902383,0.00036706
0.00904464,0.000368755
0.00906549,0.000370457
0.0090864,0.000372167
0.00910735,0.000373885
0.00912835,0.00037561
0.00914939,0.000377344
0.00917049,0.000379086
0.00919163,0.000380836
0.00921283,0.000382594
0.00923407,0.00038436
0.00925536,0.000386134
0.0092767,0.000387916
0.00929809,0.000389707
0.00931953,0.000391505
0.00934102,0.000393313
0.00936255,0.000395128
0.00938414,0.000396952
0.00940578,0.000398784
0.00942746,0.000400625
0.0094492,0.000402474
0.00947099,0.000404332
0.00949283,0.000406198
0.00951471,0.000408073
0.00953665,0.000409957
0.00955864,0.000411849
0.00958068,0.00041375
0.00960277,0.00041566
0.00962491,0.000417578
0.0096471,0.000419506
0.00966935,0.000421442
0.00969164,0.000423387
0.00971399,0.000425341
0.00973638,0.000427305
0.00975883,0.000429277
0.00978133,0.000431258
0.00980389,0.000433249
0.00982649,0.000435249
0.00984915,0.000437258
0.00987186,0.000439276
0.00989462,0.000441303
0.00991743,0.00044334
0.0099403,0.000445387
0.00996322,0.000447442
0.00998619,0.000449508
0.0100092,0.000451583
0.0100323,0.000453667
0.0100554,0.000455761
0.0100786,0.000457864
0.0101018,0.000459978
0.0101251,0.000462101
0.0101485,0.000464234
0.0101719,0.000466377
0.0101953,0.000468529
0.0102188,0.000470692
0.0102424,0.000472864
0.010266,0.000475047
0.0102897,0.000477239
0.0103134,0.000479442
0.0103372,0.000481655
0.010361,0.000483878
0.0103849,0.000486112
0.0104089,0.000488355
0.0104329,0.000490609
0.0104569,0.000492874
0.010481,0.000495149
0.0105052,0.000497434
0.0105294,0.00049973
0.0105537,0.000502037
0.010578,0.000504354
0.0106024,0.000506682
0.0106269,0.00050902
0.0106514,0.00051137
0.0106759,0.00051373
0.0107005,0.000516101
0.0107252,0.000518483
0.0107499,0.000520876
0.0107747,0.00052328
0.0107996,0.000525695
0.0108245,0.000528122
0.0108494,0.000530559
0.0108744,0.000533008
0.0108995,0.000535468
0.0109247,0.00053794
0.0109498,0.000540422
0.0109751,0.000542917
0.0110004,0.000545422
0.0110258,0.00054794
0.0110512,0.000550469
0.0110767,0.000553009
0.0111022,0.000555562
0.0111278,0.000558126
0.0111535,0.000560702
0.0111792,0.00056329
0.0112049,0.00056589
0.0112308,0.000568501
0.0112567,0.000571125
0.0112826,0.000573761
0.0113086,0.000576409
0.0113347,0.00057907
0.0113609,0.000581742
0.0113871,0.000584427
0.0114133,0.000587125
0.0114396,0.000589834
0.011466,0.000592557
0.0114924,0.000595292
0.0115189,0.000598039
0.0115455,0.000600799
0.0115721,0.000603572
0.0115988,0.000606358
0.0116255,0.000609156
0.0116523,0.000611968
0.0116792,0.000614792
0.0117061,0.00061763
0.0117331,0.00062048
0.0117602,0.000623344
0.0117873,0.000626221
0.0118145,0.000629111
0.0118417,0.000632014
0.011869,0.000634931
0.0118964,0.000637862
0.0119238,0.000640805
0.0119513,0.000643763
0.0119789,0.000646734
0.0120065,0.000649719
0.0120342,0.000652717
0.0120619,0.00065573
0.0120897,0.000658756
0.0121176,0.000661796
0.0121455,0.000664851
0.0121735,0.000667919
0.0122016,0.000671002
0.0122297,0.000674098
0.0122579,0.00067721
0.0122862,0.000680335
0.0123145,0.000683475
0.0123429,0.000686629
0.0123714,0.000689798
0.0123999,0.000692981
0.0124285,0.00069618
0.0124572,0.000699393
0.0124859,0.00070262
0.0125147,0.000705863
0.0125435,0.000709121
0.0125724,0.000712393
0.0126014,0.000715681
0.0126305,0.000718984
0.0126596,0.000722302
0.0126888,0.000725635
0.0127181,0.000728984
0.0127474,0.000732349
0.0127768,0.000735728
0.0128062,0.000739124
0.0128358,0.000742535
0.0128654,0.000745962
0.012895,0.000749404
0.0129248,0.000752863
0.0129546,0.000756337
0.0129844,0.000759828
0.0130144,0.000763334
0.0130444,0.000766857
0.0130744,0.000770396
0.0131046,0.000773951
0.0131348,0.000777523
0.0131651,0.000781111
0.0131954,0.000784716
0.0132259,0.000788337
0.0132564,0.000791975
0.0132869,0.00079563
0.0133176,0.000799302
0.0133483,0.00080299
0.0133791,0.000806696
0.0134099,0.000810419
0.0134408,0.000814159
0.0134718,0.000817916
0.0135029,0.000821691
0.013534,0.000825482
0.0135652,0.000829292
0.0135965,0.000833119
0.0136278,0.000836964
0.0136593,0.000840826
0.0136908,0.000844706
0.0137223,0.000848604
0.013754,0.00085252
0.0137857,0.000856455
0.0138175,0.000860407
0.0138493,0.000864377
0.0138812,0.000868366
0.0139133,0.000872373
0.0139453,0.000876399
0.0139775,0.000880443
0.0140097,0.000884506
0.014042,0.000888588
0.0140744,0.000892689
0.0141068,0.000896808
0.0141394,0.000900946
0.014172,0.000905104
0.0142046,0.000909281
0.0142374,0.000913477
0.0142702,0.000917692
0.0143031,0.000921927
0.0143361,0.000926181
0.0143692,0.000930455
0.0144023,0.000934749
0.0144355,0.000939062
0.0144688,0.000943395
0.0145021,0.000947749
0.0145356,0.000952122
0.0145691,0.000956516
0.0146027,0.000960929
0.0146364,0.000965364
0.0146701,0.000969818
0.0147039,0.000974293
0.0147378,0.000978789
0.0147718,0.000983306
0.0148059,0.000987843
0.01484,0.000992401
0.0148742,0.000996981
0.0149085,0.00100158
0.0149429,0.0010062
0.0149774,0.00101085
0.0150119,0.00101551
0.0150465,0.0010202
0.0150812,0.0010249
0.015116,0.00102963
0.0151508,0.00103438
0.0151858,0.00103916
0.0152208,0.00104395
0.0152559,0.00104877
0.015291,0.00105361
0.0153263,0.00105847
0.0153616,0.00106335
0.015397,0.00106826
0.0154325,0.00107319
0.0154681,0.00107814
0.0155038,0.00108312
0.0155395,0.00108811
0.0155754,0.00109314
0.0156113,0.00109818
0.0156473,0.00110325
0.0156834,0.00110834
0.0157195,0.00111345
0.0157558,0.00111859
0.0157921,0.00112375
0.0158285,0.00112893
0.015865,0.00113414
0.0159016,0.00113938
0.0159382,0.00114463
0.015975,0.00114992
0.0160118,0.00115522
0.0160487,0.00116055
0.0160857,0.00116591
0.0161228,0.00117129
0.01616,0.00117669
0.0161973,0.00118212
0.0162346,0.00118757
0.0162721,0.00119305
0.0163096,0.00119856
0.0163472,0.00120409
0.0163849,0.00120964
0.0164226,0.00121522
0.0164605,0.00122083
0.0164985,0.00122646
0.0165365,0.00123212
0.0165746,0.00123781
0.0166128,0.00124352
0.0166512,0.00124926
0.0166895,0.00125502
0.016728,0.00126081
0.0167666,0.00126663
0.0168053,0.00127247
0.016844,0.00127834
0.0168828,0.00128424
0.0169218,0.00129016
0.0169608,0.00129612
0.0169999,0.0013021
0.0170391,0.0013081
0.0170784,0.00131414
0.0171178,0.0013202
0.0171572,0.00132629
0.0171968,0.00133241
0.0172364,0.00133856
0.0172762,0.00134474
0.017316,0.00135094
0.0173559,0.00135717
0.0173959,0.00136343
0.0174361,0.00136972
0.0174763,0.00137604
0.0175166,0.00138239
0.0175569,0.00138877
0.0175974,0.00139518
0.017638,0.00140161
0.0176787,0.00140808
0.0177194,0.00141457
0.0177603,0.0014211
0.0178012,0.00142766
0.0178423,0.00143424
0.0178834,0.00144086
0.0179247,0.00144751
0.017966,0.00145419
0.0180074,0.00146089
0.0180489,0.00146763
0.0180905,0.0014744
0.0181322,0.00148121
0.0181741,0.00148804
0.018216,0.0014949
0.018258,0.0015018
0.0183001,0.00150873
0.0183423,0.00151569
0.0183845,0.00152268
0.0184269,0.0015297
0.0184694,0.00153676
0.018512,0.00154385
0.0185547,0.00155097
0.0185975,0.00155813
0.0186404,0.00156532
0.0186833,0.00157254
0.0187264,0.00157979
0.0187696,0.00158708
0.0188129,0.0015944
0.0188562,0.00160175
0.0188997,0.00160914
0.0189433,0.00161657
0.018987,0.00162402
0.0190307,0.00163151
0.0190746,0.00163904
0.0191186,0.0016466
0.0191627,0.0016542
0.0192069,0.00166183
0.0192512,0.00166949
0.0192955,0.00167719
0.01934,0.00168493
0.0193846,0.0016927
0.0194293,0.00170051
0.0194741,0.00170836
0.019519,0.00171624
0.019564,0.00172415
0.0196091,0.0017321
0.0196544,0.00174009
0.0196997,0.00174812
0.0197451,0.00175618
0.0197906,0.00176428
0.0198362,0.00177242
0.019882,0.0017806
0.0199278,0.00178881
0.0199738,0.00179706
0.0200198,0.00180535
0.020066,0.00181368
0.0201123,0.00182204
0.0201586,0.00183045
0.0202051,0.00183889
0.0202517,0.00184737
0.0202984,0.00185589
0.0203452,0.00186445
0.0203921,0.00187305
0.0204391,0.00188169
0.0204862,0.00189037
0.0205335,0.00189909
0.0205808,0.00190785
0.0206283,0.00191665
0.0206758,0.00192549
0.0207235,0.00193437
0.0207713,0.00194329
0.0208192,0.00195225
0.0208672,0.00196126
0.0209153,0.0019703
0.0209635,0.00197939
0.0210119,0.00198852
0.0210603,0.00199769
0.0211089,0.00200691
0.0211575,0.00201616
0.0212063,0.00202546
0.0212552,0.0020348
0.0213042,0.00204419
0.0213533,0.00205361
0.0214026,0.00206308
0.0214519,0.0020726
0.0215014,0.00208216
0.021551,0.00209176
0.0216007,0.00210141
0.0216505,0.0021111
0.0217004,0.00212083
0.0217504,0.00213062
0.0218006,0.00214044
0.0218508,0.00215031
0.0219012,0.00216023
0.0219517,0.00217019
0.0220023,0.0021802
0.0220531,0.00219025
0.0221039,0.00220035
0.0221549,0.0022105
0.0222059,0.0022207
0.0222571,0.00223094
0.0223085,0.00224122
0.0223599,0.00225156
0.0224115,0.00226194
0.0224631,0.00227237
0.0225149,0.00228285
0.0225668,0.00229338
0.0226189,0.00230395
0.022671,0.00231458
0.0227233,0.00232525
0.0227757,0.00233597
0.0228282,0.00234675
0.0228808,0.00235757
0.0229336,0.00236844
0.0229865,0.00237936
0.0230395,0.00239033
0.0230926,0.00240135
0.0231458,0.00241243
0.0231992,0.00242355
0.0232527,0.00243473
0.0233063,0.00244595
0.02336,0.00245723
0.0234139,0.00246856
0.0234679,0.00247994
0.023522,0.00249138
0.0235762,0.00250287
0.0236306,0.00251441
0.0236851,0.002526
0.0237397,0.00253765
0.0237944,0.00254935
0.0238493,0.0025611
0.0239043,0.00257291
0.0239594,0.00258477
0.0240146,0.00259669
0.02407,0.00260866
0.0241255,0.00262069
0.0241811,0.00263277
0.0242369,0.00264491
0.0242928,0.00265711
0.0243488,0.00266936
0.0244049,0.00268166
0.0244612,0.00269403
0.0245176,0.00270645
0.0245741,0.00271893
0.0246308,0.00273146
0.0246876,0.00274406
0.0247445,0.00275671
0.0248016,0.00276942
0.0248587,0.00278218
0.0249161,0.00279501
0.0249735,0.0028079
0.0250311,0.00282084
0.0250888,0.00283384
0.0251466,0.00284691
0.0252046,0.00286003
0.0252627,0.00287322
0.025321,0.00288646
0.0253794,0.00289977
0.0254379,0.00291314
0.0254965,0.00292657
0.0255553,0.00294006
0.0256143,0.00295361
0.0256733,0.00296723
0.0257325,0.00298091
0.0257918,0.00299465
0.0258513,0.00300845
0.0259109,0.00302232
0.0259707,0.00303625
0.0260305,0.00305025
0.0260906,0.00306431
0.0261507,0.00307843
0.026211,0.00309262
0.0262714,0.00310688
0.026332,0.0031212
0.0263927,0.00313559
0.0264536,0.00315004
0.0265146,0.00316456
0.0265757,0.00317915
0.026637,0.0031938
0.0266984,0.00320852
0.02676,0.00322331
0.0268217,0.00323817
0.0268835,0.00325309
0.0269455,0.00326809
0.0270076,0.00328315
0.0270699,0.00329828
0.0271323,0.00331348
0.0271949,0.00332875
0.0272576,0.0033441
0.0273204,0.00335951
0.0273834,0.00337499
0.0274465,0.00339055
0.0275098,0.00340617
0.0275733,0.00342187
0.0276368,0.00343764
0.0277006,0.00345349
0.0277644,0.0034694
0.0278284,0.00348539
0.0278926,0.00350145
0.0279569,0.00351759
0.0280214,0.0035338
0.028086,0.00355009
0.0281507,0.00356645
0.0282157,0.00358288
0.0282807,0.00359939
0.0283459,0.00361598
0.0284113,0.00363264
0.0284768,0.00364938
0.0285424,0.0036662
0.0286083,0.00368309
0.0286742,0.00370007
0.0287403,0.00371712
0.0288066,0.00373425
0.028873,0.00375145
0.0289396,0.00376874
0.0290063,0.00378611
0.0290732,0.00380355
0.0291402,0.00382108
0.0292074,0.00383868
0.0292748,0.00385637
0.0293423,0.00387414
0.0294099,0.00389199
0.0294777,0.00390993
0.0295457,0.00392794
0.0296138,0.00394604
0.0296821,0.00396422
0.0297505,0.00398249
0.0298191,0.00400083
0.0298879,0.00401927
0.0299568,0.00403779
0.0300259,0.00405639
0.0300951,0.00407508
0.0301645,0.00409385
0.030234,0.00411271
0.0303037,0.00413166
0.0303736,0.0041507
0.0304436,0.00416982
0.0305138,0.00418903
0.0305842,0.00420833
0.0306547,0.00422771
0.0307254,0.00424719
0.0307962,0.00426676
0.0308672,0.00428641
0.0309384,0.00430616
0.0310098,0.004326
0.0310813,0.00434592
0.0311529,0.00436594
0.0312247,0.00438606
0.0312967,0.00440626
0.0313689,0.00442656
0.0314412,0.00444695
0.0315137,0.00446743
0.0315864,0.00448801
0.0316592,0.00450868
0.0317322,0.00452945
0.0318054,0.00455031
0.0318787,0.00457127
0.0319522,0.00459233
0.0320259,0.00461348
0.0320997,0.00463473
0.0321737,0.00465608
0.0322479,0.00467752
0.0323223,0.00469907
0.0323968,0.00472071
0.0324715,0.00474245
0.0325464,0.00476429
0.0326214,0.00478624
0.0326966,0.00480828
0.032772,0.00483042
0.0328476,0.00485267
0.0329233,0.00487502
0.0329992,0.00489747
0.0330753,0.00492002
0.0331516,0.00494268
0.033228,0.00496544
0.0333046,0.00498831
0.0333814,0.00501128
0.0334584,0.00503436
0.0335355,0.00505754
0.0336128,0.00508083
0.0336903,0.00510423
0.033768,0.00512773
0.0338459,0.00515134
0.0339239,0.00517506
0.0340021,0.00519889
0.0340805,0.00522283
0.0341591,0.00524688
0.0342379,0.00527104
0.0343168,0.00529531
0.0343959,0.00531969
0.0344753,0.00534418
0.0345547,0.00536879
0.0346344,0.00539351
0.0347143,0.00541834
0.0347943,0.00544329
0.0348745,0.00546835
0.034955,0.00549352
0.0350355,0.00551882
0.0351163,0.00554422
0.0351973,0.00556975
0.0352785,0.00559539
0.0353598,0.00562115
0.0354413,0.00564703
0.035523,0.00567302
0.0356049,0.00569914
0.035687,0.00572537
0.0357693,0.00575173
0.0358518,0.00577821
0.0359345,0.0058048
0.0360173,0.00583152
0.0361004,0.00585837
0.0361836,0.00588533
0.036267,0.00591242
0.0363506,0.00593964
0.0364345,0.00596698
0.0365185,0.00599444
0.0366027,0.00602203
0.0366871,0.00604975
0.0367716,0.00607759
0.0368564,0.00610557
0.0369414,0.00613367
0.0370266,0.0061619
0.037112,0.00619026
0.0371975,0.00621874
0.0372833,0.00624736
0.0373693,0.00627612
0.0374554,0.006305
0.0375418,0.00633401
0.0376283,0.00636316
0.0377151,0.00639244
0.0378021,0.00642186
0.0378892,0.00645141
0.0379766,0.0064811
0.0380641,0.00651092
0.0381519,0.00654088
0.0382399,0.00657098
0.038328,0.00660122
0.0384164,0.00663159
0.038505,0.0066621
0.0385938,0.00669276
0.0386828,0.00672355
0.038772,0.00675449
0.0388614,0.00678556
0.038951,0.00681678
0.0390408,0.00684815
0.0391308,0.00687965
0.039221,0.0069113
0.0393114,0.0069431
0.0394021,0.00697504
0.0394929,0.00700713
0.039584,0.00703936
0.0396753,0.00707175
0.0397667,0.00710428
0.0398584,0.00713696
0.0399503,0.00716979
0.0400424,0.00720277
0.0401348,0.0072359
0.0402273,0.00726918
0.0403201,0.00730262
0.040413,0.00733621
0.0405062,0.00736995
0.0405996,0.00740385
0.0406932,0.00743791
0.040787,0.00747211
0.0408811,0.00750648
0.0409753,0.007541
0.0410698,0.00757569
0.0411645,0.00761053
0.0412594,0.00764553
0.0413546,0.00768069
0.0414499,0.00771601
0.0415455,0.00775149
0.0416413,0.00778714
0.0417373,0.00782295
0.0418335,0.00785892
0.04193,0.00789506
0.0420266,0.00793136
0.0421235,0.00796783
0.0422207,0.00800447
0.042318,0.00804127
0.0424156,0.00807825
0.0425134,0.00811539
0.0426114,0.0081527
0.0427097,0.00819019
0.0428081,0.00822784
0.0429068,0.00826567
0.0430058,0.00830367
0.0431049,0.00834184
0.0432043,0.00838019
0.0433039,0.00841872
0.0434038,0.00845742
0.0435039,0.0084963
0.0436042,0.00853535
0.0437047,0.00857459
0.0438055,0.008614
0.0439065,0.0086536
0.0440077,0.00869337
0.0441092,0.00873333
0.0442109,0.00877347
0.0443128,0.0088138
0.044415,0.00885431
0.0445174,0.008895
0.04462,0.00893588
0.0447229,0.00897695
0.044826,0.0090182
0.0449294,0.00905965
0.045033,0.00910128
0.0451368,0.00914311
0.0452409,0.00918512
0.0453452,0.00922733
0.0454498,0.00926973
0.0455545,0.00931233
0.0456596,0.00935512
0.0457649,0.0093981
0.0458704,0.00944128
0.0459761,0.00948466
0.0460821,0.00952824
0.0461884,0.00957202
0.0462949,0.00961599
0.0464016,0.00966017
0.0465086,0.00970455
0.0466159,0.00974913
0.0467233,0.00979392
0.0468311,0.00983891
0.0469391,0.00988411
0.0470473,0.00992951
0.0471558,0.00997512
0.0472645,0.0100209
0.0473735,0.010067
0.0474827,0.0101132
0.0475922,0.0101597
0.0477019,0.0102063
0.0478119,0.0102532
0.0479221,0.0103003
0.0480326,0.0103476
0.0481434,0.0103951
0.0482544,0.0104429
0.0483656,0.0104908
0.0484772,0.010539
0.0485889,0.0105874
0.048701,0.010636
0.0488132,0.0106848
0.0489258,0.0107339
0.0490386,0.0107832
0.0491517,0.0108327
0.049265,0.0108824
0.0493786,0.0109324
0.0494924,0.0109826
0.0496066,0.011033
0.0497209,0.0110837
0.0498356,0.0111345
0.0499505,0.0111857
0.0500657,0.011237
0.0501811,0.0112886
0.0502968,0.0113404
0.0504128,0.0113925
0.050529,0.0114448
0.0506455,0.0114973
0.0507623,0.0115501
0.0508793,0.0116031
0.0509966,0.0116563
0.0511142,0.0117098
0.0512321,0.0117636
0.0513502,0.0118175
0.0514686,0.0118718
0.0515873,0.0119263
0.0517062,0.011981
0.0518254,0.012036
0.0519449,0.0120912
0.0520647,0.0121467
0.0521847,0.0122024
0.0523051,0.0122584
0.0524257,0.0123146
0.0525465,0.0123711
0.0526677,0.0124279
0.0527891,0.0124849
0.0529108,0.0125422
0.0530328,0.0125997
0.0531551,0.0126575
0.0532777,0.0127156
0.0534005,0.0127739
0.0535236,0.0128325
0.0536471,0.0128913
0.0537708,0.0129505
0.0538947,0.0130099
0.054019,0.0130695
0.0541435,0.0131295
0.0542684,0.0131897
0.0543935,0.0132502
0.0545189,0.0133109
0.0546446,0.013372
0.0547706,0.0134333
0.0548969,0.0134949
0.0550235,0.0135567
0.0551504,0.0136189
0.0552775,0.0136813
0.055405,0.0137441
0.0555327,0.0138071
0.0556608,0.0138704
0.0557891,0.013934
0.0559177,0.0139978
0.0560467,0.014062
0.0561759,0.0141265
0.0563054,0.0141912
0.0564352,0.0142563
0.0565654,0.0143216
0.0566958,0.0143872
0.0568265,0.0144532
0.0569575,0.0145194
0.0570889,0.0145859
0.0572205,0.0146528
0.0573524,0.0147199
0.0574847,0.0147874
0.0576172,0.0148551
0.05775,0.0149232
0.0578832,0.0149916
0.0580167,0.0150603
0.0581504,0.0151293
0.0582845,0.0151986
0.0584189,0.0152682
0.0585536,0.0153381
0.0586886,0.0154084
0.0588239,0.015479
0.0589595,0.0155499
0.0590955,0.0156211
0.0592317,0.0156926
0.0593683,0.0157645
0.0595052,0.0158367
0.0596424,0.0159092
0.0597799,0.0159821
0.0599178,0.0160553
0.0600559,0.0161288
0.0601944,0.0162027
0.0603332,0.0162768
0.0604723,0.0163514
0.0606117,0.0164262
0.0607515,0.0165014
0.0608915,0.016577
0.0610319,0.0166529
0.0611727,0.0167291
0.0613137,0.0168057
0.0614551,0.0168826
0.0615968,0.0169599
0.0617388,0.0170375
0.0618811,0.0171155
0.0620238,0.0171938
0.0621668,0.0172725
0.0623102,0.0173515
0.0624538,0.0174309
0.0625978,0.0175107
0.0627422,0.0175908
0.0628868,0.0176713
0.0630318,0.0177522
0.0631772,0.0178334
0.0633228,0.017915
0.0634688,0.0179969
0.0636152,0.0180792
0.0637619,0.0181619
0.0639089,0.018245
0.0640562,0.0183285
0.0642039,0.0184123
0.064352,0.0184965
0.0645003,0.0185811
0.064649,0.0186661
0.0647981,0.0187514
0.0649475,0.0188372
0.0650973,0.0189233
0.0652474,0.0190098
0.0653978,0.0190967
0.0655486,0.0191841
0.0656997,0.0192718
0.0658512,0.0193599
0.066003,0.0194484
0.0661552,0.0195373
0.0663078,0.0196266
0.0664606,0.0197163
0.0666139,0.0198064
0.0667675,0.0198969
0.0669214,0.0199878
0.0670757,0.0200792
0.0672304,0.0201709
0.0673854,0.0202631
0.0675408,0.0203557
0.0676965,0.0204487
0.0678526,0.0205421
0.068009,0.020636
0.0681658,0.0207302
0.068323,0.0208249
0.0684805,0.02092
0.0686384,0.0210156
0.0687967,0.0211116
0.0689553,0.021208
0.0691143,0.0213049
0.0692737,0.0214022
0.0694334,0.0214999
0.0695935,0.0215981
0.0697539,0.0216967
0.0699148,0.0217957
0.070076,0.0218952
0.0702375,0.0219952
0.0703995,0.0220956
0.0705618,0.0221965
0.0707245,0.0222978
0.0708876,0.0223996
0.071051,0.0225018
0.0712148,0.0226045
0.071379,0.0227077
0.0715436,0.0228113
0.0717086,0.0229154
0.0718739,0.0230199
0.0720396,0.023125
0.0722057,0.0232305
0.0723722,0.0233364
0.0725391,0.0234429
0.0727063,0.0235498
0.072874,0.0236573
0.073042,0.0237652
0.0732104,0.0238736
0.0733792,0.0239824
0.0735484,0.0240918
0.073718,0.0242017
0.073888,0.024312
0.0740583,0.0244229
0.0742291,0.0245342
0.0744002,0.0246461
0.0745718,0.0247584
0.0747437,0.0248713
0.0749161,0.0249847
0.0750888,0.0250985
0.0752619,0.0252129
0.0754355,0.0253278
0.0756094,0.0254433
0.0757837,0.0255592
0.0759585,0.0256757
0.0761336,0.0257927
0.0763091,0.0259102
0.0764851,0.0260282
0.0766614,0.0261468
0.0768382,0.0262659
0.0770154,0.0263855
0.0771929,0.0265057
0.0773709,0.0266264
0.0775493,0.0267477
0.0777281,0.0268695
0.0779073,0.0269918
0.078087,0.0271147
0.078267,0.0272382
0.0784475,0.0273622
0.0786283,0.0274867
0.0788096,0.0276119
0.0789913,0.0277376
0.0791735,0.0278638
0.079356,0.0279906
0.079539,0.028118
0.0797224,0.0282459
0.0799062,0.0283745
0.0800904,0.0285036
0.0802751,0.0286333
0.0804602,0.0287635
0.0806457,0.0288944
0.0808317,0.0290258
0.081018,0.0291578
0.0812048,0.0292904
0.0813921,0.0294236
0.0815797,0.0295574
0.0817678,0.0296918
0.0819564,0.0298268
0.0821453,0.0299624
0.0823347,0.0300987
0.0825246,0.0302355
0.0827149,0.0303729
0.0829056,0.030511
0.0830967,0.0306496
0.0832883,0.0307889
0.0834804,0.0309288
0.0836728,0.0310694
0.0838658,0.0312105
0.0840591,0.0313523
0.084253,0.0314948
0.0844472,0.0316378
0.0846419,0.0317815
0.0848371,0.0319259
0.0850327,0.0320709
0.0852287,0.0322165
0.0854253,0.0323628
0.0856222,0.0325097
0.0858196,0.0326573
0.0860175,0.0328056
0.0862159,0.0329545
0.0864146,0.0331041
0.0866139,0.0332543
0.0868136,0.0334052
0.0870138,0.0335568
0.0872144,0.0337091
0.0874155,0.0338621
0.087617,0.0340157
0.087819,0.03417
0.0880215,0.034325
0.0882245,0.0344807
0.0884279,0.0346371
0.0886318,0.0347941
0.0888361,0.0349519
0.089041,0.0351104
0.0892463,0.0352696
0.0894521,0.0354295
0.0896583,0.0355901
0.089865,0.0357514
0.0900722,0.0359135
0.0902799,0.0360762
0.0904881,0.0362397
0.0906967,0.0364039
0.0909058,0.0365688
0.0911154,0.0367345
0.0913255,0.0369009
0.0915361,0.0370681
0.0917471,0.037236
0.0919587,0.0374046
0.0921707,0.037574
0.0923832,0.0377441
0.0925962,0.037915
0.0928097,0.0380867
0.0930237,0.0382591
0.0932382,0.0384322
0.0934532,0.0386062
0.0936687,0.0387809
0.0938846,0.0389564
0.0941011,0.0391326
0.0943181,0.0393097
0.0945355,0.0394875
0.0947535,0.0396661
0.094972,0.0398456
0.095191,0.0400258
0.0954104,0.0402068
0.0956304,0.0403886
0.0958509,0.0405712
0.0960719,0.0407546
0.0962934,0.0409388
0.0965155,0.0411238
0.096738,0.0413097
0.0969611,0.0414964
0.0971846,0.0416839
0.0974087,0.0418722
0.0976333,0.0420614
0.0978584,0.0422514
0.098084,0.0424422
0.0983102,0.0426339
0.0985369,0.0428265
0.0987641,0.0430198
0.0989918,0.0432141
0.09922,0.0434092
0.0994488,0.0436051
0.0996781,0.0438019
0.0999079,0.0439996
0.100138,0.0441982
0.100369,0.0443976
0.100601,0.0445979
0.100833,0.0447991
0.101065,0.0450011
0.101298,0.0452041
0.101532,0.045408
0.101766,0.0456127
0.102,0.0458184
0.102236,0.0460249
0.102471,0.0462324
0.102708,0.0464408
0.102944,0.0466501
0.103182,0.0468603
0.10342,0.0470714
0.103658,0.0472835
0.103897,0.0474965
0.104137,0.0477104
0.104377,0.0479253
0.104617,0.0481411
0.104859,0.0483579
0.1051,0.0485756
0.105343,0.0487943
0.105586,0.0490139
0.105829,0.0492345
0.106073,0.049456
0.106318,0.0496786
0.106563,0.0499021
0.106808,0.0501265
0.107055,0.050352
0.107302,0.0505785
0.107549,0.0508059
0.107797,0.0510343
0.108046,0.0512638
0.108295,0.0514942
0.108544,0.0517256
0.108795,0.0519581
0.109045,0.0521916
0.109297,0.0524261
0.109549,0.0526616
0.109801,0.0528981
0.110055,0.0531357
0.110308,0.0533743
0.110563,0.0536139
0.110818,0.0538546
0.111073,0.0540964
0.111329,0.0543392
0.111586,0.054583
0.111843,0.054828
0.112101,0.0550739
0.11236,0.055321
0.112619,0.0555691
0.112878,0.0558183
0.113139,0.0560686
0.113399,0.05632
0.113661,0.0565725
0.113923,0.0568261
0.114186,0.0570808
0.114449,0.0573365
0.114713,0.0575934
0.114977,0.0578514
0.115242,0.0581106
0.115508,0.0583708
0.115774,0.0586322
0.116041,0.0588947
0.116309,0.0591583
0.116577,0.0594231
0.116846,0.0596891
0.117115,0.0599562
0.117385,0.0602244
0.117656,0.0604938
0.117927,0.0607644
0.118199,0.0610361
0.118472,0.0613091
0.118745,0.0615832
0.119019,0.0618584
0.119293,0.0621349
0.119568,0.0624126
0.119844,0.0626915
0.12012,0.0629715
0.120397,0.0632528
0.120675,0.0635353
0.120953,0.063819
0.121232,0.0641039
0.121511,0.0643901
0.121792,0.0646775
0.122072,0.0649661
0.122354,0.065256
0.122636,0.0655471
0.122919,0.0658395
0.123202,0.0661331
0.123486,0.066428
0.123771,0.0667241
0.124056,0.0670216
0.124342,0.0673203
0.124629,0.0676203
0.124916,0.0679215
0.125204,0.0682241
0.125493,0.068528
0.125782,0.0688331
0.126072,0.0691396
0.126363,0.0694474
0.126654,0.0697565
0.126946,0.0700669
0.127239,0.0703787
0.127533,0.0706918
0.127827,0.0710062
0.128121,0.071322
0.128417,0.0716391
0.128713,0.0719576
0.12901,0.0722774
0.129307,0.0725986
0.129605,0.0729212
0.129904,0.0732451
0.130204,0.0735705
0.130504,0.0738972
0.130805,0.0742253
0.131106,0.0745548
0.131409,0.0748857
0.131712,0.075218
0.132015,0.0755517
0.13232,0.0758869
0.132625,0.0762234
0.132931,0.0765614
0.133237,0.0769009
0.133544,0.0772417
0.133852,0.0775841
0.134161,0.0779278
0.13447,0.0782731
0.13478,0.0786198
0.135091,0.0789679
0.135402,0.0793176
0.135715,0.0796687
0.136028,0.0800213
0.136341,0.0803754
0.136656,0.080731
0.136971,0.081088
0.137286,0.0814466
0.137603,0.0818068
0.13792,0.0821684
0.138238,0.0825316
0.138557,0.0828962
0.138876,0.0832625
0.139197,0.0836302
0.139518,0.0839996
0.139839,0.0843704
0.140162,0.0847429
0.140485,0.0851169
0.140809,0.0854924
0.141133,0.0858696
0.141459,0.0862483
0.141785,0.0866286
0.142112,0.0870105
0.14244,0.0873941
0.142768,0.0877792
0.143097,0.0881659
0.143427,0.0885543
0.143758,0.0889443
0.144089,0.0893359
0.144422,0.0897291
0.144755,0.090124
0.145088,0.0905206
0.145423,0.0909188
0.145758,0.0913186
0.146094,0.0917202
0.146431,0.0921234
0.146769,0.0925283
0.147107,0.0929348
0.147446,0.0933431
0.147786,0.0937531
0.148127,0.0941647
0.148469,0.0945781
0.148811,0.0949932
0.149154,0.09541
0.149498,0.0958286
0.149843,0.0962489
0.150188,0.0966709
0.150534,0.0970947
0.150881,0.0975202
0.151229,0.0979475
0.151578,0.0983765
0.151927,0.0988074
0.152278,0.09924
0.152629,0.0996744
0.152981,0.100111
0.153334,0.100549
0.153687,0.100988
0.154041,0.10143
0.154397,0.101873
0.154753,0.102319
0.155109,0.102766
0.155467,0.103215
0.155825,0.103666
0.156185,0.104118
0.156545,0.104573
0.156906,0.105029
0.157268,0.105487
0.15763,0.105947
0.157994,0.106409
0.158358,0.106873
0.158723,0.107339
0.159089,0.107807
0.159456,0.108276
0.159824,0.108748
0.160192,0.109221
0.160561,0.109696
0.160932,0.110174
0.161303,0.110653
0.161675,0.111134
0.162047,0.111617
0.162421,0.112102
0.162795,0.11259
0.163171,0.113079
0.163547,0.11357
0.163924,0.114063
0.164302,0.114558
0.164681,0.115055
0.165061,0.115554
0.165441,0.116055
0.165823,0.116558
0.166205,0.117063
0.166588,0.11757
0.166972,0.11808
0.167357,0.118591
0.167743,0.119104
0.16813,0.11962
0.168518,0.120137
0.168906,0.120657
0.169296,0.121178
0.169686,0.121702
0.170077,0.122228
0.170469,0.122756
0.170862,0.123286
0.171256,0.123818
0.171651,0.124352
0.172047,0.124889
0.172444,0.125427
0.172841,0.125968
0.17324,0.126511
0.173639,0.127056
0.17404,0.127603
0.174441,0.128153
0.174843,0.128704
0.175246,0.129258
0.17565,0.129814
0.176055,0.130372
0.176461,0.130933
0.176868,0.131495
0.177276,0.13206
0.177685,0.132627
0.178094,0.133197
0.178505,0.133768
0.178917,0.134342
0.179329,0.134918
0.179743,0.135497
0.180157,0.136077
0.180572,0.13666
0.180989,0.137246
0.181406,0.137833
0.181824,0.138423
0.182244,0.139015
0.182664,0.13961
0.183085,0.140207
0.183507,0.140806
0.18393,0.141407
0.184354,0.142011
0.184779,0.142617
0.185205,0.143226
0.185632,0.143837
0.18606,0.14445
0.186489,0.145066
0.186919,0.145684
0.18735,0.146304
0.187782,0.146927
0.188215,0.147553
0.188649,0.14818
0.189084,0.148811
0.18952,0.149443
0.189957,0.150078
0.190395,0.150716
0.190834,0.151356
0.191274,0.151998
0.191715,0.152643
0.192157,0.153291
0.1926,0.15394
0.193044,0.154593
0.193489,0.155248
0.193936,0.155905
0.194383,0.156565
0.194831,0.157227
0.19528,0.157892
0.19573,0.15856
0.196182,0.15923
0.196634,0.159902
0.197087,0.160578
0.197542,0.161255
0.197997,0.161936
0.198454,0.162619
0.198911,0.163304
0.19937,0.163992
0.19983,0.164683
0.20029,0.165376
0.200752,0.166072
0.201215,0.16677
0.201679,0.167472
0.202144,0.168175
0.20261,0.168882
0.203077,0.169591
0.203546,0.170303
0.204015,0.171017
0.204485,0.171734
0.204957,0.172454
0.205429,0.173176
0.205903,0.173902
0.206378,0.174629
0.206854,0.17536
0.207331,0.176093
0.207809,0.176829
0.208288,0.177568
0.208768,0.17831
0.209249,0.179054
0.209732,0.179801
0.210215,0.180551
0.2107,0.181303
0.211186,0.182058
0.211673,0.182816
0.212161,0.183577
0.21265,0.184341
0.21314,0.185107
0.213632,0.185877
0.214124,0.186649
0.214618,0.187424
0.215113,0.188201
0.215609,0.188982
0.216106,0.189765
0.216604,0.190552
0.217104,0.191341
0.217604,0.192133
0.218106,0.192927
0.218609,0.193725
0.219113,0.194526
0.219618,0.195329
0.220125,0.196136
0.220632,0.196945
0.221141,0.197757
0.221651,0.198572
0.222162,0.19939
0.222674,0.200211
0.223187,0.201035
0.223702,0.201862
0.224218,0.202692
0.224735,0.203525
0.225253,0.20436
0.225772,0.205199
0.226293,0.206041
0.226815,0.206885
0.227338,0.207733
0.227862,0.208584
0.228387,0.209437
0.228914,0.210294
0.229442,0.211154
0.229971,0.212016
0.230501,0.212882
0.231032,0.213751
0.231565,0.214623
0.232099,0.215497
0.232634,0.216375
0.23317,0.217256
0.233708,0.21814
0.234247,0.219027
0.234787,0.219918
0.235328,0.220811
0.235871,0.221707
0.236415,0.222606
0.23696,0.223509
0.237506,0.224415
0.238054,0.225323
0.238603,0.226235
0.239153,0.22715
0.239704,0.228068
0.240257,0.228989
0.240811,0.229914
0.241366,0.230841
0.241923,0.231772
0.242481,0.232706
0.24304,0.233643
0.2436,0.234583
0.244162,0.235526
0.244725,0.236473
0.245289,0.237422
0.245854,0.238375
0.246421,0.239331
0.24699,0.24029
0.247559,0.241253
0.24813,0.242218
0.248702,0.243187
0.249275,0.244159
0.24985,0.245135
0.250426,0.246113
0.251004,0.247095
0.251582,0.24808
0.252162,0.249068
0.252744,0.25006
0.253327,0.251054
0.253911,0.252052
0.254496,0.253053
0.255083,0.254058
0.255671,0.255066
0.256261,0.256077
0.256851,0.257091
0.257444,0.258109
0.258037,0.25913
0.258632,0.260154
0.259228,0.261181
0.259826,0.262212
0.260425,0.263246
0.261026,0.264283
0.261628,0.265324
0.262231,0.266368
0.262835,0.267415
0.263441,0.268466
0.264049,0.26952
0.264658,0.270577
0.265268,0.271638
0.26588,0.272702
0.266493,0.273769
0.267107,0.274839
0.267723,0.275913
0.26834,0.276991
0.268959,0.278071
0.269579,0.279155
0.270201,0.280243
0.270824,0.281333
0.271448,0.282427
0.272074,0.283525
0.272701,0.284626
0.27333,0.28573
0.27396,0.286837
0.274592,0.287948
0.275225,0.289062
0.27586,0.29018
0.276496,0.291301
0.277133,0.292425
0.277772,0.293553
0.278413,0.294684
0.279055,0.295819
0.279698,0.296957
0.280343,0.298098
0.280989,0.299243
0.281637,0.300391
0.282287,0.301542
0.282937,0.302697
0.28359,0.303856
0.284244,0.305017
0.284899,0.306182
0.285556,0.307351
0.286214,0.308523
0.286874,0.309698
0.287536,0.310877
0.288199,0.312059
0.288863,0.313244
0.289529,0.314433
0.290197,0.315625
0.290866,0.316821
0.291537,0.31802
0.292209,0.319222
0.292882,0.320428
0.293558,0.321637
0.294235,0.32285
0.294913,0.324066
0.295593,0.325286
0.296275,0.326508
0.296958,0.327735
0.297642,0.328964
0.298329,0.330197
0.299016,0.331434
0.299706,0.332674
0.300397,0.333917
0.30109,0.335163
0.301784,0.336413
0.30248,0.337667
0.303177,0.338924
0.303876,0.340184
0.304577,0.341447
0.305279,0.342714
0.305983,0.343984
0.306688,0.345258
0.307396,0.346535
0.308104,0.347815
0.308815,0.349099
0.309527,0.350386
0.31024,0.351677
0.310956,0.352971
0.311673,0.354268
0.312391,0.355568
0.313112,0.356872
0.313834,0.358179
0.314557,0.35949
0.315282,0.360804
0.316009,0.362121
0.316738,0.363442
0.317468,0.364765
0.3182,0.366093
0.318934,0.367423
0.319669,0.368757
0.320406,0.370094
0.321145,0.371434
0.321886,0.372778
0.322628,0.374125
0.323372,0.375475
0.324117,0.376829
0.324865,0.378186
0.325614,0.379546
0.326364,0.380909
0.327117,0.382276
0.327871,0.383645
0.328627,0.385018
0.329385,0.386395
0.330144,0.387774
0.330905,0.389157
0.331668,0.390543
0.332433,0.391932
0.3332,0.393324
0.333968,0.39472
0.334738,0.396119
0.33551,0.397521
0.336283,0.398926
0.337059,0.400334
0.337836,0.401745
0.338615,0.40316
0.339396,0.404577
0.340178,0.405998
0.340962,0.407422
0.341749,0.408849
0.342537,0.410279
0.343326,0.411712
0.344118,0.413149
0.344911,0.414588
0.345707,0.41603
0.346504,0.417476
0.347303,0.418924
0.348103,0.420376
0.348906,0.42183
0.349711,0.423288
0.350517,0.424748
0.351325,0.426212
0.352135,0.427678
0.352947,0.429148
0.353761,0.43062
0.354576,0.432095
0.355394,0.433573
0.356213,0.435055
0.357035,0.436539
0.357858,0.438026
0.358683,0.439515
0.35951,0.441008
0.360339,0.442504
0.36117,0.444002
0.362003,0.445503
0.362837,0.447007
0.363674,0.448514
0.364512,0.450024
0.365353,0.451536
0.366195,0.453051
0.36704,0.454569
0.367886,0.45609
0.368734,0.457613
0.369584,0.459139
0.370436,0.460668
0.371291,0.462199
0.372147,0.463733
0.373005,0.465269
0.373865,0.466809
0.374727,0.46835
0.375591,0.469895
0.376457,0.471442
0.377325,0.472991
0.378195,0.474543
0.379067,0.476098
0.379941,0.477655
0.380817,0.479215
0.381695,0.480777
0.382575,0.482341
0.383457,0.483908
0.384341,0.485477
0.385227,0.487049
0.386116,0.488623
0.387006,0.4902
0.387898,0.491778
0.388793,0.493359
0.389689,0.494943
0.390588,0.496528
0.391488,0.498116
0.392391,0.499706
0.393295,0.501299
0.394202,0.502893
0.395111,0.50449
0.396022,0.506089
0.396935,0.50769
0.397851,0.509293
0.398768,0.510898
0.399687,0.512505
0.400609,0.514115
0.401533,0.515726
0.402458,0.517339
0.403386,0.518955
0.404316,0.520572
0.405249,0.522191
0.406183,0.523812
0.40712,0.525435
0.408058,0.52706
0.408999,0.528687
0.409942,0.530315
0.410887,0.531945
0.411835,0.533577
0.412784,0.535211
0.413736,0.536847
0.41469,0.538484
0.415646,0.540123
0.416604,0.541763
0.417565,0.543405
0.418528,0.545049
0.419493,0.546694
0.42046,0.548341
0.42143,0.549989
0.422401,0.551639
0.423375,0.55329
0.424351,0.554943
0.42533,0.556597
0.42631,0.558253
0.427293,0.559909
0.428279,0.561567
0.429266,0.563227
0.430256,0.564887
0.431248,0.566549
0.432242,0.568212
0.433239,0.569877
0.434238,0.571542
0.435239,0.573209
0.436242,0.574876
0.437248,0.576545
0.438256,0.578214
0.439267,0.579885
0.44028,0.581557
0.441295,0.583229
0.442312,0.584903
0.443332,0.586577
0.444354,0.588252
0.445379,0.589928
0.446406,0.591605
0.447435,0.593283
0.448467,0.594961
0.449501,0.59664
0.450537,0.598319
0.451576,0.6
0.452617,0.60168
0.453661,0.603362
0.454707,0.605044
0.455755,0.606726
0.456806,0.608409
0.457859,0.610092
0.458915,0.611776
0.459973,0.61346
0.461034,0.615144
0.462097,0.616829
0.463162,0.618513
0.46423,0.620198
0.465301,0.621884
0.466373,0.623569
0.467449,0.625254
0.468526,0.62694
0.469607,0.628626
0.47069,0.630311
0.471775,0.631997
0.472863,0.633682
0.473953,0.635368
0.475046,0.637053
0.476141,0.638738
0.477239,0.640423
0.478339,0.642107
0.479442,0.643792
0.480548,0.645476
0.481656,0.647159
0.482766,0.648842
0.483879,0.650525
0.484995,0.652208
0.486113,0.653889
0.487234,0.655571
0.488357,0.657251
0.489483,0.658931
0.490612,0.660611
0.491743,0.662289
0.492877,0.663967
0.494013,0.665645
0.495152,0.667321
0.496294,0.668996
0.497438,0.670671
0.498585,0.672345
0.499735,0.674017
0.500887,0.675689
0.502042,0.677359
0.5032,0.679029
0.50436,0.680697
0.505523,0.682364
0.506688,0.68403
0.507857,0.685695
0.509028,0.687359
0.510201,0.689021
0.511378,0.690681
0.512557,0.692341
0.513739,0.693999
0.514923,0.695655
0.51611,0.69731
0.5173,0.698963
0.518493,0.700614
0.519689,0.702264
0.520887,0.703913
0.522088,0.705559
0.523292,0.707204
0.524498,0.708847
0.525707,0.710488
0.52692,0.712127
0.528135,0.713764
0.529352,0.715399
0.530573,0.717032
0.531796,0.718663
0.533022,0.720292
0.534251,0.721919
0.535483,0.723544
0.536718,0.725166
0.537955,0.726786
0.539196,0.728404
0.540439,0.730019
0.541685,0.731632
0.542934,0.733243
0.544186,0.734851
0.54544,0.736456
0.546698,0.738059
0.547959,0.73966
0.549222,0.741257
0.550488,0.742852
0.551758,0.744444
0.55303,0.746034
0.554305,0.74762
0.555583,0.749204
0.556864,0.750785
0.558148,0.752363
0.559435,0.753938
0.560725,0.75551
0.562018,0.757078
0.563313,0.758644
0.564612,0.760207
0.565914,0.761766
0.567219,0.763322
0.568527,0.764875
0.569838,0.766424
0.571152,0.76797
0.572468,0.769513
0.573788,0.771052
0.575111,0.772588
0.576437,0.77412
0.577766,0.775649
0.579099,0.777174
0.580434,0.778695
0.581772,0.780213
0.583114,0.781727
0.584458,0.783237
0.585806,0.784744
0.587156,0.786246
0.58851,0.787745
0.589867,0.78924
0.591227,0.790731
0.59259,0.792217
0.593957,0.7937
0.595326,0.795179
0.596699,0.796653
0.598075,0.798124
0.599454,0.79959
0.600836,0.801052
0.602221,0.80251
0.60361,0.803963
0.605001,0.805412
0.606396,0.806856
0.607794,0.808297
0.609196,0.809732
0.6106,0.811164
0.612008,0.81259
0.613419,0.814012
0.614834,0.81543
0.616251,0.816843
0.617672,0.818251
0.619097,0.819654
0.620524,0.821053
0.621955,0.822447
0.623389,0.823836
0.624826,0.82522
0.626267,0.826599
0.627711,0.827973
0.629158,0.829343
0.630609,0.830707
0.632063,0.832066
0.63352,0.833421
0.634981,0.83477
0.636445,0.836114
0.637912,0.837453
0.639383,0.838787
0.640857,0.840115
0.642335,0.841438
0.643816,0.842756
0.6453,0.844069
0.646788,0.845376
0.64828,0.846678
0.649774,0.847974
0.651273,0.849265
0.652774,0.850551
0.654279,0.851831
0.655788,0.853105
0.6573,0.854374
0.658815,0.855637
0.660334,0.856895
0.661857,0.858147
0.663383,0.859394
0.664913,0.860634
0.666446,0.861869
0.667982,0.863098
0.669522,0.864322
0.671066,0.86554
0.672613,0.866751
0.674164,0.867957
0.675719,0.869158
0.677277,0.870352
0.678838,0.87154
0.680404,0.872722
0.681972,0.873899
0.683545,0.875069
0.685121,0.876234
0.6867,0.877392
0.688284,0.878544
0.689871,0.87969
0.691461,0.880831
0.693056,0.881965
0.694654,0.883092
0.696255,0.884214
0.697861,0.88533
0.69947,0.886439
0.701083,0.887542
0.702699,0.888639
0.704319,0.88973
0.705943,0.890814
0.707571,0.891893
0.709202,0.892965
0.710838,0.89403
0.712477,0.89509
0.714119,0.896143
0.715766,0.897189
0.717416,0.898229
0.71907,0.899263
0.720728,0.900291
0.72239,0.901312
0.724056,0.902327
0.725725,0.903335
0.727398,0.904337
0.729076,0.905333
0.730757,0.906322
0.732442,0.907304
0.73413,0.90828
0.735823,0.90925
0.73752,0.910213
0.73922,0.91117
0.740924,0.91212
0.742633,0.913064
0.744345,0.914001
0.746061,0.914932
0.747782,0.915856
0.749506,0.916774
0.751234,0.917685
0.752966,0.91859
0.754702,0.919488
0.756442,0.92038
0.758186,0.921265
0.759934,0.922143
0.761687,0.923015
0.763443,0.923881
0.765203,0.92474
0.766967,0.925593
0.768736,0.926439
0.770508,0.927278
0.772285,0.928111
0.774066,0.928938
0.77585,0.929758
0.777639,0.930571
0.779432,0.931378
0.781229,0.932179
0.783031,0.932973
0.784836,0.93376
0.786646,0.934541
0.788459,0.935316
0.790277,0.936084
0.7921,0.936846
0.793926,0.937601
0.795756,0.93835
0.797591,0.939092
0.79943,0.939828
0.801273,0.940558
0.803121,0.941281
0.804973,0.941998
0.806829,0.942708
0.808689,0.943412
0.810554,0.94411
0.812423,0.944801
0.814296,0.945486
0.816173,0.946165
0.818055,0.946838
0.819941,0.947504
0.821832,0.948164
0.823727,0.948818
0.825626,0.949465
0.82753,0.950107
0.829438,0.950742
0.83135,0.951371
0.833267,0.951994
0.835188,0.95261
0.837114,0.953221
0.839044,0.953825
0.840979,0.954424
0.842918,0.955016
0.844861,0.955603
0.846809,0.956183
0.848762,0.956757
0.850719,0.957326
0.85268,0.957888
0.854646,0.958445
0.856617,0.958996
0.858592,0.95954
0.860571,0.960079
0.862556,0.960612
0.864545,0.96114
0.866538,0.961661
0.868536,0.962177
0.870538,0.962687
0.872546,0.963192
0.874557,0.963691
0.876574,0.964184
0.878595,0.964671
0.880621,0.965153
0.882651,0.96563
0.884686,0.966101
0.886726,0.966566
0.888771,0.967026
0.89082,0.96748
0.892874,0.967929
0.894933,0.968373
0.896996,0.968811
0.899064,0.969245
0.901137,0.969672
0.903215,0.970095
0.905298,0.970512
0.907385,0.970924
0.909477,0.971331
0.911574,0.971733
0.913676,0.97213
0.915783,0.972522
0.917894,0.972908
0.92001,0.97329
0.922132,0.973667
0.924258,0.974039
0.926389,0.974406
0.928525,0.974768
0.930666,0.975125
0.932812,0.975477
0.934962,0.975825
0.937118,0.976168
0.939279,0.976507
0.941445,0.97684
0.943615,0.977169
0.945791,0.977494
0.947972,0.977814
0.950157,0.978129
0.952348,0.97844
0.954544,0.978747
0.956745,0.979049
0.958951,0.979347
0.961162,0.979641
0.963378,0.97993
0.965599,0.980215
0.967826,0.980496
0.970057,0.980773
0.972294,0.981045
0.974536,0.981314
0.976783,0.981578
0.979035,0.981838
0.981292,0.982095
0.983555,0.982347
0.985823,0.982596
0.988096,0.982841
0.990374,0.983081
0.992657,0.983318
0.994946,0.983552
0.99724,0.983781
0.999539,0.984007
1.00184,0.98423
1.00415,0.984448
1.00647,0.984663
1.00879,0.984875
1.01112,0.985083
1.01345,0.985288
1.01578,0.985489
1.01813,0.985687
1.02047,0.985881
1.02283,0.986072
1.02518,0.98626
1.02755,0.986445
1.02992,0.986626
1.03229,0.986805
1.03467,0.98698
1.03706,0.987152
1.03945,0.987321
1.04185,0.987487
1.04425,0.98765
1.04666,0.987811
1.04907,0.987968
1.05149,0.988122
1.05391,0.988274
1.05634,0.988423
1.05878,0.988569
1.06122,0.988712
1.06367,0.988853
1.06612,0.988991
1.06858,0.989126
1.07104,0.989259
1.07351,0.989389
1.07599,0.989517
1.07847,0.989642
1.08095,0.989765
1.08345,0.989886
1.08594,0.990004
1.08845,0.990119
1.09096,0.990233
1.09347,0.990344
1.09599,0.990453
1.09852,0.990559
1.10105,0.990664
1.10359,0.990766
1.10614,0.990867
1.10869,0.990965
1.11124,0.991061
1.11381,0.991155
1.11637,0.991247
1.11895,0.991337
1.12153,0.991426
1.12411,0.991512
1.12671,0.991597
1.1293,0.991679
1.13191,0.99176
1.13452,0.991839
1.13713,0.991917
1.13975,0.991992
1.14238,0.992066
1.14502,0.992139
1.14766,0.992209
1.1503,0.992278
1.15296,0.992346
1.15561,0.992412
1.15828,0.992476
1.16095,0.992539
1.16363,0.992601
1.16631,0.992661
1.169,0.99272
1.17169,0.992777
1.17439,0.992833
1.1771,0.992887
1.17982,0.992941
1.18254,0.992993
1.18526,0.993043
1.188,0.993093
1.19074,0.993141
1.19348,0.993188
1.19623,0.993234
1.19899,0.993279
1.20176,0.993322
1.20453,0.993365
1.2073,0.993406
1.21009,0.993447
1.21288,0.993486
1.21567,0.993524
1.21848,0.993562
1.22129,0.993598
1.2241,0.993634
1.22692,0.993668
1.22975,0.993702
1.23259,0.993734
1.23543,0.993766
1.23828,0.993797
1.24113,0.993827
1.244,0.993857
1.24686,0.993885
1.24974,0.993913
1.25262,0.99394
1.25551,0.993966
1.2584,0.993991
1.26131,0.994016
1.26421,0.99404
1.26713,0.994064
1.27005,0.994086
1.27298,0.994108
1.27591,0.99413
1.27886,0.994151
1.2818,0.994171
1.28476,0.994191
1.28772,0.99421
1.29069,0.994228
1.29367,0.994246
1.29665,0.994263
1.29964,0.99428
1.30264,0.994297
1.30564,0.994312
1.30865,0.994328
1.31167,0.994343
1.31469,0.994357
1.31772,0.994371
1.32076,0.994385
1.32381,0.994398
1.32686,0.994411
1.32992,0.994423
1.33298,0.994435
1.33606,0.994446
1.33914,0.994458
1.34223,0.994468
1.34532,0.994479
1.34842,0.994489
1.35153,0.994499
1.35465,0.994508
1.35777,0.994517
1.3609,0.994526
1.36404,0.994535
1.36718,0.994543
1.37034,0.994551
1.3735,0.994559
1.37666,0.994566
1.37984,0.994573
1.38302,0.99458
1.38621,0.994587
1.3894,0.994593
1.39261,0.9946
1.39582,0.994606
1.39904,0.994612
1.40226,0.994617
1.4055,0.994623
1.40874,0.994628
1.41198,0.994633
1.41524,0.994638
1.4185,0.994642
1.42177,0.994647
1.42505,0.994651
1.42834,0.994655
1.43163,0.994659
1.43493,0.994663
1.43824,0.994667
1.44156,0.99467
1.44488,0.994674
1.44821,0.994677
1.45155,0.99468
1.4549,0.994683
1.45825,0.994686
1.46161,0.994689
1.46498,0.994692
1.46836,0.994694
1.47175,0.994697
1.47514,0.994699
1.47854,0.994702
1.48195,0.994704
1.48537,0.994706
1.48879,0.994708
1.49223,0.99471
1.49567,0.994712
1.49912,0.994714
1.50257,0.994715
1.50604,0.994717
1.50951,0.994719
1.51299,0.99472
1.51648,0.994722
1.51997,0.994723
1.52348,0.994724
1.52699,0.994726
1.53051,0.994727
1.53404,0.994728
1.53758,0.994729
1.54112,0.99473
1.54468,0.994731
1.54824,0.994732
1.55181,0.994733
1.55539,0.994734
1.55897,0.994735
1.56257,0.994736
1.56617,0.994736
1.56978,0.994737
1.5734,0.994738
1.57703,0.994739
1.58066,0.994739
1.58431,0.99474
1.58796,0.99474
1.59162,0.994741
1.59529,0.994741
1.59897,0.994742
1.60266,0.994742
1.60635,0.994743
1.61006,0.994743
1.61377,0.994744
1.61749,0.994744
1.62122,0.994745
1.62496,0.994745
1.6287,0.994745
1.63246,0.994746
1.63622,0.994746
1.64,0.994746
1.64378,0.994746
1.64757,0.994747
1.65137,0.994747
1.65517,0.994747
1.65899,0.994747
1.66282,0.994748
1.66665,0.994748
1.67049,0.994748
1.67434,0.994748
1.6782,0.994748
1.68207,0.994749
1.68595,0.994749
1.68984,0.994749
1.69374,0.994749
1.69764,0.994749
1.70156,0.994749
1.70548,0.994749
1.70941,0.994749
1.71335,0.99475
1.7173,0.99475
1.72126,0.99475
1.72523,0.99475
1.72921,0.99475
1.7332,0.99475
1.73719,0.99475
1.7412,0.99475
1.74521,0.99475
1.74924,0.99475
1.75327,0.99475
1.75731,0.99475
1.76136,0.99475
1.76543,0.99475
1.7695,0.994751
1.77358,0.994751
1.77767,0.994751
1.78176,0.994751
1.78587,0.994751
1.78999,0.994751
1.79412,0.994751
1.79825,0.994751
1.8024,0.994751
1.80656,0.994751
1.81072,0.994751
1.8149,0.994751
1.81908,0.994751
1.82327,0.994751
1.82748,0.994751
1.83169,0.994751
1.83592,0.994751
1.84015,0.994751
1.84439,0.994751
1.84864,0.994751
1.85291,0.994751
1.85718,0.994751
1.86146,0.994751
1.86575,0.994751
1.87005,0.994751
1.87437,0.994751
1.87869,0.994751
1.88302,0.994751
1.88736,0.994751
1.89171,0.994751
1.89608,0.994751
1.90045,0.994751
1.90483,0.994751
1.90922,0.994751
1.91362,0.994751
1.91804,0.994751
1.92246,0.994751
1.92689,0.994751
1.93133,0.994751
1.93579,0.994751
1.94025,0.994751
1.94472,0.994751
1.94921,0.994751
1.9537,0.994751
1.95821,0.994751
1.96272,0.994751
1.96725,0.994751
1.97178,0.994751
1.97633,0.994751
1.98089,0.994751
1.98545,0.994751
1.99003,0.994751
1.99462,0.994751
1.99922,0.994751
2.00383,0.994751
2.00845,0.994751
2.01308,0.994751
2.01772,0.994751
2.02237,0.994751
2.02704,0.994751
2.03171,0.994751
2.03639,0.994751
2.04109,0.994751
2.0458,0.994751
2.05051,0.994751
2.05524,0.994751
2.05998,0.994751
2.06473,0.994751
2.06949,0.994751
2.07426,0.994751
2.07904,0.994751
2.08384,0.994751
2.08864,0.994751
2.09346,0.994751
2.09828,0.994751
2.10312,0.994751
2.10797,0.994751
2.11283,0.994751
2.1177,0.994751
2.12259,0.994751
2.12748,0.994751
2.13239,0.994751
2.1373,0.994751
2.14223,0.994751
2.14717,0.994751
2.15212,0.994751
2.15708,0.994751
2.16206,0.994751
2.16704,0.994751
2.17204,0.994751
2.17705,0.994751
2.18207,0.994751
2.1871,0.994751
2.19214,0.994751
2.19719,0.994751
2.20226,0.994751
2.20734,0.994751
2.21243,0.994751
2.21753,0.994751
2.22264,0.994751
2.22777,0.994751
2.2329,0.994751
2.23805,0.994751
2.24321,0.994751
2.24838,0.994751
2.25357,0.994751
2.25876,0.994751
2.26397,0.994751
2.26919,0.994751
2.27442,0.994751
2.27967,0.994751
2.28492,0.994751
2.29019,0.994751
2.29547,0.994751
2.30077,0.994751
2.30607,0.994751
2.31139,0.994751
2.31672,0.994751
2.32206,0.994751
2.32741,0.994751
2.33278,0.994751
2.33816,0.994751
2.34355,0.994751
2.34895,0.994751
2.35437,0.994751
2.3598,0.994751
2.36524,0.994751
2.37069,0.994751
2.37616,0.994751
2.38164,0.994751
2.38713,0.994751
2.39263,0.994751
2.39815,0.994751
2.40368,0.994751
2.40922,0.994751
2.41477,0.994751
2.42034,0.994751
2.42592,0.994751
2.43152,0.994751
2.43712,0.994751
2.44274,0.994751
2.44837,0.994751
2.45402,0.994751
2.45968,0.994751
2.46535,0.994751
2.47103,0.994751
2.47673,0.994751
2.48244,0.994751
2.48816,0.994751
2.4939,0.994751
2.49965,0.994751
2.50542,0.994751
2.51119,0.994751
2.51698,0.994751
2.52279,0.994751
2.5286,0.994751
2.53443,0.994751
2.54028,0.994751
2.54613,0.994751
2.552,0.994751
2.55789,0.994751
2.56379,0.994751
2.5697,0.994751
2.57562,0.994751
2.58156,0.994751
2.58751,0.994751
2.59348,0.994751
2.59946,0.994751
2.60545,0.994751
2.61146,0.994751
2.61748,0.994751
2.62352,0.994751
2.62957,0.994751
2.63563,0.994751
2.64171,0.994751
2.6478,0.994751
2.6539,0.994751
2.66002,0.994751
2.66615,0.994751
2.6723,0.994751
2.67846,0.994751
2.68464,0.994751
2.69083,0.994751
2.69703,0.994751
2.70325,0.994751
2.70948,0.994751
2.71573,0.994751
2.72199,0.994751
2.72827,0.994751
2.73456,0.994751
2.74086,0.994751
2.74718,0.994751
2.75352,0.994751
2.75987,0.994751
2.76623,0.994751
2.77261,0.994751
2.779,0.994751
2.78541,0.994751
2.79183,0.994751
2.79827,0.994751
2.80472,0.994751
2.81119,0.994751
2.81767,0.994751
2.82417,0.994751
2.83068,0.994751
2.8372,0.994751
2.84375,0.994751
2.8503,0.994751
2.85687,0.994751
2.86346,0.994751
2.87006,0.994751
2.87668,0.994751
2.88331,0.994751
2.88996,0.994751
2.89663,0.994751
2.9033,0.994751
2.91,0.994751
2.91671,0.994751
2.92343,0.994751
2.93017,0.994751
2.93693,0.994751
2.9437,0.994751
2.95049,0.994751
2.95729,0.994751
2.96411,0.994751
2.97094,0.994751
2.97779,0.994751
2.98466,0.994751
2.99154,0.994751
2.99844,0.994751
3.00535,0.994751
3.01228,0.994751
3.01923,0.994751
3.02619,0.994751
3.03317,0.994751
3.04016,0.994751
3.04717,0.994751
3.0542,0.994751
3.06124,0.994751
3.0683,0.994751
3.07537,0.994751
3.08246,0.994751
3.08957,0.994751
3.09669,0.994751
3.10383,0.994751
3.11099,0.994751
3.11816,0.994751
3.12535,0.994751
3.13256,0.994751
3.13978,0.994751
3.14702,0.994751
3.15428,0.994751
3.16155,0.994751
3.16884,0.994751
3.17615,0.994751
3.18347,0.994751
3.19081,0.994751
3.19817,0.994751
3.20554,0.994751
3.21293,0.994751
3.22034,0.994751
3.22776,0.994751
3.23521,0.994751
3.24267,0.994751
3.25014,0.994751
3.25764,0.994751
3.26515,0.994751
3.27268,0.994751
3.28022,0.994751
3.28778,0.994751
3.29537,0.994751
3.30296,0.994751
3.31058,0.994751
3.31821,0.994751
3.32586,0.994751
3.33353,0.994751
3.34122,0.994751
3.34892,0.994751
3.35664,0.994751
3.36438,0.994751
3.37214,0.994751
3.37992,0.994751
3.38771,0.994751
3.39552,0.994751
3.40335,0.994751
3.4112,0.994751
3.41906,0.994751
3.42694,0.994751
3.43485,0.994751
3.44277,0.994751
3.4507,0.994751
3.45866,0.994751
3.46663,0.994751
3.47463,0.994751
3.48264,0.994751
3.49067,0.994751
3.49872,0.994751
3.50678,0.994751
3.51487,0.994751
3.52297,0.994751
3.5311,0.994751
3.53924,0.994751
3.5474,0.994751
3.55558,0.994751
3.56378,0.994751
3.57199,0.994751
3.58023,0.994751
3.58848,0.994751
3.59676,0.994751
3.60505,0.994751
3.61336,0.994751
3.62169,0.994751
3.63004,0.994751
3.63841,0.994751
3.6468,0.994751
3.65521,0.994751
3.66364,0.994751
3.67209,0.994751
3.68055,0.994751
3.68904,0.994751
3.69755,0.994751
3.70607,0.994751
3.71462,0.994751
3.72318,0.994751
3.73177,0.994751
3.74037,0.994751
3.74899,0.994751
3.75764,0.994751
3.7663,0.994751
3.77499,0.994751
3.78369,0.994751
3.79241,0.994751
3.80116,0.994751
3.80992,0.994751
3.81871,0.994751
3.82751,0.994751
3.83634,0.994751
3.84518,0.994751
3.85405,0.994751
3.86293,0.994751
3.87184,0.994751
3.88077,0.994751
3.88972,0.994751
3.89869,0.994751
3.90767,0.994751
3.91668,0.994751
3.92572,0.994751
3.93477,0.994751
3.94384,0.994751
3.95293,0.994751
3.96205,0.994751
3.97118,0.994751
3.98034,0.994751
3.98952,0.994751
3.99871,0.994751
4.00793,0.994751
4.01718,0.994751
4.02644,0.994751
4.03572,0.994751
4.04503,0.994751
4.05435,0.994751
4.0637,0.994751
4.07307,0.994751
4.08246,0.994751
4.09188,0.994751
4.10131,0.994751
4.11077,0.994751
4.12024,0.994751
4.12974,0.994751
4.13927,0.994751
4.14881,0.994751
4.15838,0.994751
4.16796,0.994751
4.17757,0.994751
4.18721,0.994751
4.19686,0.994751
4.20654,0.994751
4.21624,0.994751
4.22596,0.994751
4.2357,0.994751
4.24547,0.994751
4.25526,0.994751
4.26507,0.994751
4.2749,0.994751
4.28476,0.994751
4.29464,0.994751
4.30454,0.994751
4.31447,0.994751
4.32441,0.994751
4.33438,0.994751
4.34438,0.994751
4.35439,0.994751
4.36443,0.994751
4.3745,0.994751
4.38458,0.994751
4.39469,0.994751
4.40483,0.994751
4.41498,0.994751
4.42516,0.994751
4.43537,0.994751
4.44559,0.994751
4.45584,0.994751
4.46612,0.994751
4.47641,0.994751
4.48673,0.994751
4.49708,0.994751
4.50745,0.994751
4.51784,0.994751
4.52826,0.994751
4.5387,0.994751
4.54916,0.994751
4.55965,0.994751
4.57017,0.994751
4.5807,0.994751
4.59127,0.994751
4.60185,0.994751
4.61246,0.994751
4.6231,0.994751
4.63376,0.994751
4.64444,0.994751
4.65515,0.994751
4.66588,0.994751
4.67664,0.994751
4.68742,0.994751
4.69823,0.994751
4.70906,0.994751
4.71992,0.994751
4.7308,0.994751
4.74171,0.994751
4.75265,0.994751
4.7636,0.994751
4.77459,0.994751
4.7856,0.994751
4.79663,0.994751
4.80769,0.994751
4.81877,0.994751
4.82988,0.994751
4.84102,0.994751
4.85218,0.994751
4.86337,0.994751
4.87458,0.994751
4.88582,0.994751
4.89709,0.994751
4.90838,0.994751
4.9197,0.994751
4.93104,0.994751
4.94241,0.994751
4.95381,0.994751
4.96523,0.994751
4.97668,0.994751
4.98815,0.994751
4.99965,0.994751
5.01118,0.994751
5.02273,0.994751
5.03432,0.994751
5.04592,0.994751
5.05756,0.994751
5.06922,0.994751
5.08091,0.994751
5.09262,0.994751
5.10436,0.994751
5.11613,0.994751
5.12793,0.994751
5.13975,0.994751
5.1516,0.994751
5.16348,0.994751
5.17539,0.994751
5.18732,0.994751
5.19928,0.994751
5.21127,0.994751
5.22328,0.994751
5.23533,0.994751
5.2474,0.994751
5.2595,0.994751
5.27162,0.994751
5.28378,0.994751
5.29596,0.994751
5.30817,0.994751
5.32041,0.994751
5.33268,0.994751
5.34497,0.994751
5.3573,0.994751
5.36965,0.994751
5.38203,0.994751
5.39444,0.994751
5.40688,0.994751
5.41934,0.994751
5.43184,0.994751
5.44436,0.994751
5.45692,0.994751
5.4695,0.994751
5.48211,0.994751
5.49475,0.994751
5.50742,0.994751
5.52012,0.994751
5.53285,0.994751
5.5456,0.994751
5.55839,0.994751
5.57121,0.994751
5.58405,0.994751
5.59693,0.994751
5.60983,0.994751
5.62277,0.994751
5.63573,0.994751
5.64872,0.994751
5.66175,0.994751
5.6748,0.994751
5.68789,0.994751
5.701,0.994751
5.71415,0.994751
5.72732,0.994751
5.74053,0.994751
5.75376,0.994751
5.76703,0.994751
5.78033,0.994751
5.79365,0.994751
5.80701,0.994751
5.8204,0.994751
5.83382,0.994751
5.84727,0.994751
5.86076,0.994751
5.87427,0.994751
5.88781,0.994751
5.90139,0.994751
5.915,0.994751
5.92863,0.994751
5.9423,0.994751
5.956,0.994751
5.96974,0.994751
5.9835,0.994751
5.9973,0.994751
6.01113,0.994751
6.02499,0.994751
6.03888,0.994751
6.0528,0.994751
6.06676,0.994751
6.08074,0.994751
6.09477,0.994751
6.10882,0.994751
6.1229,0.994751
6.13702,0.994751
6.15117,0.994751
6.16535,0.994751
6.17957,0.994751
6.19382,0.994751
6.2081,0.994751
6.22241,0.994751
6.23676,0.994751
6.25114,0.994751
6.26555,0.994751
6.28,0.994751
6.29448,0.994751
6.30899,0.994751
6.32354,0.994751
6.33812,0.994751
6.35273,0.994751
6.36738,0.994751
6.38206,0.994751
6.39678,0.994751
6.41153,0.994751
6.42631,0.994751
6.44113,0.994751
6.45598,0.994751
6.47086,0.994751
6.48578,0.994751
6.50074,0.994751
6.51573,0.994751
6.53075,0.994751
6.54581,0.994751
6.5609,0.994751
6.57603,0.994751
6.59119,0.994751
6.60639,0.994751
6.62162,0.994751
6.63689,0.994751
6.65219,0.994751
6.66753,0.994751
6.6829,0.994751
6.69831,0.994751
6.71375,0.994751
6.72923,0.994751
6.74475,0.994751
6.7603,0.994751
6.77589,0.994751
6.79151,0.994751
6.80717,0.994751
6.82287,0.994751
6.8386,0.994751
6.85436,0.994751
6.87017,0.994751
6.88601,0.994751
6.90189,0.994751
6.9178,0.994751
6.93375,0.994751
6.94974,0.994751
6.96576,0.994751
6.98182,0.994751
6.99792,0.994751
7.01406,0.994751
7.03023,0.994751
7.04644,0.994751
7.06268,0.994751
7.07897,0.994751
7.09529,0.994751
7.11165,0.994751
7.12805,0.994751
7.14448,0.994751
7.16096,0.994751
7.17747,0.994751
7.19402,0.994751
7.2106,0.994751
7.22723,0.994751
7.24389,0.994751
7.26059,0.994751
7.27734,0.994751
7.29411,0.994751
7.31093,0.994751
7.32779,0.994751
7.34469,0.994751
7.36162,0.994751
7.37859,0.994751
7.39561,0.994751
7.41266,0.994751
7.42975,0.994751
7.44688,0.994751
7.46405,0.994751
7.48126,0.994751
7.49851,0.994751
7.5158,0.994751
7.53313,0.994751
7.5505,0.994751
7.56791,0.994751
7.58536,0.994751
7.60285,0.994751
7.62038,0.994751
7.63795,0.994751
7.65556,0.994751
7.67321,0.994751
7.6909,0.994751
7.70863,0.994751
7.72641,0.994751
7.74422,0.994751
7.76208,0.994751
7.77997,0.994751
7.79791,0.994751
7.81589,0.994751
7.83391,0.994751
7.85198,0.994751
7.87008,0.994751
7.88823,0.994751
7.90641,0.994751
7.92464,0.994751
7.94292,0.994751
7.96123,0.994751
7.97959,0.994751
7.99799,0.994751
8.01643,0.994751
8.03491,0.994751
8.05344,0.994751
8.072,0.994751
8.09062,0.994751
8.10927,0.994751
8.12797,0.994751
8.14671,0.994751
8.16549,0.994751
8.18432,0.994751
8.20319,0.994751
8.2221,0.994751
8.24106,0.994751
8.26006,0.994751
8.27911,0.994751
8.2982,0.994751
8.31733,0.994751
8.33651,0.994751
8.35573,0.994751
8.375,0.994751
8.39431,0.994751
8.41366,0.994751
8.43306,0.994751
8.4525,0.994751
8.47199,0.994751
8.49153,0.994751
8.51111,0.994751
8.53073,0.994751
8.5504,0.994751
8.57011,0.994751
8.58987,0.994751
8.60968,0.994751
8.62953,0.994751
8.64943,0.994751
8.66937,0.994751
8.68936,0.994751
8.7094,0.994751
8.72948,0.994751
8.7496,0.994751
8.76978,0.994751
8.79,0.994751
8.81027,0.994751
8.83058,0.994751
8.85094,0.994751
8.87135,0.994751
8.8918,0.994751
8.9123,0.994751
8.93285,0.994751
8.95345,0.994751
8.97409,0.994751
8.99479,0.994751
9.01552,0.994751
9.03631,0.994751
9.05715,0.994751
9.07803,0.994751
9.09896,0.994751
9.11994,0.994751
9.14097,0.994751
9.16204,0.994751
9.18317,0.994751
9.20434,0.994751
9.22557,0.994751
9.24684,0.994751
9.26816,0.994751
9.28953,0.994751
9.31095,0.994751
9.33241,0.994751
9.35393,0.994751
9.3755,0.994751
9.39712,0.994751
9.41878,0.994751
9.4405,0.994751
9.46227,0.994751
9.48408,0.994751
9.50595,0.994751
9.52787,0.994751
9.54984,0.994751
9.57186,0.994751
9.59393,0.994751
9.61605,0.994751
9.63822,0.994751
9.66044,0.994751
9.68272,0.994751
9.70504,0.994751
9.72742,0.994751
9.74985,0.994751
9.77233,0.994751
9.79486,0.994751
9.81744,0.994751
9.84008,0.994751
9.86277,0.994751
9.88551,0.994751
9.9083,0.994751
9.93115,0.994751
9.95405,0.994751
9.977,0.994751
10,0.994751
