r,N
0.0001,8.83268e-08
0.000100231,8.87346e-08
0.000100462,8.91443e-08
0.000100693,8.95558e-08
0.000100925,8.99693e-08
0.000101158,9.03846e-08
0.000101391,9.08019e-08
0.000101625,9.12211e-08
0.00010186,9.16423e-08
0.000102094,9.20654e-08
0.00010233,9.24904e-08
0.000102566,9.29174e-08
0.000102802,9.33464e-08
0.000103039,9.37773e-08
0.000103277,9.42103e-08
0.000103515,9.46452e-08
0.000103754,9.50822e-08
0.000103993,9.55211e-08
0.000104233,9.59621e-08
0.000104473,9.64051e-08
0.000104714,9.68502e-08
0.000104955,9.72974e-08
0.000105197,9.77465e-08
0.00010544,9.81978e-08
0.000105683,9.86512e-08
0.000105927,9.91066e-08
0.000106171,9.95642e-08
0.000106416,1.00024e-07
0.000106661,1.00486e-07
0.000106907,1.0095e-07
0.000107153,1.01416e-07
0.0001074,1.01884e-07
0.000107648,1.02354e-07
0.000107896,1.02827e-07
0.000108145,1.03301e-07
0.000108394,1.03778e-07
0.000108644,1.04257e-07
0.000108895,1.04739e-07
0.000109146,1.05222e-07
0.000109398,1.05708e-07
0.00010965,1.06196e-07
0.000109903,1.06686e-07
0.000110156,1.07179e-07
0.00011041,1.07674e-07
0.000110665,1.08171e-07
0.00011092,1.0867e-07
0.000111176,1.09172e-07
0.000111432,1.09676e-07
0.000111689,1.10182e-07
0.000111946,1.10691e-07
0.000112204,1.11202e-07
0.000112463,1.11715e-07
0.000112722,1.12231e-07
0.000112982,1.12749e-07
0.000113243,1.1327e-07
0.000113504,1.13793e-07
0.000113766,1.14318e-07
0.000114028,1.14846e-07
0.000114291,1.15376e-07
0.000114554,1.15909e-07
0.000114819,1.16444e-07
0.000115083,1.16981e-07
0.000115349,1.17522e-07
0.000115615,1.18064e-07
0.000115881,1.18609e-07
0.000116148,1.19157e-07
0.000116416,1.19707e-07
0.000116685,1.2026e-07
0.000116954,1.20815e-07
0.000117223,1.21372e-07
0.000117494,1.21933e-07
0.000117764,1.22496e-07
0.000118036,1.23061e-07
0.000118308,1.23629e-07
0.000118581,1.242e-07
0.000118854,1.24774e-07
0.000119128,1.2535e-07
0.000119403,1.25928e-07
0.000119678,1.2651e-07
0.000119954,1.27094e-07
0.000120231,1.27681e-07
0.000120508,1.2827e-07
0.000120786,1.28862e-07
0.000121064,1.29457e-07
0.000121344,1.30055e-07
0.000121623,1.30655e-07
0.000121904,1.31258e-07
0.000122185,1.31864e-07
0.000122467,1.32473e-07
0.000122749,1.33085e-07
0.000123032,1.33699e-07
0.000123316,1.34316e-07
0.0001236,1.34936e-07
0.000123885,1.35559e-07
0.000124171,1.36185e-07
0.000124457,1.36814e-07
0.000124744,1.37446e-07
0.000125031,1.3808e-07
0.00012532,1.38718e-07
0.000125609,1.39358e-07
0.000125898,1.40001e-07
0.000126189,1.40648e-07
0.00012648,1.41297e-07
0.000126771,1.41949e-07
0.000127063,1.42605e-07
0.000127356,1.43263e-07
0.00012765,1.43925e-07
0.000127944,1.44589e-07
0.000128239,1.45257e-07
0.000128535,1.45927e-07
0.000128831,1.46601e-07
0.000129129,1.47278e-07
0.000129426,1.47958e-07
0.000129725,1.48641e-07
0.000130024,1.49327e-07
0.000130324,1.50016e-07
0.000130624,1.50709e-07
0.000130925,1.51405e-07
0.000131227,1.52104e-07
0.00013153,1.52806e-07
0.000131833,1.53511e-07
0.000132137,1.5422e-07
0.000132442,1.54932e-07
0.000132747,1.55647e-07
0.000133053,1.56366e-07
0.00013336,1.57088e-07
0.000133667,1.57813e-07
0.000133976,1.58542e-07
0.000134284,1.59274e-07
0.000134594,1.60009e-07
0.000134904,1.60748e-07
0.000135215,1.6149e-07
0.000135527,1.62235e-07
0.00013584,1.62984e-07
0.000136153,1.63737e-07
0.000136467,1.64493e-07
0.000136781,1.65252e-07
0.000137097,1.66015e-07
0.000137413,1.66781e-07
0.00013773,1.67551e-07
0.000138047,1.68325e-07
0.000138366,1.69102e-07
0.000138685,1.69883e-07
0.000139004,1.70667e-07
0.000139325,1.71455e-07
0.000139646,1.72247e-07
0.000139968,1.73042e-07
0.000140291,1.73841e-07
0.000140614,1.74643e-07
0.000140939,1.7545e-07
0.000141264,1.7626e-07
0.000141589,1.77073e-07
0.000141916,1.77891e-07
0.000142243,1.78712e-07
0.000142571,1.79537e-07
0.0001429,1.80366e-07
0.000143229,1.81199e-07
0.000143559,1.82035e-07
0.00014389,1.82876e-07
0.000144222,1.8372e-07
0.000144555,1.84568e-07
0.000144888,1.8542e-07
0.000145222,1.86276e-07
0.000145557,1.87136e-07
0.000145892,1.88e-07
0.000146229,1.88868e-07
0.000146566,1.8974e-07
0.000146904,1.90616e-07
0.000147243,1.91496e-07
0.000147582,1.9238e-07
0.000147922,1.93268e-07
0.000148263,1.94161e-07
0.000148605,1.95057e-07
0.000148948,1.95957e-07
0.000149291,1.96862e-07
0.000149636,1.97771e-07
0.000149981,1.98684e-07
0.000150326,1.99601e-07
0.000150673,2.00523e-07
0.00015102,2.01449e-07
0.000151369,2.02379e-07
0.000151718,2.03313e-07
0.000152068,2.04252e-07
0.000152418,2.05195e-07
0.00015277,2.06142e-07
0.000153122,2.07094e-07
0.000153475,2.0805e-07
0.000153829,2.0901e-07
0.000154183,2.09975e-07
0.000154539,2.10945e-07
0.000154895,2.11918e-07
0.000155252,2.12897e-07
0.00015561,2.1388e-07
0.000155969,2.14867e-07
0.000156329,2.15859e-07
0.000156689,2.16856e-07
0.00015705,2.17857e-07
0.000157413,2.18863e-07
0.000157776,2.19873e-07
0.000158139,2.20888e-07
0.000158504,2.21908e-07
0.000158869,2.22932e-07
0.000159236,2.23962e-07
0.000159603,2.24995e-07
0.000159971,2.26034e-07
0.00016034,2.27078e-07
0.000160709,2.28126e-07
0.00016108,2.29179e-07
0.000161451,2.30237e-07
0.000161824,2.313e-07
0.000162197,2.32368e-07
0.000162571,2.33441e-07
0.000162946,2.34519e-07
0.000163321,2.35601e-07
0.000163698,2.36689e-07
0.000164075,2.37782e-07
0.000164454,2.3888e-07
0.000164833,2.39982e-07
0.000165213,2.4109e-07
0.000165594,2.42203e-07
0.000165976,2.43322e-07
0.000166358,2.44445e-07
0.000166742,2.45573e-07
0.000167126,2.46707e-07
0.000167512,2.47846e-07
0.000167898,2.4899e-07
0.000168285,2.5014e-07
0.000168673,2.51295e-07
0.000169062,2.52455e-07
0.000169452,2.5362e-07
0.000169842,2.54791e-07
0.000170234,2.55968e-07
0.000170626,2.57149e-07
0.00017102,2.58337e-07
0.000171414,2.59529e-07
0.000171809,2.60727e-07
0.000172206,2.61931e-07
0.000172603,2.6314e-07
0.000173001,2.64355e-07
0.000173399,2.65576e-07
0.000173799,2.66802e-07
0.0001742,2.68033e-07
0.000174602,2.69271e-07
0.000175004,2.70514e-07
0.000175408,2.71763e-07
0.000175812,2.73018e-07
0.000176218,2.74278e-07
0.000176624,2.75544e-07
0.000177031,2.76816e-07
0.000177439,2.78094e-07
0.000177848,2.79378e-07
0.000178258,2.80668e-07
0.000178669,2.81964e-07
0.000179081,2.83266e-07
0.000179494,2.84573e-07
0.000179908,2.85887e-07
0.000180323,2.87207e-07
0.000180739,2.88533e-07
0.000181156,2.89865e-07
0.000181573,2.91203e-07
0.000181992,2.92548e-07
0.000182411,2.93898e-07
0.000182832,2.95255e-07
0.000183254,2.96618e-07
0.000183676,2.97988e-07
0.0001841,2.99363e-07
0.000184524,3.00745e-07
0.00018495,3.02134e-07
0.000185376,3.03529e-07
0.000185803,3.0493e-07
0.000186232,3.06338e-07
0.000186661,3.07752e-07
0.000187092,3.09173e-07
0.000187523,3.106e-07
0.000187955,3.12034e-07
0.000188389,3.13475e-07
0.000188823,3.14922e-07
0.000189259,3.16376e-07
0.000189695,3.17837e-07
0.000190132,3.19304e-07
0.000190571,3.20778e-07
0.00019101,3.22259e-07
0.00019145,3.23747e-07
0.000191892,3.25241e-07
0.000192334,3.26743e-07
0.000192778,3.28251e-07
0.000193222,3.29767e-07
0.000193668,3.31289e-07
0.000194114,3.32819e-07
0.000194562,3.34355e-07
0.000195011,3.35899e-07
0.00019546,3.3745e-07
0.000195911,3.39008e-07
0.000196363,3.40573e-07
0.000196815,3.42145e-07
0.000197269,3.43725e-07
0.000197724,3.45311e-07
0.00019818,3.46906e-07
0.000198637,3.48507e-07
0.000199095,3.50116e-07
0.000199554,3.51733e-07
0.000200014,3.53356e-07
0.000200475,3.54988e-07
0.000200937,3.56627e-07
0.000201401,3.58273e-07
0.000201865,3.59927e-07
0.00020233,3.61589e-07
0.000202797,3.63258e-07
0.000203265,3.64935e-07
0.000203733,3.6662e-07
0.000204203,3.68313e-07
0.000204674,3.70013e-07
0.000205146,3.71721e-07
0.000205619,3.73437e-07
0.000206093,3.75161e-07
0.000206568,3.76893e-07
0.000207044,3.78633e-07
0.000207522,3.80381e-07
0.000208,3.82138e-07
0.00020848,3.83902e-07
0.00020896,3.85674e-07
0.000209442,3.87455e-07
0.000209925,3.89244e-07
0.000210409,3.91041e-07
0.000210894,3.92846e-07
0.000211381,3.9466e-07
0.000211868,3.96482e-07
0.000212356,3.98312e-07
0.000212846,4.00151e-07
0.000213337,4.01998e-07
0.000213829,4.03854e-07
0.000214322,4.05719e-07
0.000214816,4.07592e-07
0.000215311,4.09473e-07
0.000215808,4.11364e-07
0.000216305,4.13263e-07
0.000216804,4.15171e-07
0.000217304,4.17088e-07
0.000217805,4.19013e-07
0.000218307,4.20948e-07
0.00021881,4.22891e-07
0.000219315,4.24843e-07
0.000219821,4.26805e-07
0.000220327,4.28775e-07
0.000220835,4.30755e-07
0.000221345,4.32744e-07
0.000221855,4.34741e-07
0.000222367,4.36748e-07
0.000222879,4.38765e-07
0.000223393,4.4079e-07
0.000223908,4.42825e-07
0.000224424,4.4487e-07
0.000224942,4.46924e-07
0.000225461,4.48987e-07
0.00022598,4.5106e-07
0.000226501,4.53142e-07
0.000227024,4.55234e-07
0.000227547,4.57336e-07
0.000228072,4.59447e-07
0.000228598,4.61569e-07
0.000229125,4.63699e-07
0.000229653,4.6584e-07
0.000230183,4.67991e-07
0.000230713,4.70151e-07
0.000231245,4.72322e-07
0.000231778,4.74503e-07
0.000232313,4.76693e-07
0.000232848,4.78894e-07
0.000233385,4.81105e-07
0.000233923,4.83326e-07
0.000234463,4.85557e-07
0.000235003,4.87799e-07
0.000235545,4.90051e-07
0.000236088,4.92314e-07
0.000236633,4.94586e-07
0.000237178,4.9687e-07
0.000237725,4.99164e-07
0.000238273,5.01468e-07
0.000238823,5.03783e-07
0.000239373,5.06109e-07
0.000239925,5.08446e-07
0.000240478,5.10793e-07
0.000241033,5.13151e-07
0.000241589,5.1552e-07
0.000242146,5.179e-07
0.000242704,5.20291e-07
0.000243264,5.22693e-07
0.000243825,5.25106e-07
0.000244387,5.27531e-07
0.00024495,5.29966e-07
0.000245515,5.32413e-07
0.000246081,5.34871e-07
0.000246648,5.3734e-07
0.000247217,5.39821e-07
0.000247787,5.42313e-07
0.000248358,5.44817e-07
0.000248931,5.47332e-07
0.000249505,5.49859e-07
0.00025008,5.52398e-07
0.000250657,5.54948e-07
0.000251235,5.5751e-07
0.000251814,5.60084e-07
0.000252395,5.62669e-07
0.000252977,5.65267e-07
0.00025356,5.67877e-07
0.000254145,5.70499e-07
0.000254731,5.73132e-07
0.000255318,5.75778e-07
0.000255907,5.78437e-07
0.000256497,5.81107e-07
0.000257088,5.8379e-07
0.000257681,5.86485e-07
0.000258275,5.89193e-07
0.000258871,5.91913e-07
0.000259467,5.94646e-07
0.000260066,5.97391e-07
0.000260665,6.00149e-07
0.000261266,6.0292e-07
0.000261869,6.05703e-07
0.000262473,6.08499e-07
0.000263078,6.11309e-07
0.000263684,6.14131e-07
0.000264292,6.16966e-07
0.000264902,6.19815e-07
0.000265512,6.22676e-07
0.000266125,6.25551e-07
0.000266738,6.28439e-07
0.000267353,6.3134e-07
0.00026797,6.34255e-07
0.000268588,6.37183e-07
0.000269207,6.40125e-07
0.000269828,6.4308e-07
0.00027045,6.46049e-07
0.000271073,6.49031e-07
0.000271698,6.52028e-07
0.000272325,6.55038e-07
0.000272953,6.58062e-07
0.000273582,6.611e-07
0.000274213,6.64152e-07
0.000274845,6.67219e-07
0.000275479,6.70299e-07
0.000276114,6.73394e-07
0.000276751,6.76502e-07
0.000277389,6.79626e-07
0.000278028,6.82763e-07
0.000278669,6.85915e-07
0.000279312,6.89082e-07
0.000279956,6.92263e-07
0.000280601,6.95459e-07
0.000281248,6.9867e-07
0.000281897,7.01896e-07
0.000282547,7.05136e-07
0.000283198,7.08391e-07
0.000283851,7.11662e-07
0.000284506,7.14947e-07
0.000285162,7.18248e-07
0.000285819,7.21564e-07
0.000286478,7.24895e-07
0.000287139,7.28242e-07
0.000287801,7.31604e-07
0.000288464,7.34982e-07
0.000289129,7.38375e-07
0.000289796,7.41784e-07
0.000290464,7.45208e-07
0.000291134,7.48649e-07
0.000291805,7.52105e-07
0.000292478,7.55577e-07
0.000293152,7.59066e-07
0.000293828,7.6257e-07
0.000294506,7.66091e-07
0.000295185,7.69627e-07
0.000295865,7.73181e-07
0.000296548,7.7675e-07
0.000297231,7.80336e-07
0.000297917,7.83939e-07
0.000298604,7.87558e-07
0.000299292,7.91194e-07
0.000299982,7.94847e-07
0.000300674,7.98516e-07
0.000301367,8.02203e-07
0.000302062,8.05906e-07
0.000302758,8.09627e-07
0.000303456,8.13365e-07
0.000304156,8.1712e-07
0.000304857,8.20892e-07
0.00030556,8.24682e-07
0.000306265,8.28489e-07
0.000306971,8.32314e-07
0.000307679,8.36157e-07
0.000308388,8.40017e-07
0.000309099,8.43895e-07
0.000309812,8.47791e-07
0.000310526,8.51705e-07
0.000311242,8.55637e-07
0.00031196,8.59588e-07
0.000312679,8.63556e-07
0.0003134,8.67543e-07
0.000314123,8.71548e-07
0.000314847,8.75572e-07
0.000315573,8.79614e-07
0.000316301,8.83675e-07
0.00031703,8.87755e-07
0.000317761,8.91853e-07
0.000318494,8.9597e-07
0.000319228,9.00107e-07
0.000319964,9.04262e-07
0.000320702,9.08437e-07
0.000321441,9.12631e-07
0.000322182,9.16844e-07
0.000322925,9.21077e-07
0.00032367,9.2533e-07
0.000324416,9.29602e-07
0.000325164,9.33893e-07
0.000325914,9.38205e-07
0.000326665,9.42536e-07
0.000327418,9.46888e-07
0.000328173,9.51259e-07
0.00032893,9.55651e-07
0.000329688,9.60063e-07
0.000330449,9.64495e-07
0.00033121,9.68948e-07
0.000331974,9.73421e-07
0.00033274,9.77915e-07
0.000333507,9.8243e-07
0.000334276,9.86966e-07
0.000335046,9.91522e-07
0.000335819,9.961e-07
0.000336593,1.0007e-06
0.000337369,1.00532e-06
0.000338147,1.00996e-06
0.000338927,1.01462e-06
0.000339708,1.01931e-06
0.000340492,1.02401e-06
0.000341277,1.02874e-06
0.000342064,1.03349e-06
0.000342852,1.03826e-06
0.000343643,1.04305e-06
0.000344435,1.04787e-06
0.000345229,1.05271e-06
0.000346025,1.05757e-06
0.000346823,1.06245e-06
0.000347623,1.06735e-06
0.000348424,1.07228e-06
0.000349228,1.07723e-06
0.000350033,1.08221e-06
0.00035084,1.0872e-06
0.000351649,1.09222e-06
0.00035246,1.09726e-06
0.000353272,1.10233e-06
0.000354087,1.10742e-06
0.000354903,1.11253e-06
0.000355722,1.11767e-06
0.000356542,1.12283e-06
0.000357364,1.12801e-06
0.000358188,1.13322e-06
0.000359014,1.13845e-06
0.000359841,1.14371e-06
0.000360671,1.14899e-06
0.000361503,1.15429e-06
0.000362336,1.15962e-06
0.000363172,1.16497e-06
0.000364009,1.17035e-06
0.000364848,1.17576e-06
0.00036569,1.18118e-06
0.000366533,1.18664e-06
0.000367378,1.19212e-06
0.000368225,1.19762e-06
0.000369074,1.20315e-06
0.000369925,1.2087e-06
0.000370778,1.21428e-06
0.000371633,1.21989e-06
0.00037249,1.22552e-06
0.000373349,1.23118e-06
0.000374209,1.23686e-06
0.000375072,1.24257e-06
0.000375937,1.24831e-06
0.000376804,1.25407e-06
0.000377673,1.25986e-06
0.000378543,1.26568e-06
0.000379416,1.27152e-06
0.000380291,1.27739e-06
0.000381168,1.28329e-06
0.000382047,1.28921e-06
0.000382928,1.29517e-06
0.00038381,1.30115e-06
0.000384695,1.30715e-06
0.000385582,1.31319e-06
0.000386471,1.31925e-06
0.000387363,1.32534e-06
0.000388256,1.33146e-06
0.000389151,1.33761e-06
0.000390048,1.34378e-06
0.000390947,1.34999e-06
0.000391849,1.35622e-06
0.000392752,1.36248e-06
0.000393658,1.36877e-06
0.000394566,1.37509e-06
0.000395475,1.38144e-06
0.000396387,1.38782e-06
0.000397301,1.39422e-06
0.000398217,1.40066e-06
0.000399135,1.40713e-06
0.000400056,1.41362e-06
0.000400978,1.42015e-06
0.000401903,1.4267e-06
0.000402829,1.43329e-06
0.000403758,1.43991e-06
0.000404689,1.44656e-06
0.000405622,1.45323e-06
0.000406557,1.45994e-06
0.000407495,1.46668e-06
0.000408434,1.47345e-06
0.000409376,1.48026e-06
0.00041032,1.48709e-06
0.000411266,1.49396e-06
0.000412214,1.50085e-06
0.000413165,1.50778e-06
0.000414117,1.51474e-06
0.000415072,1.52174e-06
0.000416029,1.52876e-06
0.000416988,1.53582e-06
0.00041795,1.54291e-06
0.000418914,1.55003e-06
0.000419879,1.55719e-06
0.000420848,1.56438e-06
0.000421818,1.5716e-06
0.000422791,1.57886e-06
0.000423765,1.58615e-06
0.000424742,1.59347e-06
0.000425722,1.60083e-06
0.000426703,1.60822e-06
0.000427687,1.61564e-06
0.000428673,1.6231e-06
0.000429662,1.63059e-06
0.000430652,1.63812e-06
0.000431645,1.64568e-06
0.000432641,1.65328e-06
0.000433638,1.66091e-06
0.000434638,1.66858e-06
0.00043564,1.67629e-06
0.000436645,1.68402e-06
0.000437651,1.6918e-06
0.00043866,1.69961e-06
0.000439672,1.70746e-06
0.000440686,1.71534e-06
0.000441702,1.72326e-06
0.00044272,1.73121e-06
0.000443741,1.73921e-06
0.000444764,1.74724e-06
0.000445789,1.7553e-06
0.000446817,1.76341e-06
0.000447848,1.77155e-06
0.00044888,1.77973e-06
0.000449915,1.78794e-06
0.000450953,1.7962e-06
0.000451992,1.80449e-06
0.000453034,1.81282e-06
0.000454079,1.82119e-06
0.000455126,1.8296e-06
0.000456175,1.83804e-06
0.000457227,1.84653e-06
0.000458281,1.85505e-06
0.000459338,1.86362e-06
0.000460397,1.87222e-06
0.000461459,1.88087e-06
0.000462523,1.88955e-06
0.000463589,1.89827e-06
0.000464658,1.90704e-06
0.000465729,1.91584e-06
0.000466803,1.92469e-06
0.00046788,1.93357e-06
0.000468958,1.9425e-06
0.00047004,1.95147e-06
0.000471123,1.96048e-06
0.00047221,1.96953e-06
0.000473298,1.97862e-06
0.00047439,1.98775e-06
0.000475483,1.99693e-06
0.00047658,2.00615e-06
0.000477679,2.01541e-06
0.00047878,2.02472e-06
0.000479884,2.03406e-06
0.00048099,2.04345e-06
0.000482099,2.05289e-06
0.000483211,2.06237e-06
0.000484325,2.07189e-06
0.000485442,2.08145e-06
0.000486561,2.09106e-06
0.000487683,2.10072e-06
0.000488807,2.11041e-06
0.000489935,2.12016e-06
0.000491064,2.12995e-06
0.000492196,2.13978e-06
0.000493331,2.14966e-06
0.000494469,2.15958e-06
0.000495609,2.16955e-06
0.000496752,2.17957e-06
0.000497897,2.18963e-06
0.000499045,2.19974e-06
0.000500196,2.2099e-06
0.000501349,2.2201e-06
0.000502505,2.23035e-06
0.000503663,2.24064e-06
0.000504825,2.25099e-06
0.000505989,2.26138e-06
0.000507155,2.27182e-06
0.000508325,2.28231e-06
0.000509497,2.29285e-06
0.000510672,2.30343e-06
0.000511849,2.31407e-06
0.000513029,2.32475e-06
0.000514212,2.33548e-06
0.000515398,2.34626e-06
0.000516586,2.3571e-06
0.000517777,2.36798e-06
0.000518971,2.37891e-06
0.000520168,2.38989e-06
0.000521367,2.40093e-06
0.000522569,2.41201e-06
0.000523774,2.42315e-06
0.000524982,2.43433e-06
0.000526192,2.44557e-06
0.000527405,2.45686e-06
0.000528621,2.46821e-06
0.00052984,2.4796e-06
0.000531062,2.49105e-06
0.000532286,2.50255e-06
0.000533514,2.5141e-06
0.000534744,2.52571e-06
0.000535977,2.53737e-06
0.000537212,2.54908e-06
0.000538451,2.56085e-06
0.000539693,2.57268e-06
0.000540937,2.58455e-06
0.000542184,2.59648e-06
0.000543434,2.60847e-06
0.000544687,2.62051e-06
0.000545943,2.63261e-06
0.000547202,2.64477e-06
0.000548464,2.65698e-06
0.000549728,2.66924e-06
0.000550996,2.68157e-06
0.000552266,2.69395e-06
0.00055354,2.70638e-06
0.000554816,2.71888e-06
0.000556095,2.73143e-06
0.000557377,2.74404e-06
0.000558662,2.75671e-06
0.00055995,2.76944e-06
0.000561242,2.78222e-06
0.000562536,2.79507e-06
0.000563833,2.80797e-06
0.000565133,2.82093e-06
0.000566436,2.83396e-06
0.000567742,2.84704e-06
0.000569051,2.86018e-06
0.000570363,2.87339e-06
0.000571678,2.88665e-06
0.000572996,2.89998e-06
0.000574317,2.91337e-06
0.000575641,2.92682e-06
0.000576969,2.94033e-06
0.000578299,2.95391e-06
0.000579632,2.96754e-06
0.000580969,2.98124e-06
0.000582308,2.99501e-06
0.000583651,3.00884e-06
0.000584997,3.02273e-06
0.000586346,3.03668e-06
0.000587697,3.0507e-06
0.000589053,3.06479e-06
0.000590411,3.07893e-06
0.000591772,3.09315e-06
0.000593136,3.10743e-06
0.000594504,3.12178e-06
0.000595875,3.13619e-06
0.000597249,3.15067e-06
0.000598626,3.16521e-06
0.000600006,3.17982e-06
0.000601389,3.19451e-06
0.000602776,3.20925e-06
0.000604166,3.22407e-06
0.000605559,3.23895e-06
0.000606955,3.25391e-06
0.000608355,3.26893e-06
0.000609757,3.28402e-06
0.000611163,3.29918e-06
0.000612572,3.31441e-06
0.000613985,3.32972e-06
0.0006154,3.34509e-06
0.000616819,3.36053e-06
0.000618242,3.37605e-06
0.000619667,3.39163e-06
0.000621096,3.40729e-06
0.000622528,3.42302e-06
0.000623963,3.43882e-06
0.000625402,3.4547e-06
0.000626844,3.47065e-06
0.000628289,3.48667e-06
0.000629738,3.50277e-06
0.00063119,3.51894e-06
0.000632645,3.53519e-06
0.000634104,3.55151e-06
0.000635566,3.5679e-06
0.000637031,3.58438e-06
0.0006385,3.60092e-06
0.000639972,3.61755e-06
0.000641448,3.63425e-06
0.000642927,3.65103e-06
0.000644409,3.66788e-06
0.000645895,3.68482e-06
0.000647384,3.70183e-06
0.000648877,3.71892e-06
0.000650373,3.73609e-06
0.000651873,3.75334e-06
0.000653376,3.77066e-06
0.000654882,3.78807e-06
0.000656392,3.80556e-06
0.000657906,3.82313e-06
0.000659423,3.84078e-06
0.000660943,3.85851e-06
0.000662467,3.87633e-06
0.000663994,3.89422e-06
0.000665525,3.9122e-06
0.00066706,3.93026e-06
0.000668598,3.94841e-06
0.00067014,3.96664e-06
0.000671685,3.98495e-06
0.000673233,4.00335e-06
0.000674786,4.02183e-06
0.000676341,4.0404e-06
0.000677901,4.05905e-06
0.000679464,4.07779e-06
0.000681031,4.09661e-06
0.000682601,4.11553e-06
0.000684175,4.13453e-06
0.000685752,4.15361e-06
0.000687333,4.17279e-06
0.000688918,4.19206e-06
0.000690507,4.21141e-06
0.000692099,4.23085e-06
0.000693694,4.25038e-06
0.000695294,4.27001e-06
0.000696897,4.28972e-06
0.000698504,4.30952e-06
0.000700114,4.32942e-06
0.000701729,4.34941e-06
0.000703347,4.36949e-06
0.000704968,4.38966e-06
0.000706594,4.40993e-06
0.000708223,4.43029e-06
0.000709856,4.45074e-06
0.000711493,4.47129e-06
0.000713133,4.49193e-06
0.000714777,4.51267e-06
0.000716425,4.5335e-06
0.000718077,4.55443e-06
0.000719733,4.57546e-06
0.000721393,4.59658e-06
0.000723056,4.6178e-06
0.000724723,4.63912e-06
0.000726394,4.66054e-06
0.000728069,4.68205e-06
0.000729748,4.70367e-06
0.00073143,4.72539e-06
0.000733117,4.7472e-06
0.000734807,4.76912e-06
0.000736501,4.79114e-06
0.000738199,4.81325e-06
0.000739901,4.83548e-06
0.000741607,4.8578e-06
0.000743317,4.88023e-06
0.000745031,4.90276e-06
0.000746749,4.92539e-06
0.000748471,4.94813e-06
0.000750197,4.97098e-06
0.000751926,4.99393e-06
0.00075366,5.01698e-06
0.000755398,5.04014e-06
0.000757139,5.06341e-06
0.000758885,5.08679e-06
0.000760635,5.11027e-06
0.000762389,5.13386e-06
0.000764147,5.15757e-06
0.000765908,5.18138e-06
0.000767674,5.2053e-06
0.000769444,5.22933e-06
0.000771218,5.25347e-06
0.000772997,5.27773e-06
0.000774779,5.30209e-06
0.000776565,5.32657e-06
0.000778356,5.35116e-06
0.000780151,5.37586e-06
0.000781949,5.40068e-06
0.000783752,5.42562e-06
0.000785559,5.45067e-06
0.000787371,5.47583e-06
0.000789186,5.50111e-06
0.000791006,5.52651e-06
0.00079283,5.55202e-06
0.000794658,5.57765e-06
0.00079649,5.6034e-06
0.000798326,5.62927e-06
0.000800167,5.65526e-06
0.000802012,5.68137e-06
0.000803861,5.7076e-06
0.000805715,5.73395e-06
0.000807572,5.76042e-06
0.000809434,5.78702e-06
0.000811301,5.81373e-06
0.000813171,5.84057e-06
0.000815046,5.86754e-06
0.000816925,5.89463e-06
0.000818809,5.92184e-06
0.000820697,5.94918e-06
0.000822589,5.97664e-06
0.000824486,6.00424e-06
0.000826387,6.03196e-06
0.000828292,6.0598e-06
0.000830202,6.08778e-06
0.000832116,6.11589e-06
0.000834035,6.14412e-06
0.000835958,6.17249e-06
0.000837885,6.20098e-06
0.000839817,6.22961e-06
0.000841754,6.25837e-06
0.000843695,6.28726e-06
0.00084564,6.31629e-06
0.00084759,6.34545e-06
0.000849544,6.37475e-06
0.000851503,6.40418e-06
0.000853466,6.43374e-06
0.000855434,6.46345e-06
0.000857406,6.49329e-06
0.000859383,6.52326e-06
0.000861365,6.55338e-06
0.000863351,6.58363e-06
0.000865341,6.61403e-06
0.000867337,6.64456e-06
0.000869336,6.67524e-06
0.000871341,6.70606e-06
0.00087335,6.73702e-06
0.000875364,6.76812e-06
0.000877382,6.79937e-06
0.000879405,6.83076e-06
0.000881432,6.86229e-06
0.000883465,6.89397e-06
0.000885502,6.9258e-06
0.000887543,6.95778e-06
0.00088959,6.9899e-06
0.000891641,7.02217e-06
0.000893697,7.05459e-06
0.000895757,7.08716e-06
0.000897823,7.11988e-06
0.000899893,7.15275e-06
0.000901968,7.18577e-06
0.000904047,7.21894e-06
0.000906132,7.25227e-06
0.000908221,7.28575e-06
0.000910315,7.31939e-06
0.000912414,7.35318e-06
0.000914518,7.38713e-06
0.000916627,7.42123e-06
0.00091874,7.45549e-06
0.000920858,7.48991e-06
0.000922982,7.52449e-06
0.00092511,7.55923e-06
0.000927243,7.59413e-06
0.000929381,7.62919e-06
0.000931524,7.66441e-06
0.000933671,7.69979e-06
0.000935824,7.73534e-06
0.000937982,7.77105e-06
0.000940145,7.80693e-06
0.000942312,7.84297e-06
0.000944485,7.87918e-06
0.000946663,7.91556e-06
0.000948845,7.9521e-06
0.000951033,7.98881e-06
0.000953226,8.02569e-06
0.000955424,8.06275e-06
0.000957627,8.09997e-06
0.000959835,8.13736e-06
0.000962048,8.17493e-06
0.000964266,8.21267e-06
0.000966489,8.25059e-06
0.000968718,8.28868e-06
0.000970951,8.32695e-06
0.00097319,8.36539e-06
0.000975434,8.40401e-06
0.000977683,8.44281e-06
0.000979937,8.48179e-06
0.000982197,8.52094e-06
0.000984461,8.56028e-06
0.000986731,8.5998e-06
0.000989006,8.6395e-06
0.000991287,8.67939e-06
0.000993572,8.71946e-06
0.000995863,8.75972e-06
0.000998159,8.80016e-06
0.00100046,8.84078e-06
0.00100277,8.8816e-06
0.00100508,8.9226e-06
0.0010074,8.9638e-06
0.00100972,9.00518e-06
0.00101205,9.04675e-06
0.00101438,9.08852e-06
0.00101672,9.13048e-06
0.00101906,9.17263e-06
0.00102141,9.21498e-06
0.00102377,9.25752e-06
0.00102613,9.30026e-06
0.0010285,9.3432e-06
0.00103087,9.38633e-06
0.00103324,9.42967e-06
0.00103563,9.4732e-06
0.00103801,9.51693e-06
0.00104041,9.56087e-06
0.00104281,9.60501e-06
0.00104521,9.64935e-06
0.00104762,9.6939e-06
0.00105004,9.73866e-06
0.00105246,9.78362e-06
0.00105488,9.82878e-06
0.00105732,9.87416e-06
0.00105975,9.91975e-06
0.0010622,9.96554e-06
0.00106465,1.00116e-05
0.0010671,1.00578e-05
0.00106956,1.01042e-05
0.00107203,1.01509e-05
0.0010745,1.01977e-05
0.00107698,1.02448e-05
0.00107946,1.02921e-05
0.00108195,1.03396e-05
0.00108444,1.03873e-05
0.00108694,1.04353e-05
0.00108945,1.04835e-05
0.00109196,1.05319e-05
0.00109448,1.05805e-05
0.001097,1.06293e-05
0.00109953,1.06784e-05
0.00110207,1.07277e-05
0.00110461,1.07772e-05
0.00110716,1.0827e-05
0.00110971,1.0877e-05
0.00111227,1.09272e-05
0.00111483,1.09776e-05
0.0011174,1.10283e-05
0.00111998,1.10792e-05
0.00112256,1.11304e-05
0.00112515,1.11818e-05
0.00112774,1.12334e-05
0.00113034,1.12853e-05
0.00113295,1.13374e-05
0.00113556,1.13897e-05
0.00113818,1.14423e-05
0.00114081,1.14951e-05
0.00114344,1.15482e-05
0.00114607,1.16015e-05
0.00114871,1.16551e-05
0.00115136,1.17089e-05
0.00115402,1.17629e-05
0.00115668,1.18172e-05
0.00115935,1.18718e-05
0.00116202,1.19266e-05
0.0011647,1.19816e-05
0.00116738,1.2037e-05
0.00117007,1.20925e-05
0.00117277,1.21484e-05
0.00117548,1.22044e-05
0.00117819,1.22608e-05
0.0011809,1.23174e-05
0.00118363,1.23743e-05
0.00118636,1.24314e-05
0.00118909,1.24888e-05
0.00119183,1.25464e-05
0.00119458,1.26044e-05
0.00119733,1.26626e-05
0.0012001,1.2721e-05
0.00120286,1.27797e-05
0.00120564,1.28387e-05
0.00120842,1.2898e-05
0.0012112,1.29576e-05
0.00121399,1.30174e-05
0.00121679,1.30775e-05
0.0012196,1.31378e-05
0.00122241,1.31985e-05
0.00122523,1.32594e-05
0.00122806,1.33207e-05
0.00123089,1.33821e-05
0.00123372,1.34439e-05
0.00123657,1.3506e-05
0.00123942,1.35683e-05
0.00124228,1.3631e-05
0.00124514,1.36939e-05
0.00124801,1.37571e-05
0.00125089,1.38207e-05
0.00125378,1.38845e-05
0.00125667,1.39486e-05
0.00125956,1.4013e-05
0.00126247,1.40776e-05
0.00126538,1.41426e-05
0.0012683,1.42079e-05
0.00127122,1.42735e-05
0.00127415,1.43394e-05
0.00127709,1.44056e-05
0.00128003,1.44721e-05
0.00128299,1.45389e-05
0.00128594,1.46061e-05
0.00128891,1.46735e-05
0.00129188,1.47412e-05
0.00129486,1.48093e-05
0.00129784,1.48777e-05
0.00130084,1.49463e-05
0.00130384,1.50154e-05
0.00130684,1.50847e-05
0.00130986,1.51543e-05
0.00131288,1.52243e-05
0.0013159,1.52946e-05
0.00131894,1.53652e-05
0.00132198,1.54361e-05
0.00132503,1.55074e-05
0.00132808,1.5579e-05
0.00133114,1.56509e-05
0.00133421,1.57231e-05
0.00133729,1.57957e-05
0.00134037,1.58687e-05
0.00134346,1.59419e-05
0.00134656,1.60155e-05
0.00134967,1.60895e-05
0.00135278,1.61637e-05
0.0013559,1.62384e-05
0.00135902,1.63133e-05
0.00136216,1.63886e-05
0.0013653,1.64643e-05
0.00136844,1.65403e-05
0.0013716,1.66167e-05
0.00137476,1.66934e-05
0.00137793,1.67704e-05
0.00138111,1.68479e-05
0.00138429,1.69257e-05
0.00138749,1.70038e-05
0.00139068,1.70823e-05
0.00139389,1.71612e-05
0.0013971,1.72404e-05
0.00140033,1.732e-05
0.00140356,1.73999e-05
0.00140679,1.74803e-05
0.00141003,1.7561e-05
0.00141329,1.7642e-05
0.00141654,1.77235e-05
0.00141981,1.78053e-05
0.00142308,1.78875e-05
0.00142637,1.79701e-05
0.00142965,1.80531e-05
0.00143295,1.81364e-05
0.00143625,1.82201e-05
0.00143957,1.83043e-05
0.00144289,1.83888e-05
0.00144621,1.84737e-05
0.00144955,1.85589e-05
0.00145289,1.86446e-05
0.00145624,1.87307e-05
0.0014596,1.88172e-05
0.00146296,1.8904e-05
0.00146634,1.89913e-05
0.00146972,1.9079e-05
0.0014731,1.91671e-05
0.0014765,1.92556e-05
0.00147991,1.93445e-05
0.00148332,1.94338e-05
0.00148674,1.95235e-05
0.00149017,1.96136e-05
0.0014936,1.97042e-05
0.00149705,1.97951e-05
0.0015005,1.98865e-05
0.00150396,1.99783e-05
0.00150742,2.00706e-05
0.0015109,2.01632e-05
0.00151438,2.02563e-05
0.00151788,2.03498e-05
0.00152138,2.04438e-05
0.00152488,2.05382e-05
0.0015284,2.0633e-05
0.00153192,2.07282e-05
0.00153546,2.08239e-05
0.001539,2.09201e-05
0.00154254,2.10166e-05
0.0015461,2.11137e-05
0.00154967,2.12111e-05
0.00155324,2.13091e-05
0.00155682,2.14074e-05
0.00156041,2.15063e-05
0.00156401,2.16056e-05
0.00156761,2.17053e-05
0.00157123,2.18055e-05
0.00157485,2.19062e-05
0.00157848,2.20073e-05
0.00158212,2.21089e-05
0.00158577,2.2211e-05
0.00158943,2.23135e-05
0.00159309,2.24165e-05
0.00159676,2.252e-05
0.00160045,2.2624e-05
0.00160414,2.27284e-05
0.00160783,2.28334e-05
0.00161154,2.29388e-05
0.00161526,2.30447e-05
0.00161898,2.31511e-05
0.00162271,2.3258e-05
0.00162646,2.33653e-05
0.00163021,2.34732e-05
0.00163396,2.35816e-05
0.00163773,2.36904e-05
0.00164151,2.37998e-05
0.00164529,2.39097e-05
0.00164909,2.40201e-05
0.00165289,2.4131e-05
0.0016567,2.42424e-05
0.00166052,2.43543e-05
0.00166435,2.44667e-05
0.00166819,2.45797e-05
0.00167203,2.46932e-05
0.00167589,2.48072e-05
0.00167975,2.49217e-05
0.00168362,2.50367e-05
0.00168751,2.51523e-05
0.0016914,2.52684e-05
0.0016953,2.53851e-05
0.00169921,2.55023e-05
0.00170312,2.562e-05
0.00170705,2.57383e-05
0.00171099,2.58571e-05
0.00171493,2.59765e-05
0.00171889,2.60964e-05
0.00172285,2.62169e-05
0.00172682,2.63379e-05
0.0017308,2.64595e-05
0.00173479,2.65817e-05
0.00173879,2.67044e-05
0.0017428,2.68277e-05
0.00174682,2.69515e-05
0.00175085,2.7076e-05
0.00175489,2.7201e-05
0.00175893,2.73265e-05
0.00176299,2.74527e-05
0.00176705,2.75794e-05
0.00177113,2.77068e-05
0.00177521,2.78347e-05
0.0017793,2.79632e-05
0.00178341,2.80923e-05
0.00178752,2.8222e-05
0.00179164,2.83523e-05
0.00179577,2.84832e-05
0.00179991,2.86147e-05
0.00180406,2.87468e-05
0.00180822,2.88795e-05
0.00181239,2.90128e-05
0.00181657,2.91467e-05
0.00182076,2.92813e-05
0.00182496,2.94165e-05
0.00182916,2.95523e-05
0.00183338,2.96887e-05
0.00183761,2.98258e-05
0.00184184,2.99635e-05
0.00184609,3.01018e-05
0.00185035,3.02408e-05
0.00185461,3.03804e-05
0.00185889,3.05206e-05
0.00186318,3.06615e-05
0.00186747,3.08031e-05
0.00187178,3.09453e-05
0.00187609,3.10882e-05
0.00188042,3.12317e-05
0.00188476,3.13759e-05
0.0018891,3.15207e-05
0.00189346,3.16663e-05
0.00189782,3.18124e-05
0.0019022,3.19593e-05
0.00190658,3.21069e-05
0.00191098,3.22551e-05
0.00191539,3.2404e-05
0.0019198,3.25536e-05
0.00192423,3.27039e-05
0.00192867,3.28549e-05
0.00193311,3.30065e-05
0.00193757,3.31589e-05
0.00194204,3.3312e-05
0.00194652,3.34658e-05
0.001951,3.36203e-05
0.0019555,3.37755e-05
0.00196001,3.39314e-05
0.00196453,3.40881e-05
0.00196906,3.42455e-05
0.0019736,3.44036e-05
0.00197815,3.45624e-05
0.00198271,3.47219e-05
0.00198728,3.48822e-05
0.00199186,3.50433e-05
0.00199646,3.52051e-05
0.00200106,3.53676e-05
0.00200567,3.55309e-05
0.0020103,3.56949e-05
0.00201493,3.58597e-05
0.00201958,3.60252e-05
0.00202424,3.61916e-05
0.0020289,3.63586e-05
0.00203358,3.65265e-05
0.00203827,3.66951e-05
0.00204297,3.68645e-05
0.00204768,3.70347e-05
0.0020524,3.72057e-05
0.00205713,3.73775e-05
0.00206188,3.755e-05
0.00206663,3.77234e-05
0.0020714,3.78975e-05
0.00207617,3.80725e-05
0.00208096,3.82483e-05
0.00208576,3.84248e-05
0.00209057,3.86022e-05
0.00209539,3.87804e-05
0.00210022,3.89595e-05
0.00210506,3.91393e-05
0.00210991,3.932e-05
0.00211478,3.95016e-05
0.00211966,3.96839e-05
0.00212454,3.98671e-05
0.00212944,4.00512e-05
0.00213435,4.02361e-05
0.00213927,4.04218e-05
0.0021442,4.06084e-05
0.00214915,4.07959e-05
0.0021541,4.09843e-05
0.00215907,4.11735e-05
0.00216405,4.13635e-05
0.00216904,4.15545e-05
0.00217404,4.17463e-05
0.00217905,4.19391e-05
0.00218408,4.21327e-05
0.00218911,4.23272e-05
0.00219416,4.25226e-05
0.00219922,4.27189e-05
0.00220429,4.29161e-05
0.00220937,4.31143e-05
0.00221447,4.33133e-05
0.00221957,4.35133e-05
0.00222469,4.37142e-05
0.00222982,4.3916e-05
0.00223496,4.41187e-05
0.00224011,4.43224e-05
0.00224528,4.4527e-05
0.00225046,4.47326e-05
0.00225564,4.49391e-05
0.00226085,4.51465e-05
0.00226606,4.5355e-05
0.00227128,4.55644e-05
0.00227652,4.57747e-05
0.00228177,4.5986e-05
0.00228703,4.61983e-05
0.0022923,4.64116e-05
0.00229759,4.66259e-05
0.00230289,4.68411e-05
0.0023082,4.70574e-05
0.00231352,4.72746e-05
0.00231885,4.74929e-05
0.0023242,4.77121e-05
0.00232956,4.79324e-05
0.00233493,4.81537e-05
0.00234031,4.8376e-05
0.00234571,4.85993e-05
0.00235112,4.88237e-05
0.00235654,4.90491e-05
0.00236197,4.92755e-05
0.00236742,4.9503e-05
0.00237288,4.97315e-05
0.00237835,4.99611e-05
0.00238383,5.01918e-05
0.00238933,5.04235e-05
0.00239484,5.06563e-05
0.00240036,5.08901e-05
0.00240589,5.11251e-05
0.00241144,5.13611e-05
0.002417,5.15982e-05
0.00242257,5.18364e-05
0.00242816,5.20757e-05
0.00243376,5.23162e-05
0.00243937,5.25577e-05
0.00244499,5.28003e-05
0.00245063,5.30441e-05
0.00245628,5.3289e-05
0.00246194,5.3535e-05
0.00246762,5.37821e-05
0.00247331,5.40304e-05
0.00247901,5.42798e-05
0.00248473,5.45304e-05
0.00249046,5.47822e-05
0.0024962,5.50351e-05
0.00250196,5.52892e-05
0.00250772,5.55444e-05
0.00251351,5.58008e-05
0.0025193,5.60584e-05
0.00252511,5.63172e-05
0.00253093,5.65772e-05
0.00253677,5.68384e-05
0.00254262,5.71008e-05
0.00254848,5.73644e-05
0.00255436,5.76293e-05
0.00256025,5.78953e-05
0.00256615,5.81626e-05
0.00257207,5.84311e-05
0.002578,5.87009e-05
0.00258394,5.89718e-05
0.0025899,5.92441e-05
0.00259587,5.95176e-05
0.00260185,5.97924e-05
0.00260785,6.00684e-05
0.00261387,6.03457e-05
0.00261989,6.06243e-05
0.00262593,6.09042e-05
0.00263199,6.11854e-05
0.00263806,6.14678e-05
0.00264414,6.17516e-05
0.00265024,6.20367e-05
0.00265635,6.23231e-05
0.00266247,6.26108e-05
0.00266861,6.28998e-05
0.00267476,6.31902e-05
0.00268093,6.34819e-05
0.00268711,6.3775e-05
0.00269331,6.40694e-05
0.00269952,6.43652e-05
0.00270574,6.46624e-05
0.00271198,6.49609e-05
0.00271823,6.52608e-05
0.0027245,6.5562e-05
0.00273078,6.58647e-05
0.00273708,6.61688e-05
0.00274339,6.64743e-05
0.00274972,6.67811e-05
0.00275606,6.70894e-05
0.00276241,6.73992e-05
0.00276878,6.77103e-05
0.00277516,6.80229e-05
0.00278156,6.83369e-05
0.00278798,6.86524e-05
0.0027944,6.89694e-05
0.00280085,6.92878e-05
0.00280731,6.96076e-05
0.00281378,6.9929e-05
0.00282027,7.02518e-05
0.00282677,7.05761e-05
0.00283329,7.09019e-05
0.00283982,7.12293e-05
0.00284637,7.15581e-05
0.00285293,7.18885e-05
0.00285951,7.22203e-05
0.0028661,7.25537e-05
0.00287271,7.28887e-05
0.00287933,7.32252e-05
0.00288597,7.35632e-05
0.00289263,7.39028e-05
0.0028993,7.4244e-05
0.00290598,7.45868e-05
0.00291268,7.49311e-05
0.0029194,7.5277e-05
0.00292613,7.56245e-05
0.00293287,7.59737e-05
0.00293964,7.63244e-05
0.00294641,7.66768e-05
0.00295321,7.70307e-05
0.00296002,7.73863e-05
0.00296684,7.77436e-05
0.00297368,7.81025e-05
0.00298054,7.84631e-05
0.00298741,7.88253e-05
0.0029943,7.91892e-05
0.0030012,7.95548e-05
0.00300812,7.9922e-05
0.00301506,8.0291e-05
0.00302201,8.06617e-05
0.00302898,8.10341e-05
0.00303596,8.14081e-05
0.00304296,8.1784e-05
0.00304998,8.21615e-05
0.00305701,8.25408e-05
0.00306406,8.29219e-05
0.00307112,8.33047e-05
0.00307821,8.36893e-05
0.0030853,8.40756e-05
0.00309242,8.44638e-05
0.00309955,8.48537e-05
0.00310669,8.52454e-05
0.00311386,8.5639e-05
0.00312104,8.60343e-05
0.00312823,8.64315e-05
0.00313545,8.68305e-05
0.00314267,8.72314e-05
0.00314992,8.76341e-05
0.00315718,8.80386e-05
0.00316446,8.84451e-05
0.00317176,8.88534e-05
0.00317907,8.92636e-05
0.0031864,8.96756e-05
0.00319375,9.00896e-05
0.00320111,9.05055e-05
0.00320849,9.09233e-05
0.00321589,9.13431e-05
0.00322331,9.17648e-05
0.00323074,9.21884e-05
0.00323819,9.2614e-05
0.00324565,9.30416e-05
0.00325314,9.34711e-05
0.00326064,9.39026e-05
0.00326816,9.43361e-05
0.00327569,9.47716e-05
0.00328324,9.52091e-05
0.00329081,9.56486e-05
0.0032984,9.60902e-05
0.00330601,9.65338e-05
0.00331363,9.69794e-05
0.00332127,9.74271e-05
0.00332893,9.78769e-05
0.0033366,9.83288e-05
0.0033443,9.87827e-05
0.00335201,9.92387e-05
0.00335974,9.96969e-05
0.00336748,0.000100157
0.00337525,0.000100619
0.00338303,0.000101084
0.00339083,0.000101551
0.00339865,0.000102019
0.00340648,0.00010249
0.00341434,0.000102964
0.00342221,0.000103439
0.0034301,0.000103916
0.00343801,0.000104396
0.00344594,0.000104878
0.00345388,0.000105362
0.00346185,0.000105849
0.00346983,0.000106337
0.00347783,0.000106828
0.00348585,0.000107321
0.00349389,0.000107817
0.00350194,0.000108315
0.00351002,0.000108815
0.00351811,0.000109317
0.00352622,0.000109822
0.00353435,0.000110329
0.0035425,0.000110838
0.00355067,0.00011135
0.00355885,0.000111864
0.00356706,0.00011238
0.00357528,0.000112899
0.00358353,0.00011342
0.00359179,0.000113944
0.00360007,0.00011447
0.00360837,0.000114998
0.00361669,0.000115529
0.00362503,0.000116062
0.00363339,0.000116598
0.00364177,0.000117136
0.00365016,0.000117677
0.00365858,0.00011822
0.00366702,0.000118766
0.00367547,0.000119314
0.00368395,0.000119865
0.00369244,0.000120419
0.00370095,0.000120974
0.00370949,0.000121533
0.00371804,0.000122094
0.00372661,0.000122658
0.00373521,0.000123224
0.00374382,0.000123793
0.00375245,0.000124364
0.0037611,0.000124938
0.00376977,0.000125515
0.00377847,0.000126095
0.00378718,0.000126677
0.00379591,0.000127261
0.00380466,0.000127849
0.00381343,0.000128439
0.00382223,0.000129032
0.00383104,0.000129628
0.00383987,0.000130226
0.00384873,0.000130827
0.0038576,0.000131431
0.0038665,0.000132038
0.00387541,0.000132648
0.00388435,0.00013326
0.0038933,0.000133875
0.00390228,0.000134493
0.00391128,0.000135114
0.00392029,0.000135738
0.00392933,0.000136364
0.00393839,0.000136994
0.00394747,0.000137626
0.00395658,0.000138262
0.0039657,0.0001389
0.00397484,0.000139541
0.00398401,0.000140185
0.00399319,0.000140832
0.0040024,0.000141483
0.00401163,0.000142136
0.00402088,0.000142792
0.00403015,0.000143451
0.00403944,0.000144113
0.00404875,0.000144779
0.00405809,0.000145447
0.00406745,0.000146118
0.00407682,0.000146793
0.00408622,0.00014747
0.00409565,0.000148151
0.00410509,0.000148835
0.00411455,0.000149522
0.00412404,0.000150213
0.00413355,0.000150906
0.00414308,0.000151603
0.00415263,0.000152302
0.00416221,0.000153006
0.00417181,0.000153712
0.00418142,0.000154421
0.00419107,0.000155134
0.00420073,0.00015585
0.00421041,0.00015657
0.00422012,0.000157293
0.00422985,0.000158019
0.00423961,0.000158748
0.00424938,0.000159481
0.00425918,0.000160217
0.004269,0.000160957
0.00427884,0.0001617
0.00428871,0.000162446
0.0042986,0.000163196
0.00430851,0.00016395
0.00431844,0.000164707
0.0043284,0.000165467
0.00433838,0.000166231
0.00434838,0.000166998
0.00435841,0.000167769
0.00436846,0.000168544
0.00437853,0.000169322
0.00438862,0.000170103
0.00439874,0.000170889
0.00440889,0.000171677
0.00441905,0.00017247
0.00442924,0.000173266
0.00443945,0.000174066
0.00444969,0.000174869
0.00445995,0.000175677
0.00447023,0.000176488
0.00448054,0.000177302
0.00449087,0.000178121
0.00450122,0.000178943
0.0045116,0.000179769
0.00452201,0.000180599
0.00453243,0.000181433
0.00454288,0.00018227
0.00455336,0.000183112
0.00456386,0.000183957
0.00457438,0.000184806
0.00458493,0.000185659
0.0045955,0.000186516
0.00460609,0.000187377
0.00461671,0.000188242
0.00462736,0.000189111
0.00463803,0.000189984
0.00464872,0.000190861
0.00465944,0.000191742
0.00467018,0.000192628
0.00468095,0.000193517
0.00469174,0.00019441
0.00470256,0.000195308
0.0047134,0.000196209
0.00472427,0.000197115
0.00473516,0.000198025
0.00474608,0.000198939
0.00475703,0.000199857
0.00476799,0.00020078
0.00477899,0.000201707
0.00479001,0.000202638
0.00480105,0.000203573
0.00481212,0.000204513
0.00482322,0.000205457
0.00483434,0.000206406
0.00484548,0.000207358
0.00485666,0.000208316
0.00486785,0.000209277
0.00487908,0.000210243
0.00489033,0.000211214
0.0049016,0.000212189
0.0049129,0.000213168
0.00492423,0.000214152
0.00493559,0.000215141
0.00494697,0.000216134
0.00495837,0.000217132
0.0049698,0.000218134
0.00498126,0.000219141
0.00499275,0.000220153
0.00500426,0.000221169
0.0050158,0.00022219
0.00502736,0.000223216
0.00503895,0.000224246
0.00505057,0.000225281
0.00506222,0.000226321
0.00507389,0.000227366
0.00508559,0.000228415
0.00509731,0.00022947
0.00510907,0.000230529
0.00512085,0.000231593
0.00513265,0.000232662
0.00514449,0.000233736
0.00515635,0.000234815
0.00516824,0.000235899
0.00518016,0.000236988
0.0051921,0.000238082
0.00520407,0.000239181
0.00521607,0.000240285
0.0052281,0.000241395
0.00524015,0.000242509
0.00525223,0.000243628
0.00526434,0.000244753
0.00527648,0.000245883
0.00528865,0.000247018
0.00530084,0.000248158
0.00531306,0.000249304
0.00532531,0.000250454
0.00533759,0.000251611
0.0053499,0.000252772
0.00536224,0.000253939
0.0053746,0.000255111
0.00538699,0.000256289
0.00539941,0.000257472
0.00541186,0.00025866
0.00542434,0.000259854
0.00543685,0.000261054
0.00544938,0.000262259
0.00546195,0.000263469
0.00547454,0.000264686
0.00548716,0.000265908
0.00549981,0.000267135
0.0055125,0.000268368
0.00552521,0.000269607
0.00553795,0.000270851
0.00555071,0.000272102
0.00556351,0.000273358
0.00557634,0.00027462
0.0055892,0.000275887
0.00560208,0.000277161
0.005615,0.00027844
0.00562795,0.000279725
0.00564092,0.000281017
0.00565393,0.000282314
0.00566697,0.000283617
0.00568003,0.000284926
0.00569313,0.000286241
0.00570626,0.000287563
0.00571941,0.00028889
0.0057326,0.000290224
0.00574582,0.000291563
0.00575907,0.000292909
0.00577234,0.000294261
0.00578565,0.00029562
0.00579899,0.000296984
0.00581236,0.000298355
0.00582577,0.000299732
0.0058392,0.000301116
0.00585266,0.000302506
0.00586616,0.000303902
0.00587968,0.000305305
0.00589324,0.000306714
0.00590683,0.00030813
0.00592045,0.000309553
0.0059341,0.000310981
0.00594778,0.000312417
0.00596149,0.000313859
0.00597524,0.000315308
0.00598902,0.000316763
0.00600282,0.000318225
0.00601667,0.000319694
0.00603054,0.00032117
0.00604444,0.000322653
0.00605838,0.000324142
0.00607235,0.000325638
0.00608635,0.000327141
0.00610038,0.000328651
0.00611445,0.000330168
0.00612855,0.000331692
0.00614268,0.000333223
0.00615684,0.000334762
0.00617104,0.000336307
0.00618526,0.000337859
0.00619953,0.000339419
0.00621382,0.000340985
0.00622815,0.000342559
0.00624251,0.000344141
0.0062569,0.000345729
0.00627133,0.000347325
0.00628579,0.000348928
0.00630028,0.000350539
0.00631481,0.000352157
0.00632937,0.000353782
0.00634396,0.000355415
0.00635859,0.000357056
0.00637325,0.000358704
0.00638794,0.00036036
0.00640267,0.000362023
0.00641743,0.000363694
0.00643223,0.000365373
0.00644706,0.00036706
0.00646193,0.000368754
0.00647683,0.000370456
0.00649176,0.000372166
0.00650673,0.000373884
0.00652173,0.00037561
0.00653677,0.000377343
0.00655184,0.000379085
0.00656695,0.000380835
0.00658209,0.000382593
0.00659726,0.000384359
0.00661248,0.000386133
0.00662772,0.000387915
0.006643,0.000389706
0.00665832,0.000391505
0.00667367,0.000393312
0.00668906,0.000395127
0.00670448,0.000396951
0.00671994,0.000398783
0.00673544,0.000400624
0.00675097,0.000402473
0.00676653,0.000404331
0.00678213,0.000406197
0.00679777,0.000408072
0.00681344,0.000409956
0.00682915,0.000411848
0.0068449,0.000413749
0.00686068,0.000415659
0.0068765,0.000417577
0.00689236,0.000419505
0.00690825,0.000421441
0.00692418,0.000423386
0.00694014,0.000425341
0.00695614,0.000427304
0.00697218,0.000429276
0.00698826,0.000431258
0.00700437,0.000433248
0.00702052,0.000435248
0.00703671,0.000437257
0.00705293,0.000439275
0.00706919,0.000441303
0.00708549,0.00044334
0.00710183,0.000445386
0.0071182,0.000447442
0.00713462,0.000449507
0.00715107,0.000451582
0.00716756,0.000453666
0.00718408,0.00045576
0.00720065,0.000457864
0.00721725,0.000459977
0.00723389,0.0004621
0.00725057,0.000464233
0.00726729,0.000466376
0.00728404,0.000468528
0.00730084,0.000470691
0.00731767,0.000472863
0.00733454,0.000475046
0.00735145,0.000477239
0.0073684,0.000479441
0.00738539,0.000481654
0.00740242,0.000483877
0.00741949,0.000486111
0.0074366,0.000488354
0.00745374,0.000490608
0.00747093,0.000492873
0.00748816,0.000495148
0.00750542,0.000497433
0.00752273,0.000499729
0.00754007,0.000502036
0.00755746,0.000504353
0.00757488,0.000506681
0.00759235,0.000509019
0.00760985,0.000511369
0.0076274,0.000513729
0.00764499,0.0005161
0.00766261,0.000518482
0.00768028,0.000520875
0.00769799,0.000523279
0.00771574,0.000525694
0.00773353,0.000528121
0.00775136,0.000530558
0.00776923,0.000533007
0.00778715,0.000535467
0.0078051,0.000537939
0.0078231,0.000540421
0.00784113,0.000542916
0.00785921,0.000545422
0.00787733,0.000547939
0.0078955,0.000550468
0.0079137,0.000553009
0.00793195,0.000555561
0.00795024,0.000558125
0.00796857,0.000560701
0.00798694,0.000563289
0.00800536,0.000565889
0.00802381,0.0005685
0.00804231,0.000571124
0.00806086,0.00057376
0.00807944,0.000576408
0.00809807,0.000579069
0.00811674,0.000581741
0.00813546,0.000584426
0.00815422,0.000587124
0.00817302,0.000589833
0.00819186,0.000592556
0.00821075,0.000595291
0.00822968,0.000598038
0.00824866,0.000600798
0.00826768,0.000603571
0.00828674,0.000606357
0.00830585,0.000609155
0.008325,0.000611967
0.00834419,0.000614791
0.00836343,0.000617629
0.00838271,0.000620479
0.00840204,0.000623343
0.00842142,0.00062622
0.00844083,0.00062911
0.00846029,0.000632013
0.0084798,0.00063493
0.00849935,0.000637861
0.00851895,0.000640804
0.00853859,0.000643762
0.00855828,0.000646733
0.00857801,0.000649718
0.00859779,0.000652716
0.00861761,0.000655729
0.00863748,0.000658755
0.0086574,0.000661795
0.00867736,0.00066485
0.00869737,0.000667918
0.00871742,0.000671001
0.00873752,0.000674097
0.00875767,0.000677209
0.00877786,0.000680334
0.0087981,0.000683474
0.00881839,0.000686628
0.00883872,0.000689797
0.0088591,0.00069298
0.00887952,0.000696179
0.0089,0.000699392
0.00892052,0.000702619
0.00894109,0.000705862
0.0089617,0.00070912
0.00898236,0.000712392
0.00900308,0.00071568
0.00902383,0.000718983
0.00904464,0.000722301
0.00906549,0.000725634
0.0090864,0.000728983
0.00910735,0.000732348
0.00912835,0.000735727
0.00914939,0.000739123
0.00917049,0.000742534
0.00919163,0.000745961
0.00921283,0.000749403
0.00923407,0.000752862
0.00925536,0.000756336
0.0092767,0.000759827
0.00929809,0.000763333
0.00931953,0.000766856
0.00934102,0.000770395
0.00936255,0.00077395
0.00938414,0.000777522
0.00940578,0.00078111
0.00942746,0.000784715
0.0094492,0.000788336
0.00947099,0.000791974
0.00949283,0.000795629
0.00951471,0.000799301
0.00953665,0.00080299
0.00955864,0.000806695
0.00958068,0.000810418
0.00960277,0.000814158
0.00962491,0.000817915
0.0096471,0.00082169
0.00966935,0.000825482
0.00969164,0.000829291
0.00971399,0.000833118
0.00973638,0.000836963
0.00975883,0.000840825
0.00978133,0.000844705
0.00980389,0.000848603
0.00982649,0.000852519
0.00984915,0.000856454
0.00987186,0.000860406
0.00989462,0.000864376
0.00991743,0.000868365
0.0099403,0.000872373
0.00996322,0.000876398
0.00998619,0.000880443
0.0100092,0.000884506
0.0100323,0.000888587
0.0100554,0.000892688
0.0100786,0.000896807
0.0101018,0.000900946
0.0101251,0.000905103
0.0101485,0.00090928
0.0101719,0.000913476
0.0101953,0.000917691
0.0102188,0.000921926
0.0102424,0.00092618
0.010266,0.000930454
0.0102897,0.000934748
0.0103134,0.000939061
0.0103372,0.000943395
0.010361,0.000947748
0.0103849,0.000952121
0.0104089,0.000956515
0.0104329,0.000960929
0.0104569,0.000965363
0.010481,0.000969817
0.0105052,0.000974293
0.0105294,0.000978789
0.0105537,0.000983305
0.010578,0.000987842
0.0106024,0.000992401
0.0106269,0.00099698
0.0106514,0.00100158
0.0106759,0.0010062
0.0107005,0.00101085
0.0107252,0.00101551
0.0107499,0.0010202
0.0107747,0.0010249
0.0107996,0.00102963
0.0108245,0.00103438
0.0108494,0.00103916
0.0108744,0.00104395
0.0108995,0.00104877
0.0109247,0.00105361
0.0109498,0.00105847
0.0109751,0.00106335
0.0110004,0.00106826
0.0110258,0.00107319
0.0110512,0.00107814
0.0110767,0.00108312
0.0111022,0.00108811
0.0111278,0.00109313
0.0111535,0.00109818
0.0111792,0.00110325
0.0112049,0.00110834
0.0112308,0.00111345
0.0112567,0.00111859
0.0112826,0.00112375
0.0113086,0.00112893
0.0113347,0.00113414
0.0113609,0.00113938
0.0113871,0.00114463
0.0114133,0.00114991
0.0114396,0.00115522
0.011466,0.00116055
0.0114924,0.00116591
0.0115189,0.00117129
0.0115455,0.00117669
0.0115721,0.00118212
0.0115988,0.00118757
0.0116255,0.00119305
0.0116523,0.00119856
0.0116792,0.00120409
0.0117061,0.00120964
0.0117331,0.00121522
0.0117602,0.00122083
0.0117873,0.00122646
0.0118145,0.00123212
0.0118417,0.00123781
0.011869,0.00124352
0.0118964,0.00124926
0.0119238,0.00125502
0.0119513,0.00126081
0.0119789,0.00126663
0.0120065,0.00127247
0.0120342,0.00127834
0.0120619,0.00128424
0.0120897,0.00129016
0.0121176,0.00129612
0.0121455,0.0013021
0.0121735,0.0013081
0.0122016,0.00131414
0.0122297,0.0013202
0.0122579,0.00132629
0.0122862,0.00133241
0.0123145,0.00133856
0.0123429,0.00134474
0.0123714,0.00135094
0.0123999,0.00135717
0.0124285,0.00136343
0.0124572,0.00136972
0.0124859,0.00137604
0.0125147,0.00138239
0.0125435,0.00138877
0.0125724,0.00139518
0.0126014,0.00140161
0.0126305,0.00140808
0.0126596,0.00141458
0.0126888,0.0014211
0.0127181,0.00142766
0.0127474,0.00143424
0.0127768,0.00144086
0.0128062,0.00144751
0.0128358,0.00145419
0.0128654,0.00146089
0.012895,0.00146763
0.0129248,0.0014744
0.0129546,0.00148121
0.0129844,0.00148804
0.0130144,0.0014949
0.0130444,0.0015018
0.0130744,0.00150873
0.0131046,0.00151569
0.0131348,0.00152268
0.0131651,0.00152971
0.0131954,0.00153676
0.0132259,0.00154385
0.0132564,0.00155097
0.0132869,0.00155813
0.0133176,0.00156532
0.0133483,0.00157254
0.0133791,0.00157979
0.0134099,0.00158708
0.0134408,0.0015944
0.0134718,0.00160176
0.0135029,0.00160914
0.013534,0.00161657
0.0135652,0.00162402
0.0135965,0.00163152
0.0136278,0.00163904
0.0136593,0.0016466
0.0136908,0.0016542
0.0137223,0.00166183
0.013754,0.00166949
0.0137857,0.0016772
0.0138175,0.00168493
0.0138493,0.0016927
0.0138812,0.00170051
0.0139133,0.00170836
0.0139453,0.00171624
0.0139775,0.00172415
0.0140097,0.00173211
0.014042,0.0017401
0.0140744,0.00174812
0.0141068,0.00175619
0.0141394,0.00176429
0.014172,0.00177242
0.0142046,0.0017806
0.0142374,0.00178881
0.0142702,0.00179706
0.0143031,0.00180535
0.0143361,0.00181368
0.0143692,0.00182205
0.0144023,0.00183045
0.0144355,0.00183889
0.0144688,0.00184738
0.0145021,0.0018559
0.0145356,0.00186446
0.0145691,0.00187306
0.0146027,0.0018817
0.0146364,0.00189037
0.0146701,0.00189909
0.0147039,0.00190785
0.0147378,0.00191665
0.0147718,0.00192549
0.0148059,0.00193437
0.01484,0.00194329
0.0148742,0.00195226
0.0149085,0.00196126
0.0149429,0.00197031
0.0149774,0.00197939
0.0150119,0.00198852
0.0150465,0.0019977
0.0150812,0.00200691
0.015116,0.00201616
0.0151508,0.00202546
0.0151858,0.0020348
0.0152208,0.00204419
0.0152559,0.00205362
0.015291,0.00206309
0.0153263,0.0020726
0.0153616,0.00208216
0.015397,0.00209176
0.0154325,0.00210141
0.0154681,0.0021111
0.0155038,0.00212084
0.0155395,0.00213062
0.0155754,0.00214045
0.0156113,0.00215032
0.0156473,0.00216023
0.0156834,0.0021702
0.0157195,0.0021802
0.0157558,0.00219026
0.0157921,0.00220036
0.0158285,0.00221051
0.015865,0.0022207
0.0159016,0.00223094
0.0159382,0.00224123
0.015975,0.00225156
0.0160118,0.00226195
0.0160487,0.00227238
0.0160857,0.00228286
0.0161228,0.00229338
0.01616,0.00230396
0.0161973,0.00231458
0.0162346,0.00232526
0.0162721,0.00233598
0.0163096,0.00234675
0.0163472,0.00235757
0.0163849,0.00236845
0.0164226,0.00237937
0.0164605,0.00239034
0.0164985,0.00240136
0.0165365,0.00241243
0.0165746,0.00242356
0.0166128,0.00243473
0.0166512,0.00244596
0.0166895,0.00245724
0.016728,0.00246857
0.0167666,0.00247995
0.0168053,0.00249139
0.016844,0.00250287
0.0168828,0.00251441
0.0169218,0.00252601
0.0169608,0.00253765
0.0169999,0.00254936
0.0170391,0.00256111
0.0170784,0.00257292
0.0171178,0.00258478
0.0171572,0.0025967
0.0171968,0.00260867
0.0172364,0.0026207
0.0172762,0.00263278
0.017316,0.00264492
0.0173559,0.00265712
0.0173959,0.00266937
0.0174361,0.00268167
0.0174763,0.00269404
0.0175166,0.00270646
0.0175569,0.00271894
0.0175974,0.00273147
0.017638,0.00274406
0.0176787,0.00275672
0.0177194,0.00276943
0.0177603,0.00278219
0.0178012,0.00279502
0.0178423,0.00280791
0.0178834,0.00282085
0.0179247,0.00283385
0.017966,0.00284692
0.0180074,0.00286004
0.0180489,0.00287323
0.0180905,0.00288647
0.0181322,0.00289978
0.0181741,0.00291315
0.018216,0.00292658
0.018258,0.00294007
0.0183001,0.00295362
0.0183423,0.00296724
0.0183845,0.00298092
0.0184269,0.00299466
0.0184694,0.00300846
0.018512,0.00302233
0.0185547,0.00303626
0.0185975,0.00305026
0.0186404,0.00306432
0.0186833,0.00307845
0.0187264,0.00309264
0.0187696,0.00310689
0.0188129,0.00312121
0.0188562,0.0031356
0.0188997,0.00315005
0.0189433,0.00316457
0.018987,0.00317916
0.0190307,0.00319381
0.0190746,0.00320854
0.0191186,0.00322332
0.0191627,0.00323818
0.0192069,0.00325311
0.0192512,0.0032681
0.0192955,0.00328316
0.01934,0.0032983
0.0193846,0.0033135
0.0194293,0.00332877
0.0194741,0.00334411
0.019519,0.00335953
0.019564,0.00337501
0.0196091,0.00339056
0.0196544,0.00340619
0.0196997,0.00342189
0.0197451,0.00343766
0.0197906,0.0034535
0.0198362,0.00346942
0.019882,0.00348541
0.0199278,0.00350147
0.0199738,0.00351761
0.0200198,0.00353382
0.020066,0.0035501
0.0201123,0.00356647
0.0201586,0.0035829
0.0202051,0.00359941
0.0202517,0.003616
0.0202984,0.00363266
0.0203452,0.0036494
0.0203921,0.00366622
0.0204391,0.00368312
0.0204862,0.00370009
0.0205335,0.00371714
0.0205808,0.00373427
0.0206283,0.00375148
0.0206758,0.00376876
0.0207235,0.00378613
0.0207713,0.00380357
0.0208192,0.0038211
0.0208672,0.00383871
0.0209153,0.0038564
0.0209635,0.00387417
0.0210119,0.00389202
0.0210603,0.00390995
0.0211089,0.00392797
0.0211575,0.00394606
0.0212063,0.00396425
0.0212552,0.00398251
0.0213042,0.00400086
0.0213533,0.00401929
0.0214026,0.00403781
0.0214519,0.00405642
0.0215014,0.0040751
0.021551,0.00409388
0.0216007,0.00411274
0.0216505,0.00413169
0.0217004,0.00415072
0.0217504,0.00416985
0.0218006,0.00418906
0.0218508,0.00420836
0.0219012,0.00422774
0.0219517,0.00424722
0.0220023,0.00426679
0.0220531,0.00428644
0.0221039,0.00430619
0.0221549,0.00432603
0.0222059,0.00434596
0.0222571,0.00436598
0.0223085,0.00438609
0.0223599,0.00440629
0.0224115,0.00442659
0.0224631,0.00444698
0.0225149,0.00446747
0.0225668,0.00448804
0.0226189,0.00450872
0.022671,0.00452949
0.0227233,0.00455035
0.0227757,0.00457131
0.0228282,0.00459236
0.0228808,0.00461352
0.0229336,0.00463477
0.0229865,0.00465611
0.0230395,0.00467756
0.0230926,0.0046991
0.0231458,0.00472075
0.0231992,0.00474249
0.0232527,0.00476433
0.0233063,0.00478628
0.02336,0.00480832
0.0234139,0.00483046
0.0234679,0.00485271
0.023522,0.00487506
0.0235762,0.00489751
0.0236306,0.00492007
0.0236851,0.00494272
0.0237397,0.00496549
0.0237944,0.00498835
0.0238493,0.00501133
0.0239043,0.0050344
0.0239594,0.00505759
0.0240146,0.00508088
0.02407,0.00510427
0.0241255,0.00512778
0.0241811,0.00515139
0.0242369,0.00517511
0.0242928,0.00519894
0.0243488,0.00522288
0.0244049,0.00524693
0.0244612,0.00527109
0.0245176,0.00529536
0.0245741,0.00531974
0.0246308,0.00534423
0.0246876,0.00536884
0.0247445,0.00539356
0.0248016,0.00541839
0.0248587,0.00544334
0.0249161,0.0054684
0.0249735,0.00549358
0.0250311,0.00551887
0.0250888,0.00554428
0.0251466,0.0055698
0.0252046,0.00559545
0.0252627,0.00562121
0.025321,0.00564708
0.0253794,0.00567308
0.0254379,0.0056992
0.0254965,0.00572543
0.0255553,0.00575179
0.0256143,0.00577827
0.0256733,0.00580487
0.0257325,0.00583159
0.0257918,0.00585843
0.0258513,0.0058854
0.0259109,0.00591249
0.0259707,0.0059397
0.0260305,0.00596704
0.0260906,0.00599451
0.0261507,0.0060221
0.026211,0.00604982
0.0262714,0.00607766
0.026332,0.00610564
0.0263927,0.00613374
0.0264536,0.00616197
0.0265146,0.00619033
0.0265757,0.00621882
0.026637,0.00624744
0.0266984,0.00627619
0.02676,0.00630507
0.0268217,0.00633409
0.0268835,0.00636324
0.0269455,0.00639252
0.0270076,0.00642194
0.0270699,0.00645149
0.0271323,0.00648118
0.0271949,0.006511
0.0272576,0.00654097
0.0273204,0.00657106
0.0273834,0.0066013
0.0274465,0.00663167
0.0275098,0.00666219
0.0275733,0.00669284
0.0276368,0.00672364
0.0277006,0.00675457
0.0277644,0.00678565
0.0278284,0.00681687
0.0278926,0.00684824
0.0279569,0.00687974
0.0280214,0.00691139
0.028086,0.00694319
0.0281507,0.00697513
0.0282157,0.00700722
0.0282807,0.00703946
0.0283459,0.00707184
0.0284113,0.00710438
0.0284768,0.00713706
0.0285424,0.00716989
0.0286083,0.00720287
0.0286742,0.007236
0.0287403,0.00726929
0.0288066,0.00730273
0.028873,0.00733632
0.0289396,0.00737006
0.0290063,0.00740396
0.0290732,0.00743801
0.0291402,0.00747222
0.0292074,0.00750659
0.0292748,0.00754112
0.0293423,0.0075758
0.0294099,0.00761064
0.0294777,0.00764564
0.0295457,0.0076808
0.0296138,0.00771613
0.0296821,0.00775161
0.0297505,0.00778726
0.0298191,0.00782307
0.0298879,0.00785904
0.0299568,0.00789518
0.0300259,0.00793149
0.0300951,0.00796796
0.0301645,0.0080046
0.030234,0.0080414
0.0303037,0.00807838
0.0303736,0.00811552
0.0304436,0.00815284
0.0305138,0.00819032
0.0305842,0.00822798
0.0306547,0.00826581
0.0307254,0.00830381
0.0307962,0.00834198
0.0308672,0.00838033
0.0309384,0.00841886
0.0310098,0.00845756
0.0310813,0.00849644
0.0311529,0.0085355
0.0312247,0.00857474
0.0312967,0.00861415
0.0313689,0.00865375
0.0314412,0.00869353
0.0315137,0.00873349
0.0315864,0.00877363
0.0316592,0.00881396
0.0317322,0.00885447
0.0318054,0.00889516
0.0318787,0.00893604
0.0319522,0.00897711
0.0320259,0.00901837
0.0320997,0.00905982
0.0321737,0.00910145
0.0322479,0.00914328
0.0323223,0.0091853
0.0323968,0.00922751
0.0324715,0.00926991
0.0325464,0.0093125
0.0326214,0.0093553
0.0326966,0.00939828
0.032772,0.00944147
0.0328476,0.00948485
0.0329233,0.00952843
0.0329992,0.00957221
0.0330753,0.00961618
0.0331516,0.00966036
0.033228,0.00970475
0.0333046,0.00974933
0.0333814,0.00979412
0.0334584,0.00983911
0.0335355,0.00988431
0.0336128,0.00992972
0.0336903,0.00997533
0.033768,0.0100212
0.0338459,0.0100672
0.0339239,0.0101134
0.0340021,0.0101599
0.0340805,0.0102065
0.0341591,0.0102534
0.0342379,0.0103005
0.0343168,0.0103478
0.0343959,0.0103953
0.0344753,0.0104431
0.0345547,0.010491
0.0346344,0.0105392
0.0347143,0.0105876
0.0347943,0.0106362
0.0348745,0.0106851
0.034955,0.0107341
0.0350355,0.0107834
0.0351163,0.0108329
0.0351973,0.0108827
0.0352785,0.0109327
0.0353598,0.0109828
0.0354413,0.0110333
0.035523,0.0110839
0.0356049,0.0111348
0.035687,0.0111859
0.0357693,0.0112373
0.0358518,0.0112889
0.0359345,0.0113407
0.0360173,0.0113927
0.0361004,0.011445
0.0361836,0.0114976
0.036267,0.0115503
0.0363506,0.0116034
0.0364345,0.0116566
0.0365185,0.0117101
0.0366027,0.0117639
0.0366871,0.0118178
0.0367716,0.0118721
0.0368564,0.0119266
0.0369414,0.0119813
0.0370266,0.0120363
0.037112,0.0120915
0.0371975,0.012147
0.0372833,0.0122027
0.0373693,0.0122587
0.0374554,0.0123149
0.0375418,0.0123715
0.0376283,0.0124282
0.0377151,0.0124852
0.0378021,0.0125425
0.0378892,0.0126
0.0379766,0.0126578
0.0380641,0.0127159
0.0381519,0.0127742
0.0382399,0.0128328
0.038328,0.0128917
0.0384164,0.0129508
0.038505,0.0130102
0.0385938,0.0130699
0.0386828,0.0131298
0.038772,0.0131901
0.0388614,0.0132505
0.038951,0.0133113
0.0390408,0.0133723
0.0391308,0.0134337
0.039221,0.0134953
0.0393114,0.0135571
0.0394021,0.0136193
0.0394929,0.0136817
0.039584,0.0137445
0.0396753,0.0138075
0.0397667,0.0138708
0.0398584,0.0139344
0.0399503,0.0139983
0.0400424,0.0140624
0.0401348,0.0141269
0.0402273,0.0141916
0.0403201,0.0142567
0.040413,0.014322
0.0405062,0.0143877
0.0405996,0.0144536
0.0406932,0.0145199
0.040787,0.0145864
0.0408811,0.0146533
0.0409753,0.0147204
0.0410698,0.0147879
0.0411645,0.0148556
0.0412594,0.0149237
0.0413546,0.0149921
0.0414499,0.0150608
0.0415455,0.0151298
0.0416413,0.0151991
0.0417373,0.0152687
0.0418335,0.0153387
0.04193,0.0154089
0.0420266,0.0154795
0.0421235,0.0155504
0.0422207,0.0156216
0.042318,0.0156932
0.0424156,0.0157651
0.0425134,0.0158373
0.0426114,0.0159098
0.0427097,0.0159827
0.0428081,0.0160559
0.0429068,0.0161294
0.0430058,0.0162032
0.0431049,0.0162774
0.0432043,0.016352
0.0433039,0.0164268
0.0434038,0.016502
0.0435039,0.0165776
0.0436042,0.0166535
0.0437047,0.0167297
0.0438055,0.0168063
0.0439065,0.0168832
0.0440077,0.0169605
0.0441092,0.0170381
0.0442109,0.0171161
0.0443128,0.0171945
0.044415,0.0172732
0.0445174,0.0173522
0.04462,0.0174316
0.0447229,0.0175114
0.044826,0.0175915
0.0449294,0.017672
0.045033,0.0177529
0.0451368,0.0178341
0.0452409,0.0179157
0.0453452,0.0179976
0.0454498,0.01808
0.0455545,0.0181627
0.0456596,0.0182458
0.0457649,0.0183292
0.0458704,0.0184131
0.0459761,0.0184973
0.0460821,0.0185819
0.0461884,0.0186668
0.0462949,0.0187522
0.0464016,0.018838
0.0465086,0.0189241
0.0466159,0.0190106
0.0467233,0.0190976
0.0468311,0.0191849
0.0469391,0.0192726
0.0470473,0.0193607
0.0471558,0.0194492
0.0472645,0.0195381
0.0473735,0.0196274
0.0474827,0.0197171
0.0475922,0.0198073
0.0477019,0.0198978
0.0478119,0.0199887
0.0479221,0.0200801
0.0480326,0.0201718
0.0481434,0.020264
0.0482544,0.0203566
0.0483656,0.0204496
0.0484772,0.0205431
0.0485889,0.0206369
0.048701,0.0207312
0.0488132,0.0208259
0.0489258,0.020921
0.0490386,0.0210166
0.0491517,0.0211126
0.049265,0.021209
0.0493786,0.0213059
0.0494924,0.0214032
0.0496066,0.0215009
0.0497209,0.0215991
0.0498356,0.0216977
0.0499505,0.0217968
0.0500657,0.0218963
0.0501811,0.0219963
0.0502968,0.0220967
0.0504128,0.0221976
0.050529,0.0222989
0.0506455,0.0224007
0.0507623,0.0225029
0.0508793,0.0226056
0.0509966,0.0227088
0.0511142,0.0228125
0.0512321,0.0229166
0.0513502,0.0230211
0.0514686,0.0231262
0.0515873,0.0232317
0.0517062,0.0233377
0.0518254,0.0234441
0.0519449,0.0235511
0.0520647,0.0236585
0.0521847,0.0237664
0.0523051,0.0238748
0.0524257,0.0239837
0.0525465,0.0240931
0.0526677,0.024203
0.0527891,0.0243134
0.0529108,0.0244242
0.0530328,0.0245356
0.0531551,0.0246475
0.0532777,0.0247598
0.0534005,0.0248727
0.0535236,0.0249861
0.0536471,0.0251
0.0537708,0.0252144
0.0538947,0.0253293
0.054019,0.0254447
0.0541435,0.0255607
0.0542684,0.0256772
0.0543935,0.0257942
0.0545189,0.0259117
0.0546446,0.0260298
0.0547706,0.0261483
0.0548969,0.0262675
0.0550235,0.0263871
0.0551504,0.0265073
0.0552775,0.026628
0.055405,0.0267493
0.0555327,0.0268711
0.0556608,0.0269935
0.0557891,0.0271164
0.0559177,0.0272399
0.0560467,0.0273639
0.0561759,0.0274885
0.0563054,0.0276136
0.0564352,0.0277393
0.0565654,0.0278656
0.0566958,0.0279924
0.0568265,0.0281198
0.0569575,0.0282478
0.0570889,0.0283763
0.0572205,0.0285054
0.0573524,0.0286351
0.0574847,0.0287654
0.0576172,0.0288963
0.05775,0.0290277
0.0578832,0.0291598
0.0580167,0.0292924
0.0581504,0.0294256
0.0582845,0.0295594
0.0584189,0.0296939
0.0585536,0.0298289
0.0586886,0.0299645
0.0588239,0.0301007
0.0589595,0.0302376
0.0590955,0.030375
0.0592317,0.0305131
0.0593683,0.0306518
0.0595052,0.0307911
0.0596424,0.030931
0.0597799,0.0310716
0.0599178,0.0312128
0.0600559,0.0313546
0.0601944,0.031497
0.0603332,0.0316401
0.0604723,0.0317839
0.0606117,0.0319282
0.0607515,0.0320732
0.0608915,0.0322189
0.0610319,0.0323652
0.0611727,0.0325122
0.0613137,0.0326598
0.0614551,0.0328081
0.0615968,0.032957
0.0617388,0.0331066
0.0618811,0.0332569
0.0620238,0.0334078
0.0621668,0.0335594
0.0623102,0.0337117
0.0624538,0.0338647
0.0625978,0.0340184
0.0627422,0.0341727
0.0628868,0.0343277
0.0630318,0.0344834
0.0631772,0.0346398
0.0633228,0.034797
0.0634688,0.0349548
0.0636152,0.0351133
0.0637619,0.0352725
0.0639089,0.0354324
0.0640562,0.035593
0.0642039,0.0357544
0.064352,0.0359164
0.0645003,0.0360792
0.064649,0.0362427
0.0647981,0.036407
0.0649475,0.036572
0.0650973,0.0367377
0.0652474,0.0369041
0.0653978,0.0370713
0.0655486,0.0372392
0.0656997,0.0374078
0.0658512,0.0375773
0.066003,0.0377474
0.0661552,0.0379183
0.0663078,0.03809
0.0664606,0.0382625
0.0666139,0.0384357
0.0667675,0.0386096
0.0669214,0.0387844
0.0670757,0.0389599
0.0672304,0.0391362
0.0673854,0.0393133
0.0675408,0.0394912
0.0676965,0.0396698
0.0678526,0.0398493
0.068009,0.0400295
0.0681658,0.0402105
0.068323,0.0403924
0.0684805,0.040575
0.0686384,0.0407585
0.0687967,0.0409427
0.0689553,0.0411278
0.0691143,0.0413137
0.0692737,0.0415004
0.0694334,0.041688
0.0695935,0.0418763
0.0697539,0.0420655
0.0699148,0.0422556
0.070076,0.0424465
0.0702375,0.0426382
0.0703995,0.0428307
0.0705618,0.0430242
0.0707245,0.0432184
0.0708876,0.0434136
0.071051,0.0436096
0.0712148,0.0438064
0.071379,0.0440041
0.0715436,0.0442027
0.0717086,0.0444022
0.0718739,0.0446025
0.0720396,0.0448038
0.0722057,0.0450059
0.0723722,0.0452089
0.0725391,0.0454128
0.0727063,0.0456176
0.072874,0.0458233
0.073042,0.0460299
0.0732104,0.0462374
0.0733792,0.0464459
0.0735484,0.0466552
0.073718,0.0468655
0.073888,0.0470766
0.0740583,0.0472888
0.0742291,0.0475018
0.0744002,0.0477158
0.0745718,0.0479307
0.0747437,0.0481466
0.0749161,0.0483634
0.0750888,0.0485812
0.0752619,0.0487999
0.0754355,0.0490196
0.0756094,0.0492402
0.0757837,0.0494618
0.0759585,0.0496844
0.0761336,0.0499079
0.0763091,0.0501325
0.0764851,0.050358
0.0766614,0.0505845
0.0768382,0.050812
0.0770154,0.0510405
0.0771929,0.05127
0.0773709,0.0515005
0.0775493,0.051732
0.0777281,0.0519645
0.0779073,0.052198
0.078087,0.0524325
0.078267,0.0526681
0.0784475,0.0529047
0.0786283,0.0531424
0.0788096,0.053381
0.0789913,0.0536207
0.0791735,0.0538615
0.079356,0.0541033
0.079539,0.0543462
0.0797224,0.0545901
0.0799062,0.0548351
0.0800904,0.0550811
0.0802751,0.0553282
0.0804602,0.0555764
0.0806457,0.0558257
0.0808317,0.0560761
0.081018,0.0563275
0.0812048,0.0565801
0.0813921,0.0568337
0.0815797,0.0570885
0.0817678,0.0573443
0.0819564,0.0576013
0.0821453,0.0578594
0.0823347,0.0581186
0.0825246,0.0583789
0.0827149,0.0586403
0.0829056,0.0589029
0.0830967,0.0591667
0.0832883,0.0594315
0.0834804,0.0596975
0.0836728,0.0599647
0.0838658,0.060233
0.0840591,0.0605025
0.084253,0.0607732
0.0844472,0.061045
0.0846419,0.061318
0.0848371,0.0615922
0.0850327,0.0618675
0.0852287,0.0621441
0.0854253,0.0624219
0.0856222,0.0627008
0.0858196,0.062981
0.0860175,0.0632623
0.0862159,0.0635449
0.0864146,0.0638287
0.0866139,0.0641137
0.0868136,0.0644
0.0870138,0.0646874
0.0872144,0.0649762
0.0874155,0.0652661
0.087617,0.0655573
0.087819,0.0658498
0.0880215,0.0661435
0.0882245,0.0664385
0.0884279,0.0667348
0.0886318,0.0670323
0.0888361,0.0673311
0.089041,0.0676312
0.0892463,0.0679325
0.0894521,0.0682352
0.0896583,0.0685392
0.089865,0.0688444
0.0900722,0.069151
0.0902799,0.0694589
0.0904881,0.0697681
0.0906967,0.0700787
0.0909058,0.0703905
0.0911154,0.0707037
0.0913255,0.0710183
0.0915361,0.0713341
0.0917471,0.0716514
0.0919587,0.07197
0.0921707,0.0722899
0.0923832,0.0726112
0.0925962,0.0729339
0.0928097,0.073258
0.0930237,0.0735834
0.0932382,0.0739103
0.0934532,0.0742385
0.0936687,0.0745681
0.0938846,0.0748991
0.0941011,0.0752316
0.0943181,0.0755654
0.0945355,0.0759007
0.0947535,0.0762374
0.094972,0.0765755
0.095191,0.0769151
0.0954104,0.0772561
0.0956304,0.0775985
0.0958509,0.0779424
0.0960719,0.0782878
0.0962934,0.0786346
0.0965155,0.0789829
0.096738,0.0793327
0.0969611,0.0796839
0.0971846,0.0800367
0.0974087,0.0803909
0.0976333,0.0807466
0.0978584,0.0811039
0.098084,0.0814626
0.0983102,0.0818229
0.0985369,0.0821847
0.0987641,0.082548
0.0989918,0.0829128
0.09922,0.0832792
0.0994488,0.0836471
0.0996781,0.0840166
0.0999079,0.0843876
0.100138,0.0847602
0.100369,0.0851343
0.100601,0.0855101
0.100833,0.0858874
0.101065,0.0862663
0.101298,0.0866467
0.101532,0.0870288
0.101766,0.0874125
0.102,0.0877978
0.102236,0.0881847
0.102471,0.0885732
0.102708,0.0889634
0.102944,0.0893552
0.103182,0.0897486
0.10342,0.0901437
0.103658,0.0905404
0.103897,0.0909388
0.104137,0.0913388
0.104377,0.0917405
0.104617,0.0921439
0.104859,0.092549
0.1051,0.0929557
0.105343,0.0933642
0.105586,0.0937744
0.105829,0.0941862
0.106073,0.0945998
0.106318,0.0950151
0.106563,0.0954321
0.106808,0.0958508
0.107055,0.0962713
0.107302,0.0966936
0.107549,0.0971175
0.107797,0.0975433
0.108046,0.0979708
0.108295,0.0984
0.108544,0.0988311
0.108795,0.0992639
0.109045,0.0996985
0.109297,0.100135
0.109549,0.100573
0.109801,0.101013
0.110055,0.101455
0.110308,0.101899
0.110563,0.102344
0.110818,0.102791
0.111073,0.103241
0.111329,0.103692
0.111586,0.104145
0.111843,0.104599
0.112101,0.105056
0.11236,0.105514
0.112619,0.105975
0.112878,0.106437
0.113139,0.106901
0.113399,0.107367
0.113661,0.107835
0.113923,0.108305
0.114186,0.108777
0.114449,0.10925
0.114713,0.109726
0.114977,0.110203
0.115242,0.110683
0.115508,0.111164
0.115774,0.111648
0.116041,0.112133
0.116309,0.112621
0.116577,0.11311
0.116846,0.113601
0.117115,0.114095
0.117385,0.11459
0.117656,0.115087
0.117927,0.115587
0.118199,0.116088
0.118472,0.116591
0.118745,0.117097
0.119019,0.117604
0.119293,0.118114
0.119568,0.118625
0.119844,0.119139
0.12012,0.119655
0.120397,0.120172
0.120675,0.120692
0.120953,0.121214
0.121232,0.121738
0.121511,0.122265
0.121792,0.122793
0.122072,0.123323
0.122354,0.123856
0.122636,0.12439
0.122919,0.124927
0.123202,0.125466
0.123486,0.126007
0.123771,0.12655
0.124056,0.127096
0.124342,0.127643
0.124629,0.128193
0.124916,0.128745
0.125204,0.129299
0.125493,0.129856
0.125782,0.130414
0.126072,0.130975
0.126363,0.131538
0.126654,0.132103
0.126946,0.132671
0.127239,0.133241
0.127533,0.133813
0.127827,0.134387
0.128121,0.134963
0.128417,0.135542
0.128713,0.136123
0.12901,0.136707
0.129307,0.137292
0.129605,0.13788
0.129904,0.13847
0.130204,0.139063
0.130504,0.139658
0.130805,0.140255
0.131106,0.140855
0.131409,0.141457
0.131712,0.142061
0.132015,0.142668
0.13232,0.143277
0.132625,0.143888
0.132931,0.144502
0.133237,0.145118
0.133544,0.145737
0.133852,0.146358
0.134161,0.146981
0.13447,0.147607
0.13478,0.148235
0.135091,0.148866
0.135402,0.149499
0.135715,0.150134
0.136028,0.150772
0.136341,0.151413
0.136656,0.152056
0.136971,0.152701
0.137286,0.153349
0.137603,0.153999
0.13792,0.154652
0.138238,0.155308
0.138557,0.155966
0.138876,0.156626
0.139197,0.157289
0.139518,0.157955
0.139839,0.158623
0.140162,0.159293
0.140485,0.159966
0.140809,0.160642
0.141133,0.16132
0.141459,0.162001
0.141785,0.162685
0.142112,0.163371
0.14244,0.164059
0.142768,0.164751
0.143097,0.165444
0.143427,0.166141
0.143758,0.16684
0.144089,0.167542
0.144422,0.168246
0.144755,0.168953
0.145088,0.169663
0.145423,0.170375
0.145758,0.17109
0.146094,0.171808
0.146431,0.172529
0.146769,0.173252
0.147107,0.173978
0.147446,0.174706
0.147786,0.175437
0.148127,0.176171
0.148469,0.176908
0.148811,0.177647
0.149154,0.17839
0.149498,0.179135
0.149843,0.179882
0.150188,0.180633
0.150534,0.181386
0.150881,0.182142
0.151229,0.182901
0.151578,0.183662
0.151927,0.184427
0.152278,0.185194
0.152629,0.185964
0.152981,0.186737
0.153334,0.187512
0.153687,0.188291
0.154041,0.189072
0.154397,0.189856
0.154753,0.190643
0.155109,0.191433
0.155467,0.192226
0.155825,0.193022
0.156185,0.19382
0.156545,0.194622
0.156906,0.195426
0.157268,0.196233
0.15763,0.197043
0.157994,0.197856
0.158358,0.198672
0.158723,0.199491
0.159089,0.200313
0.159456,0.201138
0.159824,0.201966
0.160192,0.202796
0.160561,0.20363
0.160932,0.204467
0.161303,0.205306
0.161675,0.206149
0.162047,0.206995
0.162421,0.207843
0.162795,0.208695
0.163171,0.209549
0.163547,0.210407
0.163924,0.211268
0.164302,0.212131
0.164681,0.212998
0.165061,0.213868
0.165441,0.21474
0.165823,0.215616
0.166205,0.216495
0.166588,0.217377
0.166972,0.218262
0.167357,0.21915
0.167743,0.220041
0.16813,0.220936
0.168518,0.221833
0.168906,0.222734
0.169296,0.223637
0.169686,0.224544
0.170077,0.225454
0.170469,0.226367
0.170862,0.227283
0.171256,0.228202
0.171651,0.229124
0.172047,0.23005
0.172444,0.230978
0.172841,0.23191
0.17324,0.232845
0.173639,0.233783
0.17404,0.234725
0.174441,0.235669
0.174843,0.236617
0.175246,0.237568
0.17565,0.238522
0.176055,0.239479
0.176461,0.240439
0.176868,0.241403
0.177276,0.24237
0.177685,0.24334
0.178094,0.244314
0.178505,0.24529
0.178917,0.24627
0.179329,0.247253
0.179743,0.248239
0.180157,0.249229
0.180572,0.250222
0.180989,0.251218
0.181406,0.252217
0.181824,0.25322
0.182244,0.254226
0.182664,0.255235
0.183085,0.256247
0.183507,0.257263
0.18393,0.258282
0.184354,0.259304
0.184779,0.26033
0.185205,0.261359
0.185632,0.262391
0.18606,0.263427
0.186489,0.264466
0.186919,0.265508
0.18735,0.266553
0.187782,0.267602
0.188215,0.268654
0.188649,0.26971
0.189084,0.270769
0.18952,0.271831
0.189957,0.272896
0.190395,0.273965
0.190834,0.275038
0.191274,0.276113
0.191715,0.277192
0.192157,0.278274
0.1926,0.27936
0.193044,0.280449
0.193489,0.281541
0.193936,0.282637
0.194383,0.283736
0.194831,0.284839
0.19528,0.285945
0.19573,0.287054
0.196182,0.288167
0.196634,0.289283
0.197087,0.290402
0.197542,0.291525
0.197997,0.292651
0.198454,0.293781
0.198911,0.294914
0.19937,0.29605
0.19983,0.29719
0.20029,0.298334
0.200752,0.29948
0.201215,0.30063
0.201679,0.301784
0.202144,0.30294
0.20261,0.304101
0.203077,0.305264
0.203546,0.306432
0.204015,0.307602
0.204485,0.308776
0.204957,0.309953
0.205429,0.311134
0.205903,0.312318
0.206378,0.313506
0.206854,0.314697
0.207331,0.315891
0.207809,0.317089
0.208288,0.31829
0.208768,0.319495
0.209249,0.320703
0.209732,0.321914
0.210215,0.323129
0.2107,0.324348
0.211186,0.325569
0.211673,0.326794
0.212161,0.328023
0.21265,0.329255
0.21314,0.33049
0.213632,0.331729
0.214124,0.332971
0.214618,0.334217
0.215113,0.335466
0.215609,0.336718
0.216106,0.337974
0.216604,0.339233
0.217104,0.340496
0.217604,0.341762
0.218106,0.343032
0.218609,0.344304
0.219113,0.345581
0.219618,0.34686
0.220125,0.348143
0.220632,0.34943
0.221141,0.350719
0.221651,0.352012
0.222162,0.353309
0.222674,0.354609
0.223187,0.355912
0.223702,0.357219
0.224218,0.358529
0.224735,0.359842
0.225253,0.361159
0.225772,0.362479
0.226293,0.363802
0.226815,0.365129
0.227338,0.366459
0.227862,0.367792
0.228387,0.369129
0.228914,0.370469
0.229442,0.371812
0.229971,0.373159
0.230501,0.374509
0.231032,0.375862
0.231565,0.377219
0.232099,0.378578
0.232634,0.379942
0.23317,0.381308
0.233708,0.382678
0.234247,0.384051
0.234787,0.385427
0.235328,0.386806
0.235871,0.388189
0.236415,0.389575
0.23696,0.390964
0.237506,0.392357
0.238054,0.393752
0.238603,0.395151
0.239153,0.396553
0.239704,0.397959
0.240257,0.399367
0.240811,0.400779
0.241366,0.402194
0.241923,0.403611
0.242481,0.405033
0.24304,0.406457
0.2436,0.407884
0.244162,0.409315
0.244725,0.410749
0.245289,0.412185
0.245854,0.413625
0.246421,0.415068
0.24699,0.416514
0.247559,0.417963
0.24813,0.419416
0.248702,0.420871
0.249275,0.422329
0.24985,0.42379
0.250426,0.425255
0.251004,0.426722
0.251582,0.428193
0.252162,0.429666
0.252744,0.431142
0.253327,0.432621
0.253911,0.434104
0.254496,0.435589
0.255083,0.437077
0.255671,0.438568
0.256261,0.440062
0.256851,0.441559
0.257444,0.443058
0.258037,0.444561
0.258632,0.446066
0.259228,0.447575
0.259826,0.449086
0.260425,0.4506
0.261026,0.452116
0.261628,0.453636
0.262231,0.455158
0.262835,0.456683
0.263441,0.458211
0.264049,0.459741
0.264658,0.461274
0.265268,0.46281
0.26588,0.464349
0.266493,0.46589
0.267107,0.467434
0.267723,0.46898
0.26834,0.470529
0.268959,0.472081
0.269579,0.473635
0.270201,0.475192
0.270824,0.476751
0.271448,0.478313
0.272074,0.479878
0.272701,0.481444
0.27333,0.483014
0.27396,0.484586
0.274592,0.48616
0.275225,0.487737
0.27586,0.489316
0.276496,0.490897
0.277133,0.492481
0.277772,0.494067
0.278413,0.495656
0.279055,0.497246
0.279698,0.49884
0.280343,0.500435
0.280989,0.502033
0.281637,0.503632
0.282287,0.505234
0.282937,0.506839
0.28359,0.508445
0.284244,0.510054
0.284899,0.511664
0.285556,0.513277
0.286214,0.514892
0.286874,0.516509
0.287536,0.518128
0.288199,0.519749
0.288863,0.521371
0.289529,0.522996
0.290197,0.524623
0.290866,0.526252
0.291537,0.527883
0.292209,0.529515
0.292882,0.531149
0.293558,0.532786
0.294235,0.534424
0.294913,0.536063
0.295593,0.537705
0.296275,0.539348
0.296958,0.540993
0.297642,0.542639
0.298329,0.544288
0.299016,0.545938
0.299706,0.547589
0.300397,0.549242
0.30109,0.550897
0.301784,0.552553
0.30248,0.55421
0.303177,0.555869
0.303876,0.55753
0.304577,0.559192
0.305279,0.560855
0.305983,0.562519
0.306688,0.564185
0.307396,0.565853
0.308104,0.567521
0.308815,0.569191
0.309527,0.570862
0.31024,0.572534
0.310956,0.574207
0.311673,0.575881
0.312391,0.577557
0.313112,0.579234
0.313834,0.580911
0.314557,0.58259
0.315282,0.584269
0.316009,0.58595
0.316738,0.587631
0.317468,0.589313
0.3182,0.590997
0.318934,0.59268
0.319669,0.594365
0.320406,0.596051
0.321145,0.597737
0.321886,0.599424
0.322628,0.601111
0.323372,0.602799
0.324117,0.604488
0.324865,0.606178
0.325614,0.607867
0.326364,0.609558
0.327117,0.611248
0.327871,0.61294
0.328627,0.614631
0.329385,0.616323
0.330144,0.618015
0.330905,0.619708
0.331668,0.621401
0.332433,0.623094
0.3332,0.624787
0.333968,0.62648
0.334738,0.628174
0.33551,0.629867
0.336283,0.631561
0.337059,0.633255
0.337836,0.634948
0.338615,0.636642
0.339396,0.638335
0.340178,0.640028
0.340962,0.641721
0.341749,0.643414
0.342537,0.645107
0.343326,0.646799
0.344118,0.648491
0.344911,0.650183
0.345707,0.651874
0.346504,0.653565
0.347303,0.655255
0.348103,0.656945
0.348906,0.658634
0.349711,0.660323
0.350517,0.662011
0.351325,0.663698
0.352135,0.665385
0.352947,0.667071
0.353761,0.668756
0.354576,0.67044
0.355394,0.672124
0.356213,0.673806
0.357035,0.675488
0.357858,0.677169
0.358683,0.678848
0.35951,0.680527
0.360339,0.682204
0.36117,0.683881
0.362003,0.685556
0.362837,0.68723
0.363674,0.688902
0.364512,0.690574
0.365353,0.692244
0.366195,0.693912
0.36704,0.695579
0.367886,0.697245
0.368734,0.698909
0.369584,0.700572
0.370436,0.702233
0.371291,0.703893
0.372147,0.705551
0.373005,0.707207
0.373865,0.708861
0.374727,0.710514
0.375591,0.712164
0.376457,0.713813
0.377325,0.71546
0.378195,0.717105
0.379067,0.718748
0.379941,0.720389
0.380817,0.722028
0.381695,0.723665
0.382575,0.725299
0.383457,0.726932
0.384341,0.728562
0.385227,0.73019
0.386116,0.731815
0.387006,0.733438
0.387898,0.735059
0.388793,0.736677
0.389689,0.738293
0.390588,0.739906
0.391488,0.741517
0.392391,0.743125
0.393295,0.74473
0.394202,0.746333
0.395111,0.747933
0.396022,0.74953
0.396935,0.751124
0.397851,0.752715
0.398768,0.754304
0.399687,0.755889
0.400609,0.757471
0.401533,0.759051
0.402458,0.760627
0.403386,0.7622
0.404316,0.76377
0.405249,0.765337
0.406183,0.766901
0.40712,0.768461
0.408058,0.770018
0.408999,0.771572
0.409942,0.773122
0.410887,0.774668
0.411835,0.776211
0.412784,0.777751
0.413736,0.779287
0.41469,0.78082
0.415646,0.782348
0.416604,0.783873
0.417565,0.785395
0.418528,0.786912
0.419493,0.788426
0.42046,0.789936
0.42143,0.791442
0.422401,0.792944
0.423375,0.794442
0.424351,0.795936
0.42533,0.797425
0.42631,0.798911
0.427293,0.800393
0.428279,0.80187
0.429266,0.803344
0.430256,0.804813
0.431248,0.806277
0.432242,0.807738
0.433239,0.809194
0.434238,0.810645
0.435239,0.812092
0.436242,0.813535
0.437248,0.814973
0.438256,0.816407
0.439267,0.817836
0.44028,0.81926
0.441295,0.82068
0.442312,0.822095
0.443332,0.823505
0.444354,0.82491
0.445379,0.826311
0.446406,0.827707
0.447435,0.829098
0.448467,0.830484
0.449501,0.831865
0.450537,0.833241
0.451576,0.834612
0.452617,0.835977
0.453661,0.837338
0.454707,0.838694
0.455755,0.840045
0.456806,0.84139
0.457859,0.84273
0.458915,0.844065
0.459973,0.845395
0.461034,0.846719
0.462097,0.848038
0.463162,0.849352
0.46423,0.85066
0.465301,0.851963
0.466373,0.85326
0.467449,0.854552
0.468526,0.855838
0.469607,0.857119
0.47069,0.858394
0.471775,0.859663
0.472863,0.860927
0.473953,0.862185
0.475046,0.863438
0.476141,0.864684
0.477239,0.865925
0.478339,0.867161
0.479442,0.86839
0.480548,0.869614
0.481656,0.870831
0.482766,0.872043
0.483879,0.873249
0.484995,0.874449
0.486113,0.875643
0.487234,0.876832
0.488357,0.878014
0.489483,0.87919
0.490612,0.88036
0.491743,0.881524
0.492877,0.882682
0.494013,0.883834
0.495152,0.884979
0.496294,0.886119
0.497438,0.887252
0.498585,0.88838
0.499735,0.889501
0.500887,0.890616
0.502042,0.891724
0.5032,0.892827
0.50436,0.893923
0.505523,0.895012
0.506688,0.896096
0.507857,0.897173
0.509028,0.898244
0.510201,0.899309
0.511378,0.900367
0.512557,0.901418
0.513739,0.902464
0.514923,0.903503
0.51611,0.904535
0.5173,0.905562
0.518493,0.906581
0.519689,0.907595
0.520887,0.908602
0.522088,0.909602
0.523292,0.910596
0.524498,0.911583
0.525707,0.912564
0.52692,0.913539
0.528135,0.914507
0.529352,0.915468
0.530573,0.916423
0.531796,0.917372
0.533022,0.918313
0.534251,0.919249
0.535483,0.920178
0.536718,0.9211
0.537955,0.922016
0.539196,0.922925
0.540439,0.923827
0.541685,0.924724
0.542934,0.925613
0.544186,0.926496
0.54544,0.927372
0.546698,0.928242
0.547959,0.929106
0.549222,0.929962
0.550488,0.930813
0.551758,0.931656
0.55303,0.932494
0.554305,0.933324
0.555583,0.934148
0.556864,0.934966
0.558148,0.935777
0.559435,0.936581
0.560725,0.937379
0.562018,0.938171
0.563313,0.938956
0.564612,0.939734
0.565914,0.940506
0.567219,0.941272
0.568527,0.942031
0.569838,0.942783
0.571152,0.943529
0.572468,0.944269
0.573788,0.945002
0.575111,0.945729
0.576437,0.946449
0.577766,0.947163
0.579099,0.947871
0.580434,0.948572
0.581772,0.949267
0.583114,0.949956
0.584458,0.950638
0.585806,0.951314
0.587156,0.951983
0.58851,0.952647
0.589867,0.953304
0.591227,0.953954
0.59259,0.954599
0.593957,0.955237
0.595326,0.95587
0.596699,0.956495
0.598075,0.957115
0.599454,0.957729
0.600836,0.958337
0.602221,0.958938
0.60361,0.959533
0.605001,0.960123
0.606396,0.960706
0.607794,0.961283
0.609196,0.961855
0.6106,0.96242
0.612008,0.962979
0.613419,0.963533
0.614834,0.96408
0.616251,0.964622
0.617672,0.965158
0.619097,0.965688
0.620524,0.966212
0.621955,0.966731
0.623389,0.967243
0.624826,0.96775
0.626267,0.968252
0.627711,0.968747
0.629158,0.969237
0.630609,0.969722
0.632063,0.9702
0.63352,0.970674
0.634981,0.971142
0.636445,0.971604
0.637912,0.972061
0.639383,0.972512
0.640857,0.972958
0.642335,0.973399
0.643816,0.973834
0.6453,0.974264
0.646788,0.974688
0.64828,0.975108
0.649774,0.975522
0.651273,0.975931
0.652774,0.976335
0.654279,0.976734
0.655788,0.977128
0.6573,0.977516
0.658815,0.9779
0.660334,0.978279
0.661857,0.978652
0.663383,0.979021
0.664913,0.979385
0.666446,0.979744
0.667982,0.980099
0.669522,0.980448
0.671066,0.980793
0.672613,0.981133
0.674164,0.981468
0.675719,0.981799
0.677277,0.982125
0.678838,0.982447
0.680404,0.982764
0.681972,0.983077
0.683545,0.983385
0.685121,0.983689
0.6867,0.983988
0.688284,0.984283
0.689871,0.984574
0.691461,0.984861
0.693056,0.985143
0.694654,0.985421
0.696255,0.985695
0.697861,0.985965
0.69947,0.986231
0.701083,0.986493
0.702699,0.98675
0.704319,0.987004
0.705943,0.987254
0.707571,0.9875
0.709202,0.987742
0.710838,0.98798
0.712477,0.988215
0.714119,0.988446
0.715766,0.988673
0.717416,0.988896
0.71907,0.989116
0.720728,0.989332
0.72239,0.989545
0.724056,0.989754
0.725725,0.98996
0.727398,0.990162
0.729076,0.990361
0.730757,0.990556
0.732442,0.990749
0.73413,0.990937
0.735823,0.991123
0.73752,0.991306
0.73922,0.991485
0.740924,0.991661
0.742633,0.991834
0.744345,0.992004
0.746061,0.992171
0.747782,0.992335
0.749506,0.992496
0.751234,0.992654
0.752966,0.992809
0.754702,0.992962
0.756442,0.993111
0.758186,0.993258
0.759934,0.993402
0.761687,0.993544
0.763443,0.993682
0.765203,0.993818
0.766967,0.993952
0.768736,0.994083
0.770508,0.994211
0.772285,0.994337
0.774066,0.994461
0.77585,0.994582
0.777639,0.994701
0.779432,0.994817
0.781229,0.994931
0.783031,0.995043
0.784836,0.995152
0.786646,0.995259
0.788459,0.995364
0.790277,0.995467
0.7921,0.995568
0.793926,0.995667
0.795756,0.995764
0.797591,0.995858
0.79943,0.995951
0.801273,0.996042
0.803121,0.99613
0.804973,0.996217
0.806829,0.996302
0.808689,0.996385
0.810554,0.996467
0.812423,0.996546
0.814296,0.996624
0.816173,0.9967
0.818055,0.996774
0.819941,0.996847
0.821832,0.996918
0.823727,0.996988
0.825626,0.997056
0.82753,0.997122
0.829438,0.997187
0.83135,0.99725
0.833267,0.997312
0.835188,0.997372
0.837114,0.997431
0.839044,0.997489
0.840979,0.997545
0.842918,0.9976
0.844861,0.997653
0.846809,0.997706
0.848762,0.997757
0.850719,0.997806
0.85268,0.997855
0.854646,0.997902
0.856617,0.997948
0.858592,0.997993
0.860571,0.998037
0.862556,0.99808
0.864545,0.998122
0.866538,0.998162
0.868536,0.998202
0.870538,0.99824
0.872546,0.998278
0.874557,0.998315
0.876574,0.99835
0.878595,0.998385
0.880621,0.998419
0.882651,0.998452
0.884686,0.998484
0.886726,0.998515
0.888771,0.998545
0.89082,0.998574
0.892874,0.998603
0.894933,0.998631
0.896996,0.998658
0.899064,0.998684
0.901137,0.99871
0.903215,0.998735
0.905298,0.998759
0.907385,0.998783
0.909477,0.998806
0.911574,0.998828
0.913676,0.998849
0.915783,0.99887
0.917894,0.99889
0.92001,0.99891
0.922132,0.998929
0.924258,0.998948
0.926389,0.998966
0.928525,0.998983
0.930666,0.999
0.932812,0.999017
0.934962,0.999033
0.937118,0.999048
0.939279,0.999063
0.941445,0.999078
0.943615,0.999092
0.945791,0.999105
0.947972,0.999119
0.950157,0.999131
0.952348,0.999144
0.954544,0.999156
0.956745,0.999167
0.958951,0.999179
0.961162,0.99919
0.963378,0.9992
0.965599,0.99921
0.967826,0.99922
0.970057,0.99923
0.972294,0.999239
0.974536,0.999248
0.976783,0.999256
0.979035,0.999265
0.981292,0.999273
0.983555,0.99928
0.985823,0.999288
0.988096,0.999295
0.990374,0.999302
0.992657,0.999309
0.994946,0.999315
0.99724,0.999322
0.999539,0.999328
1.00184,0.999334
1.00415,0.999339
1.00647,0.999345
1.00879,0.99935
1.01112,0.999355
1.01345,0.99936
1.01578,0.999365
1.01813,0.999369
1.02047,0.999373
1.02283,0.999378
1.02518,0.999382
1.02755,0.999386
1.02992,0.999389
1.03229,0.999393
1.03467,0.999396
1.03706,0.9994
1.03945,0.999403
1.04185,0.999406
1.04425,0.999409
1.04666,0.999412
1.04907,0.999414
1.05149,0.999417
1.05391,0.99942
1.05634,0.999422
1.05878,0.999424
1.06122,0.999427
1.06367,0.999429
1.06612,0.999431
1.06858,0.999433
1.07104,0.999435
1.07351,0.999436
1.07599,0.999438
1.07847,0.99944
1.08095,0.999441
1.08345,0.999443
1.08594,0.999444
1.08845,0.999446
1.09096,0.999447
1.09347,0.999448
1.09599,0.99945
1.09852,0.999451
1.10105,0.999452
1.10359,0.999453
1.10614,0.999454
1.10869,0.999455
1.11124,0.999456
1.11381,0.999457
1.11637,0.999458
1.11895,0.999458
1.12153,0.999459
1.12411,0.99946
1.12671,0.999461
1.1293,0.999461
1.13191,0.999462
1.13452,0.999463
1.13713,0.999463
1.13975,0.999464
1.14238,0.999464
1.14502,0.999465
1.14766,0.999465
1.1503,0.999466
1.15296,0.999466
1.15561,0.999467
1.15828,0.999467
1.16095,0.999467
1.16363,0.999468
1.16631,0.999468
1.169,0.999468
1.17169,0.999469
1.17439,0.999469
1.1771,0.999469
1.17982,0.99947
1.18254,0.99947
1.18526,0.99947
1.188,0.99947
1.19074,0.99947
1.19348,0.999471
1.19623,0.999471
1.19899,0.999471
1.20176,0.999471
1.20453,0.999471
1.2073,0.999472
1.21009,0.999472
1.21288,0.999472
1.21567,0.999472
1.21848,0.999472
1.22129,0.999472
1.2241,0.999472
1.22692,0.999472
1.22975,0.999473
1.23259,0.999473
1.23543,0.999473
1.23828,0.999473
1.24113,0.999473
1.244,0.999473
1.24686,0.999473
1.24974,0.999473
1.25262,0.999473
1.25551,0.999473
1.2584,0.999473
1.26131,0.999473
1.26421,0.999473
1.26713,0.999473
1.27005,0.999473
1.27298,0.999474
1.27591,0.999474
1.27886,0.999474
1.2818,0.999474
1.28476,0.999474
1.28772,0.999474
1.29069,0.999474
1.29367,0.999474
1.29665,0.999474
1.29964,0.999474
1.30264,0.999474
1.30564,0.999474
1.30865,0.999474
1.31167,0.999474
1.31469,0.999474
1.31772,0.999474
1.32076,0.999474
1.32381,0.999474
1.32686,0.999474
1.32992,0.999474
1.33298,0.999474
1.33606,0.999474
1.33914,0.999474
1.34223,0.999474
1.34532,0.999474
1.34842,0.999474
1.35153,0.999474
1.35465,0.999474
1.35777,0.999474
1.3609,0.999474
1.36404,0.999474
1.36718,0.999474
1.37034,0.999474
1.3735,0.999474
1.37666,0.999474
1.37984,0.999474
1.38302,0.999474
1.38621,0.999474
1.3894,0.999474
1.39261,0.999474
1.39582,0.999474
1.39904,0.999474
1.40226,0.999474
1.4055,0.999474
1.40874,0.999474
1.41198,0.999474
1.41524,0.999474
1.4185,0.999474
1.42177,0.999474
1.42505,0.999474
1.42834,0.999474
1.43163,0.999474
1.43493,0.999474
1.43824,0.999474
1.44156,0.999474
1.44488,0.999474
1.44821,0.999474
1.45155,0.999474
1.4549,0.999474
1.45825,0.999474
1.46161,0.999474
1.46498,0.999474
1.46836,0.999474
1.47175,0.999474
1.47514,0.999474
1.47854,0.999474
1.48195,0.999474
1.48537,0.999474
1.48879,0.999474
1.49223,0.999474
1.49567,0.999474
1.49912,0.999474
1.50257,0.999474
1.50604,0.999474
1.50951,0.999474
1.51299,0.999474
1.51648,0.999474
1.51997,0.999474
1.52348,0.999474
1.52699,0.999474
1.53051,0.999474
1.53404,0.999474
1.53758,0.999474
1.54112,0.999474
1.54468,0.999474
1.54824,0.999474
1.55181,0.999474
1.55539,0.999474
1.55897,0.999474
1.56257,0.999474
1.56617,0.999474
1.56978,0.999474
1.5734,0.999474
1.57703,0.999474
1.58066,0.999474
1.58431,0.999474
1.58796,0.999474
1.59162,0.999474
1.59529,0.999474
1.59897,0.999474
1.60266,0.999474
1.60635,0.999474
1.61006,0.999474
1.61377,0.999474
1.61749,0.999474
1.62122,0.999474
1.62496,0.999474
1.6287,0.999474
1.63246,0.999474
1.63622,0.999474
1.64,0.999474
1.64378,0.999474
1.64757,0.999474
1.65137,0.999474
1.65517,0.999474
1.65899,0.999474
1.66282,0.999474
1.66665,0.999474
1.67049,0.999474
1.67434,0.999474
1.6782,0.999474
1.68207,0.999474
1.68595,0.999474
1.68984,0.999474
1.69374,0.999474
1.69764,0.999474
1.70156,0.999474
1.70548,0.999474
1.70941,0.999474
1.71335,0.999474
1.7173,0.999474
1.72126,0.999474
1.72523,0.999474
1.72921,0.999474
1.7332,0.999474
1.73719,0.999474
1.7412,0.999474
1.74521,0.999474
1.74924,0.999474
1.75327,0.999474
1.75731,0.999474
1.76136,0.999474
1.76543,0.999474
1.7695,0.999474
1.77358,0.999474
1.77767,0.999474
1.78176,0.999474
1.78587,0.999474
1.78999,0.999474
1.79412,0.999474
1.79825,0.999474
1.8024,0.999474
1.80656,0.999474
1.81072,0.999474
1.8149,0.999474
1.81908,0.999474
1.82327,0.999474
1.82748,0.999474
1.83169,0.999474
1.83592,0.999474
1.84015,0.999474
1.84439,0.999474
1.84864,0.999474
1.85291,0.999474
1.85718,0.999474
1.86146,0.999474
1.86575,0.999474
1.87005,0.999474
1.87437,0.999474
1.87869,0.999474
1.88302,0.999474
1.88736,0.999474
1.89171,0.999474
1.89608,0.999474
1.90045,0.999474
1.90483,0.999474
1.90922,0.999474
1.91362,0.999474
1.91804,0.999474
1.92246,0.999474
1.92689,0.999474
1.93133,0.999474
1.93579,0.999474
1.94025,0.999474
1.94472,0.999474
1.94921,0.999474
1.9537,0.999474
1.95821,0.999474
1.96272,0.999474
1.96725,0.999474
1.97178,0.999474
1.97633,0.999474
1.98089,0.999474
1.98545,0.999474
1.99003,0.999474
1.99462,0.999474
1.99922,0.999474
2.00383,0.999474
2.00845,0.999474
2.01308,0.999474
2.01772,0.999474
2.02237,0.999474
2.02704,0.999474
2.03171,0.999474
2.03639,0.999474
2.04109,0.999474
2.0458,0.999474
2.05051,0.999474
2.05524,0.999474
2.05998,0.999474
2.06473,0.999474
2.06949,0.999474
2.07426,0.999474
2.07904,0.999474
2.08384,0.999474
2.08864,0.999474
2.09346,0.999474
2.09828,0.999474
2.10312,0.999474
2.10797,0.999474
2.11283,0.999474
2.1177,0.999474
2.12259,0.999474
2.12748,0.999474
2.13239,0.999474
2.1373,0.999474
2.14223,0.999474
2.14717,0.999474
2.15212,0.999474
2.15708,0.999474
2.16206,0.999474
2.16704,0.999474
2.17204,0.999474
2.17705,0.999474
2.18207,0.999474
2.1871,0.999474
2.19214,0.999474
2.19719,0.999474
2.20226,0.999474
2.20734,0.999474
2.21243,0.999474
2.21753,0.999474
2.22264,0.999474
2.22777,0.999474
2.2329,0.999474
2.23805,0.999474
2.24321,0.999474
2.24838,0.999474
2.25357,0.999474
2.25876,0.999474
2.26397,0.999474
2.26919,0.999474
2.27442,0.999474
2.27967,0.999474
2.28492,0.999474
2.29019,0.999474
2.29547,0.999474
2.30077,0.999474
2.30607,0.999474
2.31139,0.999474
2.31672,0.999474
2.32206,0.999474
2.32741,0.999474
2.33278,0.999474
2.33816,0.999474
2.34355,0.999474
2.34895,0.999474
2.35437,0.999474
2.3598,0.999474
2.36524,0.999474
2.37069,0.999474
2.37616,0.999474
2.38164,0.999474
2.38713,0.999474
2.39263,0.999474
2.39815,0.999474
2.40368,0.999474
2.40922,0.999474
2.41477,0.999474
2.42034,0.999474
2.42592,0.999474
2.43152,0.999474
2.43712,0.999474
2.44274,0.999474
2.44837,0.999474
2.45402,0.999474
2.45968,0.999474
2.46535,0.999474
2.47103,0.999474
2.47673,0.999474
2.48244,0.999474
2.48816,0.999474
2.4939,0.999474
2.49965,0.999474
2.50542,0.999474
2.51119,0.999474
2.51698,0.999474
2.52279,0.999474
2.5286,0.999474
2.53443,0.999474
2.54028,0.999474
2.54613,0.999474
2.552,0.999474
2.55789,0.999474
2.56379,0.999474
2.5697,0.999474
2.57562,0.999474
2.58156,0.999474
2.58751,0.999474
2.59348,0.999474
2.59946,0.999474
2.60545,0.999474
2.61146,0.999474
2.61748,0.999474
2.62352,0.999474
2.62957,0.999474
2.63563,0.999474
2.64171,0.999474
2.6478,0.999474
2.6539,0.999474
2.66002,0.999474
2.66615,0.999474
2.6723,0.999474
2.67846,0.999474
2.68464,0.999474
2.69083,0.999474
2.69703,0.999474
2.70325,0.999474
2.70948,0.999474
2.71573,0.999474
2.72199,0.999474
2.72827,0.999474
2.73456,0.999474
2.74086,0.999474
2.74718,0.999474
2.75352,0.999474
2.75987,0.999474
2.76623,0.999474
2.77261,0.999474
2.779,0.999474
2.78541,0.999474
2.79183,0.999474
2.79827,0.999474
2.80472,0.999474
2.81119,0.999474
2.81767,0.999474
2.82417,0.999474
2.83068,0.999474
2.8372,0.999474
2.84375,0.999474
2.8503,0.999474
2.85687,0.999474
2.86346,0.999474
2.87006,0.999474
2.87668,0.999474
2.88331,0.999474
2.88996,0.999474
2.89663,0.999474
2.9033,0.999474
2.91,0.999474
2.91671,0.999474
2.92343,0.999474
2.93017,0.999474
2.93693,0.999474
2.9437,0.999474
2.95049,0.999474
2.95729,0.999474
2.96411,0.999474
2.97094,0.999474
2.97779,0.999474
2.98466,0.999474
2.99154,0.999474
2.99844,0.999474
3.00535,0.999474
3.01228,0.999474
3.01923,0.999474
3.02619,0.999474
3.03317,0.999474
3.04016,0.999474
3.04717,0.999474
3.0542,0.999474
3.06124,0.999474
3.0683,0.999474
3.07537,0.999474
3.08246,0.999474
3.08957,0.999474
3.09669,0.999474
3.10383,0.999474
3.11099,0.999474
3.11816,0.999474
3.12535,0.999474
3.13256,0.999474
3.13978,0.999474
3.14702,0.999474
3.15428,0.999474
3.16155,0.999474
3.16884,0.999474
3.17615,0.999474
3.18347,0.999474
3.19081,0.999474
3.19817,0.999474
3.20554,0.999474
3.21293,0.999474
3.22034,0.999474
3.22776,0.999474
3.23521,0.999474
3.24267,0.999474
3.25014,0.999474
3.25764,0.999474
3.26515,0.999474
3.27268,0.999474
3.28022,0.999474
3.28778,0.999474
3.29537,0.999474
3.30296,0.999474
3.31058,0.999474
3.31821,0.999474
3.32586,0.999474
3.33353,0.999474
3.34122,0.999474
3.34892,0.999474
3.35664,0.999474
3.36438,0.999474
3.37214,0.999474
3.37992,0.999474
3.38771,0.999474
3.39552,0.999474
3.40335,0.999474
3.4112,0.999474
3.41906,0.999474
3.42694,0.999474
3.43485,0.999474
3.44277,0.999474
3.4507,0.999474
3.45866,0.999474
3.46663,0.999474
3.47463,0.999474
3.48264,0.999474
3.49067,0.999474
3.49872,0.999474
3.50678,0.999474
3.51487,0.999474
3.52297,0.999474
3.5311,0.999474
3.53924,0.999474
3.5474,0.999474
3.55558,0.999474
3.56378,0.999474
3.57199,0.999474
3.58023,0.999474
3.58848,0.999474
3.59676,0.999474
3.60505,0.999474
3.61336,0.999474
3.62169,0.999474
3.63004,0.999474
3.63841,0.999474
3.6468,0.999474
3.65521,0.999474
3.66364,0.999474
3.67209,0.999474
3.68055,0.999474
3.68904,0.999474
3.69755,0.999474
3.70607,0.999474
3.71462,0.999474
3.72318,0.999474
3.73177,0.999474
3.74037,0.999474
3.74899,0.999474
3.75764,0.999474
3.7663,0.999474
3.77499,0.999474
3.78369,0.999474
3.79241,0.999474
3.80116,0.999474
3.80992,0.999474
3.81871,0.999474
3.82751,0.999474
3.83634,0.999474
3.84518,0.999474
3.85405,0.999474
3.86293,0.999474
3.87184,0.999474
3.88077,0.999474
3.88972,0.999474
3.89869,0.999474
3.90767,0.999474
3.91668,0.999474
3.92572,0.999474
3.93477,0.999474
3.94384,0.999474
3.95293,0.999474
3.96205,0.999474
3.97118,0.999474
3.98034,0.999474
3.98952,0.999474
3.99871,0.999474
4.00793,0.999474
4.01718,0.999474
4.02644,0.999474
4.03572,0.999474
4.04503,0.999474
4.05435,0.999474
4.0637,0.999474
4.07307,0.999474
4.08246,0.999474
4.09188,0.999474
4.10131,0.999474
4.11077,0.999474
4.12024,0.999474
4.12974,0.999474
4.13927,0.999474
4.14881,0.999474
4.15838,0.999474
4.16796,0.999474
4.17757,0.999474
4.18721,0.999474
4.19686,0.999474
4.20654,0.999474
4.21624,0.999474
4.22596,0.999474
4.2357,0.999474
4.24547,0.999474
4.25526,0.999474
4.26507,0.999474
4.2749,0.999474
4.28476,0.999474
4.29464,0.999474
4.30454,0.999474
4.31447,0.999474
4.32441,0.999474
4.33438,0.999474
4.34438,0.999474
4.35439,0.999474
4.36443,0.999474
4.3745,0.999474
4.38458,0.999474
4.39469,0.999474
4.40483,0.999474
4.41498,0.999474
4.42516,0.999474
4.43537,0.999474
4.44559,0.999474
4.45584,0.999474
4.46612,0.999474
4.47641,0.999474
4.48673,0.999474
4.49708,0.999474
4.50745,0.999474
4.51784,0.999474
4.52826,0.999474
4.5387,0.999474
4.54916,0.999474
4.55965,0.999474
4.57017,0.999474
4.5807,0.999474
4.59127,0.999474
4.60185,0.999474
4.61246,0.999474
4.6231,0.999474
4.63376,0.999474
4.64444,0.999474
4.65515,0.999474
4.66588,0.999474
4.67664,0.999474
4.68742,0.999474
4.69823,0.999474
4.70906,0.999474
4.71992,0.999474
4.7308,0.999474
4.74171,0.999474
4.75265,0.999474
4.7636,0.999474
4.77459,0.999474
4.7856,0.999474
4.79663,0.999474
4.80769,0.999474
4.81877,0.999474
4.82988,0.999474
4.84102,0.999474
4.85218,0.999474
4.86337,0.999474
4.87458,0.999474
4.88582,0.999474
4.89709,0.999474
4.90838,0.999474
4.9197,0.999474
4.93104,0.999474
4.94241,0.999474
4.95381,0.999474
4.96523,0.999474
4.97668,0.999474
4.98815,0.999474
4.99965,0.999474
5.01118,0.999474
5.02273,0.999474
5.03432,0.999474
5.04592,0.999474
5.05756,0.999474
5.06922,0.999474
5.08091,0.999474
5.09262,0.999474
5.10436,0.999474
5.11613,0.999474
5.12793,0.999474
5.13975,0.999474
5.1516,0.999474
5.16348,0.999474
5.17539,0.999474
5.18732,0.999474
5.19928,0.999474
5.21127,0.999474
5.22328,0.999474
5.23533,0.999474
5.2474,0.999474
5.2595,0.999474
5.27162,0.999474
5.28378,0.999474
5.29596,0.999474
5.30817,0.999474
5.32041,0.999474
5.33268,0.999474
5.34497,0.999474
5.3573,0.999474
5.36965,0.999474
5.38203,0.999474
5.39444,0.999474
5.40688,0.999474
5.41934,0.999474
5.43184,0.999474
5.44436,0.999474
5.45692,0.999474
5.4695,0.999474
5.48211,0.999474
5.49475,0.999474
5.50742,0.999474
5.52012,0.999474
5.53285,0.999474
5.5456,0.999474
5.55839,0.999474
5.57121,0.999474
5.58405,0.999474
5.59693,0.999474
5.60983,0.999474
5.62277,0.999474
5.63573,0.999474
5.64872,0.999474
5.66175,0.999474
5.6748,0.999474
5.68789,0.999474
5.701,0.999474
5.71415,0.999474
5.72732,0.999474
5.74053,0.999474
5.75376,0.999474
5.76703,0.999474
5.78033,0.999474
5.79365,0.999474
5.80701,0.999474
5.8204,0.999474
5.83382,0.999474
5.84727,0.999474
5.86076,0.999474
5.87427,0.999474
5.88781,0.999474
5.90139,0.999474
5.915,0.999474
5.92863,0.999474
5.9423,0.999474
5.956,0.999474
5.96974,0.999474
5.9835,0.999474
5.9973,0.999474
6.01113,0.999474
6.02499,0.999474
6.03888,0.999474
6.0528,0.999474
6.06676,0.999474
6.08074,0.999474
6.09477,0.999474
6.10882,0.999474
6.1229,0.999474
6.13702,0.999474
6.15117,0.999474
6.16535,0.999474
6.17957,0.999474
6.19382,0.999474
6.2081,0.999474
6.22241,0.999474
6.23676,0.999474
6.25114,0.999474
6.26555,0.999474
6.28,0.999474
6.29448,0.999474
6.30899,0.999474
6.32354,0.999474
6.33812,0.999474
6.35273,0.999474
6.36738,0.999474
6.38206,0.999474
6.39678,0.999474
6.41153,0.999474
6.42631,0.999474
6.44113,0.999474
6.45598,0.999474
6.47086,0.999474
6.48578,0.999474
6.50074,0.999474
6.51573,0.999474
6.53075,0.999474
6.54581,0.999474
6.5609,0.999474
6.57603,0.999474
6.59119,0.999474
6.60639,0.999474
6.62162,0.999474
6.63689,0.999474
6.65219,0.999474
6.66753,0.999474
6.6829,0.999474
6.69831,0.999474
6.71375,0.999474
6.72923,0.999474
6.74475,0.999474
6.7603,0.999474
6.77589,0.999474
6.79151,0.999474
6.80717,0.999474
6.82287,0.999474
6.8386,0.999474
6.85436,0.999474
6.87017,0.999474
6.88601,0.999474
6.90189,0.999474
6.9178,0.999474
6.93375,0.999474
6.94974,0.999474
6.96576,0.999474
6.98182,0.999474
6.99792,0.999474
7.01406,0.999474
7.03023,0.999474
7.04644,0.999474
7.06268,0.999474
7.07897,0.999474
7.09529,0.999474
7.11165,0.999474
7.12805,0.999474
7.14448,0.999474
7.16096,0.999474
7.17747,0.999474
7.19402,0.999474
7.2106,0.999474
7.22723,0.999474
7.24389,0.999474
7.26059,0.999474
7.27734,0.999474
7.29411,0.999474
7.31093,0.999474
7.32779,0.999474
7.34469,0.999474
7.36162,0.999474
7.37859,0.999474
7.39561,0.999474
7.41266,0.999474
7.42975,0.999474
7.44688,0.999474
7.46405,0.999474
7.48126,0.999474
7.49851,0.999474
7.5158,0.999474
7.53313,0.999474
7.5505,0.999474
7.56791,0.999474
7.58536,0.999474
7.60285,0.999474
7.62038,0.999474
7.63795,0.999474
7.65556,0.999474
7.67321,0.999474
7.6909,0.999474
7.70863,0.999474
7.72641,0.999474
7.74422,0.999474
7.76208,0.999474
7.77997,0.999474
7.79791,0.999474
7.81589,0.999474
7.83391,0.999474
7.85198,0.999474
7.87008,0.999474
7.88823,0.999474
7.90641,0.999474
7.92464,0.999474
7.94292,0.999474
7.96123,0.999474
7.97959,0.999474
7.99799,0.999474
8.01643,0.999474
8.03491,0.999474
8.05344,0.999474
8.072,0.999474
8.09062,0.999474
8.10927,0.999474
8.12797,0.999474
8.14671,0.999474
8.16549,0.999474
8.18432,0.999474
8.20319,0.999474
8.2221,0.999474
8.24106,0.999474
8.26006,0.999474
8.27911,0.999474
8.2982,0.999474
8.31733,0.999474
8.33651,0.999474
8.35573,0.999474
8.375,0.999474
8.39431,0.999474
8.41366,0.999474
8.43306,0.999474
8.4525,0.999474
8.47199,0.999474
8.49153,0.999474
8.51111,0.999474
8.53073,0.999474
8.5504,0.999474
8.57011,0.999474
8.58987,0.999474
8.60968,0.999474
8.62953,0.999474
8.64943,0.999474
8.66937,0.999474
8.68936,0.999474
8.7094,0.999474
8.72948,0.999474
8.7496,0.999474
8.76978,0.999474
8.79,0.999474
8.81027,0.999474
8.83058,0.999474
8.85094,0.999474
8.87135,0.999474
8.8918,0.999474
8.9123,0.999474
8.93285,0.999474
8.95345,0.999474
8.97409,0.999474
8.99479,0.999474
9.01552,0.999474
9.03631,0.999474
9.05715,0.999474
9.07803,0.999474
9.09896,0.999474
9.11994,0.999474
9.14097,0.999474
9.16204,0.999474
9.18317,0.999474
9.20434,0.999474
9.22557,0.999474
9.24684,0.999474
9.26816,0.999474
9.28953,0.999474
9.31095,0.999474
9.33241,0.999474
9.35393,0.999474
9.3755,0.999474
9.39712,0.999474
9.41878,0.999474
9.4405,0.999474
9.46227,0.999474
9.48408,0.999474
9.50595,0.999474
9.52787,0.999474
9.54984,0.999474
9.57186,0.999474
9.59393,0.999474
9.61605,0.999474
9.63822,0.999474
9.66044,0.999474
9.68272,0.999474
9.70504,0.999474
9.72742,0.999474
9.74985,0.999474
9.77233,0.999474
9.79486,0.999474
9.81744,0.999474
9.84008,0.999474
9.86277,0.999474
9.88551,0.999474
9.9083,0.999474
9.93115,0.999474
9.95405,0.999474
9.977,0.999474
10,0.999474
