r,N
0.0001,2.20476e-08
0.000100231,2.21494e-08
0.000100462,2.22517e-08
0.000100693,2.23544e-08
0.000100925,2.24576e-08
0.000101158,2.25613e-08
0.000101391,2.26655e-08
0.000101625,2.27701e-08
0.00010186,2.28752e-08
0.000102094,2.29808e-08
0.00010233,2.30869e-08
0.000102566,2.31935e-08
0.000102802,2.33006e-08
0.000103039,2.34082e-08
0.000103277,2.35162e-08
0.000103515,2.36248e-08
0.000103754,2.37339e-08
0.000103993,2.38434e-08
0.000104233,2.39535e-08
0.000104473,2.40641e-08
0.000104714,2.41752e-08
0.000104955,2.42868e-08
0.000105197,2.43989e-08
0.00010544,2.45116e-08
0.000105683,2.46247e-08
0.000105927,2.47384e-08
0.000106171,2.48526e-08
0.000106416,2.49674e-08
0.000106661,2.50826e-08
0.000106907,2.51984e-08
0.000107153,2.53148e-08
0.0001074,2.54317e-08
0.000107648,2.55491e-08
0.000107896,2.5667e-08
0.000108145,2.57855e-08
0.000108394,2.59046e-08
0.000108644,2.60242e-08
0.000108895,2.61443e-08
0.000109146,2.6265e-08
0.000109398,2.63863e-08
0.00010965,2.65081e-08
0.000109903,2.66305e-08
0.000110156,2.67534e-08
0.00011041,2.68769e-08
0.000110665,2.7001e-08
0.00011092,2.71257e-08
0.000111176,2.72509e-08
0.000111432,2.73767e-08
0.000111689,2.75031e-08
0.000111946,2.76301e-08
0.000112204,2.77576e-08
0.000112463,2.78858e-08
0.000112722,2.80145e-08
0.000112982,2.81438e-08
0.000113243,2.82738e-08
0.000113504,2.84043e-08
0.000113766,2.85354e-08
0.000114028,2.86672e-08
0.000114291,2.87995e-08
0.000114554,2.89325e-08
0.000114819,2.90661e-08
0.000115083,2.92003e-08
0.000115349,2.93351e-08
0.000115615,2.94705e-08
0.000115881,2.96066e-08
0.000116148,2.97432e-08
0.000116416,2.98806e-08
0.000116685,3.00185e-08
0.000116954,3.01571e-08
0.000117223,3.02963e-08
0.000117494,3.04362e-08
0.000117764,3.05767e-08
0.000118036,3.07179e-08
0.000118308,3.08597e-08
0.000118581,3.10021e-08
0.000118854,3.11453e-08
0.000119128,3.12891e-08
0.000119403,3.14335e-08
0.000119678,3.15786e-08
0.000119954,3.17244e-08
0.000120231,3.18709e-08
0.000120508,3.2018e-08
0.000120786,3.21658e-08
0.000121064,3.23143e-08
0.000121344,3.24635e-08
0.000121623,3.26134e-08
0.000121904,3.2764e-08
0.000122185,3.29152e-08
0.000122467,3.30672e-08
0.000122749,3.32199e-08
0.000123032,3.33732e-08
0.000123316,3.35273e-08
0.0001236,3.36821e-08
0.000123885,3.38376e-08
0.000124171,3.39938e-08
0.000124457,3.41507e-08
0.000124744,3.43084e-08
0.000125031,3.44668e-08
0.00012532,3.46259e-08
0.000125609,3.47858e-08
0.000125898,3.49464e-08
0.000126189,3.51077e-08
0.00012648,3.52698e-08
0.000126771,3.54326e-08
0.000127063,3.55962e-08
0.000127356,3.57606e-08
0.00012765,3.59256e-08
0.000127944,3.60915e-08
0.000128239,3.62581e-08
0.000128535,3.64255e-08
0.000128831,3.65937e-08
0.000129129,3.67626e-08
0.000129426,3.69324e-08
0.000129725,3.71029e-08
0.000130024,3.72742e-08
0.000130324,3.74462e-08
0.000130624,3.76191e-08
0.000130925,3.77928e-08
0.000131227,3.79673e-08
0.00013153,3.81426e-08
0.000131833,3.83187e-08
0.000132137,3.84956e-08
0.000132442,3.86733e-08
0.000132747,3.88518e-08
0.000133053,3.90312e-08
0.00013336,3.92114e-08
0.000133667,3.93924e-08
0.000133976,3.95743e-08
0.000134284,3.9757e-08
0.000134594,3.99405e-08
0.000134904,4.01249e-08
0.000135215,4.03102e-08
0.000135527,4.04963e-08
0.00013584,4.06832e-08
0.000136153,4.08711e-08
0.000136467,4.10597e-08
0.000136781,4.12493e-08
0.000137097,4.14397e-08
0.000137413,4.16311e-08
0.00013773,4.18233e-08
0.000138047,4.20163e-08
0.000138366,4.22103e-08
0.000138685,4.24052e-08
0.000139004,4.2601e-08
0.000139325,4.27976e-08
0.000139646,4.29952e-08
0.000139968,4.31937e-08
0.000140291,4.33931e-08
0.000140614,4.35935e-08
0.000140939,4.37947e-08
0.000141264,4.39969e-08
0.000141589,4.42e-08
0.000141916,4.44041e-08
0.000142243,4.46091e-08
0.000142571,4.4815e-08
0.0001429,4.50219e-08
0.000143229,4.52298e-08
0.000143559,4.54386e-08
0.00014389,4.56484e-08
0.000144222,4.58591e-08
0.000144555,4.60708e-08
0.000144888,4.62835e-08
0.000145222,4.64972e-08
0.000145557,4.67119e-08
0.000145892,4.69275e-08
0.000146229,4.71442e-08
0.000146566,4.73618e-08
0.000146904,4.75805e-08
0.000147243,4.78002e-08
0.000147582,4.80208e-08
0.000147922,4.82425e-08
0.000148263,4.84653e-08
0.000148605,4.8689e-08
0.000148948,4.89138e-08
0.000149291,4.91396e-08
0.000149636,4.93665e-08
0.000149981,4.95944e-08
0.000150326,4.98234e-08
0.000150673,5.00534e-08
0.00015102,5.02845e-08
0.000151369,5.05166e-08
0.000151718,5.07498e-08
0.000152068,5.09841e-08
0.000152418,5.12195e-08
0.00015277,5.1456e-08
0.000153122,5.16935e-08
0.000153475,5.19322e-08
0.000153829,5.21719e-08
0.000154183,5.24128e-08
0.000154539,5.26548e-08
0.000154895,5.28979e-08
0.000155252,5.31421e-08
0.00015561,5.33874e-08
0.000155969,5.36339e-08
0.000156329,5.38815e-08
0.000156689,5.41303e-08
0.00015705,5.43802e-08
0.000157413,5.46312e-08
0.000157776,5.48835e-08
0.000158139,5.51368e-08
0.000158504,5.53914e-08
0.000158869,5.56471e-08
0.000159236,5.5904e-08
0.000159603,5.61621e-08
0.000159971,5.64214e-08
0.00016034,5.66819e-08
0.000160709,5.69436e-08
0.00016108,5.72065e-08
0.000161451,5.74706e-08
0.000161824,5.77359e-08
0.000162197,5.80024e-08
0.000162571,5.82702e-08
0.000162946,5.85392e-08
0.000163321,5.88095e-08
0.000163698,5.9081e-08
0.000164075,5.93538e-08
0.000164454,5.96278e-08
0.000164833,5.99031e-08
0.000165213,6.01796e-08
0.000165594,6.04574e-08
0.000165976,6.07366e-08
0.000166358,6.1017e-08
0.000166742,6.12987e-08
0.000167126,6.15817e-08
0.000167512,6.1866e-08
0.000167898,6.21516e-08
0.000168285,6.24385e-08
0.000168673,6.27268e-08
0.000169062,6.30164e-08
0.000169452,6.33073e-08
0.000169842,6.35996e-08
0.000170234,6.38932e-08
0.000170626,6.41882e-08
0.00017102,6.44845e-08
0.000171414,6.47822e-08
0.000171809,6.50813e-08
0.000172206,6.53818e-08
0.000172603,6.56836e-08
0.000173001,6.59869e-08
0.000173399,6.62915e-08
0.000173799,6.65975e-08
0.0001742,6.6905e-08
0.000174602,6.72139e-08
0.000175004,6.75242e-08
0.000175408,6.78359e-08
0.000175812,6.81491e-08
0.000176218,6.84637e-08
0.000176624,6.87798e-08
0.000177031,6.90974e-08
0.000177439,6.94164e-08
0.000177848,6.97368e-08
0.000178258,7.00588e-08
0.000178669,7.03822e-08
0.000179081,7.07072e-08
0.000179494,7.10336e-08
0.000179908,7.13615e-08
0.000180323,7.1691e-08
0.000180739,7.2022e-08
0.000181156,7.23545e-08
0.000181573,7.26885e-08
0.000181992,7.30241e-08
0.000182411,7.33612e-08
0.000182832,7.36999e-08
0.000183254,7.40402e-08
0.000183676,7.4382e-08
0.0001841,7.47254e-08
0.000184524,7.50704e-08
0.00018495,7.5417e-08
0.000185376,7.57651e-08
0.000185803,7.61149e-08
0.000186232,7.64663e-08
0.000186661,7.68193e-08
0.000187092,7.7174e-08
0.000187523,7.75303e-08
0.000187955,7.78882e-08
0.000188389,7.82478e-08
0.000188823,7.86091e-08
0.000189259,7.8972e-08
0.000189695,7.93366e-08
0.000190132,7.97028e-08
0.000190571,8.00708e-08
0.00019101,8.04405e-08
0.00019145,8.08118e-08
0.000191892,8.11849e-08
0.000192334,8.15597e-08
0.000192778,8.19363e-08
0.000193222,8.23146e-08
0.000193668,8.26946e-08
0.000194114,8.30764e-08
0.000194562,8.34599e-08
0.000195011,8.38452e-08
0.00019546,8.42323e-08
0.000195911,8.46212e-08
0.000196363,8.50118e-08
0.000196815,8.54043e-08
0.000197269,8.57986e-08
0.000197724,8.61947e-08
0.00019818,8.65926e-08
0.000198637,8.69924e-08
0.000199095,8.7394e-08
0.000199554,8.77975e-08
0.000200014,8.82029e-08
0.000200475,8.86101e-08
0.000200937,8.90191e-08
0.000201401,8.94301e-08
0.000201865,8.9843e-08
0.00020233,9.02578e-08
0.000202797,9.06745e-08
0.000203265,9.10931e-08
0.000203733,9.15136e-08
0.000204203,9.19361e-08
0.000204674,9.23606e-08
0.000205146,9.2787e-08
0.000205619,9.32153e-08
0.000206093,9.36457e-08
0.000206568,9.4078e-08
0.000207044,9.45124e-08
0.000207522,9.49487e-08
0.000208,9.53871e-08
0.00020848,9.58274e-08
0.00020896,9.62698e-08
0.000209442,9.67143e-08
0.000209925,9.71608e-08
0.000210409,9.76093e-08
0.000210894,9.806e-08
0.000211381,9.85127e-08
0.000211868,9.89675e-08
0.000212356,9.94244e-08
0.000212846,9.98834e-08
0.000213337,1.00345e-07
0.000213829,1.00808e-07
0.000214322,1.01273e-07
0.000214816,1.01741e-07
0.000215311,1.0221e-07
0.000215808,1.02682e-07
0.000216305,1.03156e-07
0.000216804,1.03633e-07
0.000217304,1.04111e-07
0.000217805,1.04592e-07
0.000218307,1.05075e-07
0.00021881,1.0556e-07
0.000219315,1.06047e-07
0.000219821,1.06537e-07
0.000220327,1.07028e-07
0.000220835,1.07523e-07
0.000221345,1.08019e-07
0.000221855,1.08518e-07
0.000222367,1.09019e-07
0.000222879,1.09522e-07
0.000223393,1.10028e-07
0.000223908,1.10536e-07
0.000224424,1.11046e-07
0.000224942,1.11559e-07
0.000225461,1.12074e-07
0.00022598,1.12591e-07
0.000226501,1.13111e-07
0.000227024,1.13633e-07
0.000227547,1.14158e-07
0.000228072,1.14685e-07
0.000228598,1.15214e-07
0.000229125,1.15746e-07
0.000229653,1.1628e-07
0.000230183,1.16817e-07
0.000230713,1.17357e-07
0.000231245,1.17898e-07
0.000231778,1.18443e-07
0.000232313,1.18989e-07
0.000232848,1.19539e-07
0.000233385,1.20091e-07
0.000233923,1.20645e-07
0.000234463,1.21202e-07
0.000235003,1.21762e-07
0.000235545,1.22324e-07
0.000236088,1.22889e-07
0.000236633,1.23456e-07
0.000237178,1.24026e-07
0.000237725,1.24598e-07
0.000238273,1.25174e-07
0.000238823,1.25752e-07
0.000239373,1.26332e-07
0.000239925,1.26915e-07
0.000240478,1.27501e-07
0.000241033,1.2809e-07
0.000241589,1.28681e-07
0.000242146,1.29275e-07
0.000242704,1.29872e-07
0.000243264,1.30472e-07
0.000243825,1.31074e-07
0.000244387,1.31679e-07
0.00024495,1.32287e-07
0.000245515,1.32898e-07
0.000246081,1.33511e-07
0.000246648,1.34128e-07
0.000247217,1.34747e-07
0.000247787,1.35369e-07
0.000248358,1.35994e-07
0.000248931,1.36622e-07
0.000249505,1.37253e-07
0.00025008,1.37886e-07
0.000250657,1.38523e-07
0.000251235,1.39162e-07
0.000251814,1.39805e-07
0.000252395,1.4045e-07
0.000252977,1.41099e-07
0.00025356,1.4175e-07
0.000254145,1.42405e-07
0.000254731,1.43062e-07
0.000255318,1.43723e-07
0.000255907,1.44386e-07
0.000256497,1.45053e-07
0.000257088,1.45722e-07
0.000257681,1.46395e-07
0.000258275,1.47071e-07
0.000258871,1.4775e-07
0.000259467,1.48432e-07
0.000260066,1.49117e-07
0.000260665,1.49806e-07
0.000261266,1.50497e-07
0.000261869,1.51192e-07
0.000262473,1.5189e-07
0.000263078,1.52591e-07
0.000263684,1.53296e-07
0.000264292,1.54004e-07
0.000264902,1.54715e-07
0.000265512,1.55429e-07
0.000266125,1.56146e-07
0.000266738,1.56867e-07
0.000267353,1.57592e-07
0.00026797,1.58319e-07
0.000268588,1.5905e-07
0.000269207,1.59784e-07
0.000269828,1.60522e-07
0.00027045,1.61263e-07
0.000271073,1.62008e-07
0.000271698,1.62756e-07
0.000272325,1.63507e-07
0.000272953,1.64262e-07
0.000273582,1.6502e-07
0.000274213,1.65782e-07
0.000274845,1.66547e-07
0.000275479,1.67316e-07
0.000276114,1.68089e-07
0.000276751,1.68865e-07
0.000277389,1.69644e-07
0.000278028,1.70428e-07
0.000278669,1.71214e-07
0.000279312,1.72005e-07
0.000279956,1.72799e-07
0.000280601,1.73597e-07
0.000281248,1.74398e-07
0.000281897,1.75203e-07
0.000282547,1.76012e-07
0.000283198,1.76825e-07
0.000283851,1.77641e-07
0.000284506,1.78461e-07
0.000285162,1.79285e-07
0.000285819,1.80113e-07
0.000286478,1.80944e-07
0.000287139,1.8178e-07
0.000287801,1.82619e-07
0.000288464,1.83462e-07
0.000289129,1.84309e-07
0.000289796,1.8516e-07
0.000290464,1.86015e-07
0.000291134,1.86874e-07
0.000291805,1.87736e-07
0.000292478,1.88603e-07
0.000293152,1.89474e-07
0.000293828,1.90348e-07
0.000294506,1.91227e-07
0.000295185,1.9211e-07
0.000295865,1.92997e-07
0.000296548,1.93888e-07
0.000297231,1.94783e-07
0.000297917,1.95682e-07
0.000298604,1.96586e-07
0.000299292,1.97493e-07
0.000299982,1.98405e-07
0.000300674,1.99321e-07
0.000301367,2.00241e-07
0.000302062,2.01166e-07
0.000302758,2.02095e-07
0.000303456,2.03028e-07
0.000304156,2.03965e-07
0.000304857,2.04907e-07
0.00030556,2.05853e-07
0.000306265,2.06803e-07
0.000306971,2.07758e-07
0.000307679,2.08717e-07
0.000308388,2.0968e-07
0.000309099,2.10648e-07
0.000309812,2.11621e-07
0.000310526,2.12598e-07
0.000311242,2.13579e-07
0.00031196,2.14565e-07
0.000312679,2.15556e-07
0.0003134,2.16551e-07
0.000314123,2.17551e-07
0.000314847,2.18555e-07
0.000315573,2.19564e-07
0.000316301,2.20578e-07
0.00031703,2.21596e-07
0.000317761,2.22619e-07
0.000318494,2.23647e-07
0.000319228,2.2468e-07
0.000319964,2.25717e-07
0.000320702,2.26759e-07
0.000321441,2.27806e-07
0.000322182,2.28858e-07
0.000322925,2.29914e-07
0.00032367,2.30976e-07
0.000324416,2.32042e-07
0.000325164,2.33113e-07
0.000325914,2.34189e-07
0.000326665,2.35271e-07
0.000327418,2.36357e-07
0.000328173,2.37448e-07
0.00032893,2.38544e-07
0.000329688,2.39646e-07
0.000330449,2.40752e-07
0.00033121,2.41863e-07
0.000331974,2.4298e-07
0.00033274,2.44102e-07
0.000333507,2.45229e-07
0.000334276,2.46361e-07
0.000335046,2.47498e-07
0.000335819,2.48641e-07
0.000336593,2.49789e-07
0.000337369,2.50942e-07
0.000338147,2.52101e-07
0.000338927,2.53264e-07
0.000339708,2.54434e-07
0.000340492,2.55608e-07
0.000341277,2.56788e-07
0.000342064,2.57974e-07
0.000342852,2.59165e-07
0.000343643,2.60361e-07
0.000344435,2.61563e-07
0.000345229,2.62771e-07
0.000346025,2.63984e-07
0.000346823,2.65203e-07
0.000347623,2.66427e-07
0.000348424,2.67657e-07
0.000349228,2.68893e-07
0.000350033,2.70134e-07
0.00035084,2.71381e-07
0.000351649,2.72634e-07
0.00035246,2.73893e-07
0.000353272,2.75158e-07
0.000354087,2.76428e-07
0.000354903,2.77704e-07
0.000355722,2.78986e-07
0.000356542,2.80274e-07
0.000357364,2.81568e-07
0.000358188,2.82868e-07
0.000359014,2.84174e-07
0.000359841,2.85486e-07
0.000360671,2.86804e-07
0.000361503,2.88128e-07
0.000362336,2.89458e-07
0.000363172,2.90795e-07
0.000364009,2.92137e-07
0.000364848,2.93486e-07
0.00036569,2.94841e-07
0.000366533,2.96202e-07
0.000367378,2.97569e-07
0.000368225,2.98943e-07
0.000369074,3.00323e-07
0.000369925,3.0171e-07
0.000370778,3.03103e-07
0.000371633,3.04502e-07
0.00037249,3.05908e-07
0.000373349,3.0732e-07
0.000374209,3.08739e-07
0.000375072,3.10164e-07
0.000375937,3.11596e-07
0.000376804,3.13035e-07
0.000377673,3.1448e-07
0.000378543,3.15932e-07
0.000379416,3.1739e-07
0.000380291,3.18856e-07
0.000381168,3.20328e-07
0.000382047,3.21807e-07
0.000382928,3.23292e-07
0.00038381,3.24785e-07
0.000384695,3.26284e-07
0.000385582,3.27791e-07
0.000386471,3.29304e-07
0.000387363,3.30824e-07
0.000388256,3.32352e-07
0.000389151,3.33886e-07
0.000390048,3.35427e-07
0.000390947,3.36976e-07
0.000391849,3.38532e-07
0.000392752,3.40095e-07
0.000393658,3.41665e-07
0.000394566,3.43242e-07
0.000395475,3.44827e-07
0.000396387,3.46419e-07
0.000397301,3.48018e-07
0.000398217,3.49625e-07
0.000399135,3.51239e-07
0.000400056,3.5286e-07
0.000400978,3.5449e-07
0.000401903,3.56126e-07
0.000402829,3.5777e-07
0.000403758,3.59422e-07
0.000404689,3.61081e-07
0.000405622,3.62748e-07
0.000406557,3.64423e-07
0.000407495,3.66105e-07
0.000408434,3.67796e-07
0.000409376,3.69494e-07
0.00041032,3.71199e-07
0.000411266,3.72913e-07
0.000412214,3.74635e-07
0.000413165,3.76364e-07
0.000414117,3.78102e-07
0.000415072,3.79848e-07
0.000416029,3.81601e-07
0.000416988,3.83363e-07
0.00041795,3.85133e-07
0.000418914,3.86911e-07
0.000419879,3.88697e-07
0.000420848,3.90492e-07
0.000421818,3.92294e-07
0.000422791,3.94106e-07
0.000423765,3.95925e-07
0.000424742,3.97753e-07
0.000425722,3.99589e-07
0.000426703,4.01434e-07
0.000427687,4.03287e-07
0.000428673,4.05149e-07
0.000429662,4.0702e-07
0.000430652,4.08899e-07
0.000431645,4.10787e-07
0.000432641,4.12683e-07
0.000433638,4.14588e-07
0.000434638,4.16502e-07
0.00043564,4.18425e-07
0.000436645,4.20357e-07
0.000437651,4.22298e-07
0.00043866,4.24247e-07
0.000439672,4.26206e-07
0.000440686,4.28173e-07
0.000441702,4.3015e-07
0.00044272,4.32136e-07
0.000443741,4.34131e-07
0.000444764,4.36135e-07
0.000445789,4.38149e-07
0.000446817,4.40172e-07
0.000447848,4.42204e-07
0.00044888,4.44245e-07
0.000449915,4.46296e-07
0.000450953,4.48357e-07
0.000451992,4.50427e-07
0.000453034,4.52506e-07
0.000454079,4.54595e-07
0.000455126,4.56694e-07
0.000456175,4.58802e-07
0.000457227,4.60921e-07
0.000458281,4.63049e-07
0.000459338,4.65186e-07
0.000460397,4.67334e-07
0.000461459,4.69492e-07
0.000462523,4.71659e-07
0.000463589,4.73837e-07
0.000464658,4.76024e-07
0.000465729,4.78222e-07
0.000466803,4.8043e-07
0.00046788,4.82648e-07
0.000468958,4.84876e-07
0.00047004,4.87114e-07
0.000471123,4.89363e-07
0.00047221,4.91623e-07
0.000473298,4.93892e-07
0.00047439,4.96172e-07
0.000475483,4.98463e-07
0.00047658,5.00764e-07
0.000477679,5.03076e-07
0.00047878,5.05399e-07
0.000479884,5.07732e-07
0.00048099,5.10076e-07
0.000482099,5.12431e-07
0.000483211,5.14797e-07
0.000484325,5.17173e-07
0.000485442,5.19561e-07
0.000486561,5.2196e-07
0.000487683,5.24369e-07
0.000488807,5.2679e-07
0.000489935,5.29222e-07
0.000491064,5.31666e-07
0.000492196,5.3412e-07
0.000493331,5.36586e-07
0.000494469,5.39063e-07
0.000495609,5.41552e-07
0.000496752,5.44052e-07
0.000497897,5.46564e-07
0.000499045,5.49087e-07
0.000500196,5.51622e-07
0.000501349,5.54169e-07
0.000502505,5.56727e-07
0.000503663,5.59298e-07
0.000504825,5.6188e-07
0.000505989,5.64474e-07
0.000507155,5.6708e-07
0.000508325,5.69698e-07
0.000509497,5.72328e-07
0.000510672,5.7497e-07
0.000511849,5.77625e-07
0.000513029,5.80291e-07
0.000514212,5.8297e-07
0.000515398,5.85662e-07
0.000516586,5.88366e-07
0.000517777,5.91082e-07
0.000518971,5.93811e-07
0.000520168,5.96552e-07
0.000521367,5.99306e-07
0.000522569,6.02073e-07
0.000523774,6.04853e-07
0.000524982,6.07645e-07
0.000526192,6.10451e-07
0.000527405,6.13269e-07
0.000528621,6.161e-07
0.00052984,6.18945e-07
0.000531062,6.21802e-07
0.000532286,6.24673e-07
0.000533514,6.27557e-07
0.000534744,6.30454e-07
0.000535977,6.33365e-07
0.000537212,6.36289e-07
0.000538451,6.39226e-07
0.000539693,6.42177e-07
0.000540937,6.45142e-07
0.000542184,6.4812e-07
0.000543434,6.51113e-07
0.000544687,6.54119e-07
0.000545943,6.57139e-07
0.000547202,6.60172e-07
0.000548464,6.6322e-07
0.000549728,6.66282e-07
0.000550996,6.69358e-07
0.000552266,6.72448e-07
0.00055354,6.75553e-07
0.000554816,6.78672e-07
0.000556095,6.81805e-07
0.000557377,6.84953e-07
0.000558662,6.88115e-07
0.00055995,6.91292e-07
0.000561242,6.94483e-07
0.000562536,6.97689e-07
0.000563833,7.0091e-07
0.000565133,7.04146e-07
0.000566436,7.07397e-07
0.000567742,7.10663e-07
0.000569051,7.13944e-07
0.000570363,7.1724e-07
0.000571678,7.20551e-07
0.000572996,7.23878e-07
0.000574317,7.2722e-07
0.000575641,7.30577e-07
0.000576969,7.3395e-07
0.000578299,7.37338e-07
0.000579632,7.40743e-07
0.000580969,7.44162e-07
0.000582308,7.47598e-07
0.000583651,7.51049e-07
0.000584997,7.54517e-07
0.000586346,7.58e-07
0.000587697,7.615e-07
0.000589053,7.65015e-07
0.000590411,7.68547e-07
0.000591772,7.72095e-07
0.000593136,7.7566e-07
0.000594504,7.79241e-07
0.000595875,7.82838e-07
0.000597249,7.86452e-07
0.000598626,7.90083e-07
0.000600006,7.93731e-07
0.000601389,7.97395e-07
0.000602776,8.01077e-07
0.000604166,8.04775e-07
0.000605559,8.0849e-07
0.000606955,8.12223e-07
0.000608355,8.15973e-07
0.000609757,8.1974e-07
0.000611163,8.23524e-07
0.000612572,8.27326e-07
0.000613985,8.31146e-07
0.0006154,8.34983e-07
0.000616819,8.38838e-07
0.000618242,8.42711e-07
0.000619667,8.46601e-07
0.000621096,8.5051e-07
0.000622528,8.54436e-07
0.000623963,8.58381e-07
0.000625402,8.62344e-07
0.000626844,8.66325e-07
0.000628289,8.70325e-07
0.000629738,8.74343e-07
0.00063119,8.78379e-07
0.000632645,8.82434e-07
0.000634104,8.86508e-07
0.000635566,8.90601e-07
0.000637031,8.94713e-07
0.0006385,8.98843e-07
0.000639972,9.02993e-07
0.000641448,9.07162e-07
0.000642927,9.1135e-07
0.000644409,9.15558e-07
0.000645895,9.19784e-07
0.000647384,9.24031e-07
0.000648877,9.28297e-07
0.000650373,9.32583e-07
0.000651873,9.36888e-07
0.000653376,9.41213e-07
0.000654882,9.45559e-07
0.000656392,9.49924e-07
0.000657906,9.5431e-07
0.000659423,9.58715e-07
0.000660943,9.63141e-07
0.000662467,9.67588e-07
0.000663994,9.72055e-07
0.000665525,9.76543e-07
0.00066706,9.81051e-07
0.000668598,9.8558e-07
0.00067014,9.90131e-07
0.000671685,9.94702e-07
0.000673233,9.99294e-07
0.000674786,1.00391e-06
0.000676341,1.00854e-06
0.000677901,1.0132e-06
0.000679464,1.01788e-06
0.000681031,1.02258e-06
0.000682601,1.0273e-06
0.000684175,1.03204e-06
0.000685752,1.0368e-06
0.000687333,1.04159e-06
0.000688918,1.0464e-06
0.000690507,1.05123e-06
0.000692099,1.05608e-06
0.000693694,1.06096e-06
0.000695294,1.06586e-06
0.000696897,1.07078e-06
0.000698504,1.07572e-06
0.000700114,1.08069e-06
0.000701729,1.08568e-06
0.000703347,1.09069e-06
0.000704968,1.09572e-06
0.000706594,1.10078e-06
0.000708223,1.10586e-06
0.000709856,1.11097e-06
0.000711493,1.1161e-06
0.000713133,1.12125e-06
0.000714777,1.12643e-06
0.000716425,1.13163e-06
0.000718077,1.13685e-06
0.000719733,1.1421e-06
0.000721393,1.14737e-06
0.000723056,1.15267e-06
0.000724723,1.15799e-06
0.000726394,1.16334e-06
0.000728069,1.16871e-06
0.000729748,1.17411e-06
0.00073143,1.17953e-06
0.000733117,1.18497e-06
0.000734807,1.19044e-06
0.000736501,1.19594e-06
0.000738199,1.20146e-06
0.000739901,1.20701e-06
0.000741607,1.21258e-06
0.000743317,1.21818e-06
0.000745031,1.2238e-06
0.000746749,1.22945e-06
0.000748471,1.23513e-06
0.000750197,1.24083e-06
0.000751926,1.24656e-06
0.00075366,1.25231e-06
0.000755398,1.25809e-06
0.000757139,1.2639e-06
0.000758885,1.26974e-06
0.000760635,1.2756e-06
0.000762389,1.28149e-06
0.000764147,1.2874e-06
0.000765908,1.29335e-06
0.000767674,1.29932e-06
0.000769444,1.30532e-06
0.000771218,1.31134e-06
0.000772997,1.3174e-06
0.000774779,1.32348e-06
0.000776565,1.32959e-06
0.000778356,1.33573e-06
0.000780151,1.3419e-06
0.000781949,1.34809e-06
0.000783752,1.35431e-06
0.000785559,1.36057e-06
0.000787371,1.36685e-06
0.000789186,1.37316e-06
0.000791006,1.3795e-06
0.00079283,1.38587e-06
0.000794658,1.39227e-06
0.00079649,1.39869e-06
0.000798326,1.40515e-06
0.000800167,1.41164e-06
0.000802012,1.41815e-06
0.000803861,1.4247e-06
0.000805715,1.43128e-06
0.000807572,1.43789e-06
0.000809434,1.44453e-06
0.000811301,1.45119e-06
0.000813171,1.45789e-06
0.000815046,1.46462e-06
0.000816925,1.47139e-06
0.000818809,1.47818e-06
0.000820697,1.485e-06
0.000822589,1.49186e-06
0.000824486,1.49875e-06
0.000826387,1.50567e-06
0.000828292,1.51262e-06
0.000830202,1.5196e-06
0.000832116,1.52662e-06
0.000834035,1.53366e-06
0.000835958,1.54074e-06
0.000837885,1.54786e-06
0.000839817,1.555e-06
0.000841754,1.56218e-06
0.000843695,1.5694e-06
0.00084564,1.57664e-06
0.00084759,1.58392e-06
0.000849544,1.59123e-06
0.000851503,1.59858e-06
0.000853466,1.60596e-06
0.000855434,1.61337e-06
0.000857406,1.62082e-06
0.000859383,1.6283e-06
0.000861365,1.63582e-06
0.000863351,1.64337e-06
0.000865341,1.65096e-06
0.000867337,1.65858e-06
0.000869336,1.66624e-06
0.000871341,1.67393e-06
0.00087335,1.68166e-06
0.000875364,1.68942e-06
0.000877382,1.69722e-06
0.000879405,1.70506e-06
0.000881432,1.71293e-06
0.000883465,1.72084e-06
0.000885502,1.72878e-06
0.000887543,1.73677e-06
0.00088959,1.74478e-06
0.000891641,1.75284e-06
0.000893697,1.76093e-06
0.000895757,1.76906e-06
0.000897823,1.77723e-06
0.000899893,1.78543e-06
0.000901968,1.79368e-06
0.000904047,1.80196e-06
0.000906132,1.81028e-06
0.000908221,1.81863e-06
0.000910315,1.82703e-06
0.000912414,1.83546e-06
0.000914518,1.84394e-06
0.000916627,1.85245e-06
0.00091874,1.861e-06
0.000920858,1.86959e-06
0.000922982,1.87823e-06
0.00092511,1.8869e-06
0.000927243,1.89561e-06
0.000929381,1.90436e-06
0.000931524,1.91315e-06
0.000933671,1.92198e-06
0.000935824,1.93086e-06
0.000937982,1.93977e-06
0.000940145,1.94873e-06
0.000942312,1.95772e-06
0.000944485,1.96676e-06
0.000946663,1.97584e-06
0.000948845,1.98496e-06
0.000951033,1.99413e-06
0.000953226,2.00333e-06
0.000955424,2.01258e-06
0.000957627,2.02187e-06
0.000959835,2.03121e-06
0.000962048,2.04059e-06
0.000964266,2.05001e-06
0.000966489,2.05947e-06
0.000968718,2.06898e-06
0.000970951,2.07853e-06
0.00097319,2.08813e-06
0.000975434,2.09777e-06
0.000977683,2.10745e-06
0.000979937,2.11718e-06
0.000982197,2.12696e-06
0.000984461,2.13678e-06
0.000986731,2.14664e-06
0.000989006,2.15655e-06
0.000991287,2.16651e-06
0.000993572,2.17651e-06
0.000995863,2.18656e-06
0.000998159,2.19665e-06
0.00100046,2.20679e-06
0.00100277,2.21698e-06
0.00100508,2.22722e-06
0.0010074,2.2375e-06
0.00100972,2.24783e-06
0.00101205,2.25821e-06
0.00101438,2.26863e-06
0.00101672,2.27911e-06
0.00101906,2.28963e-06
0.00102141,2.3002e-06
0.00102377,2.31082e-06
0.00102613,2.32149e-06
0.0010285,2.3322e-06
0.00103087,2.34297e-06
0.00103324,2.35379e-06
0.00103563,2.36465e-06
0.00103801,2.37557e-06
0.00104041,2.38654e-06
0.00104281,2.39756e-06
0.00104521,2.40863e-06
0.00104762,2.41975e-06
0.00105004,2.43092e-06
0.00105246,2.44214e-06
0.00105488,2.45341e-06
0.00105732,2.46474e-06
0.00105975,2.47612e-06
0.0010622,2.48755e-06
0.00106465,2.49904e-06
0.0010671,2.51057e-06
0.00106956,2.52216e-06
0.00107203,2.53381e-06
0.0010745,2.54551e-06
0.00107698,2.55726e-06
0.00107946,2.56906e-06
0.00108195,2.58092e-06
0.00108444,2.59284e-06
0.00108694,2.60481e-06
0.00108945,2.61684e-06
0.00109196,2.62892e-06
0.00109448,2.64105e-06
0.001097,2.65325e-06
0.00109953,2.6655e-06
0.00110207,2.6778e-06
0.00110461,2.69016e-06
0.00110716,2.70258e-06
0.00110971,2.71506e-06
0.00111227,2.7276e-06
0.00111483,2.74019e-06
0.0011174,2.75284e-06
0.00111998,2.76555e-06
0.00112256,2.77832e-06
0.00112515,2.79114e-06
0.00112774,2.80403e-06
0.00113034,2.81697e-06
0.00113295,2.82998e-06
0.00113556,2.84304e-06
0.00113818,2.85617e-06
0.00114081,2.86936e-06
0.00114344,2.8826e-06
0.00114607,2.89591e-06
0.00114871,2.90928e-06
0.00115136,2.92271e-06
0.00115402,2.93621e-06
0.00115668,2.94976e-06
0.00115935,2.96338e-06
0.00116202,2.97706e-06
0.0011647,2.9908e-06
0.00116738,3.00461e-06
0.00117007,3.01848e-06
0.00117277,3.03242e-06
0.00117548,3.04642e-06
0.00117819,3.06048e-06
0.0011809,3.07461e-06
0.00118363,3.08881e-06
0.00118636,3.10307e-06
0.00118909,3.11739e-06
0.00119183,3.13179e-06
0.00119458,3.14624e-06
0.00119733,3.16077e-06
0.0012001,3.17536e-06
0.00120286,3.19002e-06
0.00120564,3.20475e-06
0.00120842,3.21954e-06
0.0012112,3.23441e-06
0.00121399,3.24934e-06
0.00121679,3.26434e-06
0.0012196,3.27941e-06
0.00122241,3.29455e-06
0.00122523,3.30976e-06
0.00122806,3.32504e-06
0.00123089,3.34039e-06
0.00123372,3.35581e-06
0.00123657,3.37131e-06
0.00123942,3.38687e-06
0.00124228,3.40251e-06
0.00124514,3.41822e-06
0.00124801,3.434e-06
0.00125089,3.44985e-06
0.00125378,3.46578e-06
0.00125667,3.48178e-06
0.00125956,3.49785e-06
0.00126247,3.514e-06
0.00126538,3.53022e-06
0.0012683,3.54652e-06
0.00127122,3.5629e-06
0.00127415,3.57934e-06
0.00127709,3.59587e-06
0.00128003,3.61247e-06
0.00128299,3.62915e-06
0.00128594,3.6459e-06
0.00128891,3.66273e-06
0.00129188,3.67964e-06
0.00129486,3.69663e-06
0.00129784,3.7137e-06
0.00130084,3.73084e-06
0.00130384,3.74807e-06
0.00130684,3.76537e-06
0.00130986,3.78276e-06
0.00131288,3.80022e-06
0.0013159,3.81776e-06
0.00131894,3.83539e-06
0.00132198,3.8531e-06
0.00132503,3.87088e-06
0.00132808,3.88876e-06
0.00133114,3.90671e-06
0.00133421,3.92474e-06
0.00133729,3.94286e-06
0.00134037,3.96107e-06
0.00134346,3.97935e-06
0.00134656,3.99773e-06
0.00134967,4.01618e-06
0.00135278,4.03472e-06
0.0013559,4.05335e-06
0.00135902,4.07206e-06
0.00136216,4.09086e-06
0.0013653,4.10975e-06
0.00136844,4.12872e-06
0.0013716,4.14778e-06
0.00137476,4.16693e-06
0.00137793,4.18617e-06
0.00138111,4.2055e-06
0.00138429,4.22491e-06
0.00138749,4.24442e-06
0.00139068,4.26401e-06
0.00139389,4.2837e-06
0.0013971,4.30348e-06
0.00140033,4.32334e-06
0.00140356,4.3433e-06
0.00140679,4.36335e-06
0.00141003,4.3835e-06
0.00141329,4.40374e-06
0.00141654,4.42407e-06
0.00141981,4.44449e-06
0.00142308,4.46501e-06
0.00142637,4.48562e-06
0.00142965,4.50633e-06
0.00143295,4.52714e-06
0.00143625,4.54804e-06
0.00143957,4.56903e-06
0.00144289,4.59013e-06
0.00144621,4.61132e-06
0.00144955,4.63261e-06
0.00145289,4.654e-06
0.00145624,4.67548e-06
0.0014596,4.69707e-06
0.00146296,4.71875e-06
0.00146634,4.74054e-06
0.00146972,4.76242e-06
0.0014731,4.78441e-06
0.0014765,4.8065e-06
0.00147991,4.82869e-06
0.00148332,4.85098e-06
0.00148674,4.87338e-06
0.00149017,4.89588e-06
0.0014936,4.91848e-06
0.00149705,4.94119e-06
0.0015005,4.964e-06
0.00150396,4.98692e-06
0.00150742,5.00994e-06
0.0015109,5.03307e-06
0.00151438,5.0563e-06
0.00151788,5.07965e-06
0.00152138,5.1031e-06
0.00152488,5.12666e-06
0.0015284,5.15033e-06
0.00153192,5.1741e-06
0.00153546,5.19799e-06
0.001539,5.22199e-06
0.00154254,5.2461e-06
0.0015461,5.27032e-06
0.00154967,5.29465e-06
0.00155324,5.31909e-06
0.00155682,5.34365e-06
0.00156041,5.36832e-06
0.00156401,5.3931e-06
0.00156761,5.418e-06
0.00157123,5.44301e-06
0.00157485,5.46814e-06
0.00157848,5.49339e-06
0.00158212,5.51875e-06
0.00158577,5.54423e-06
0.00158943,5.56982e-06
0.00159309,5.59554e-06
0.00159676,5.62137e-06
0.00160045,5.64732e-06
0.00160414,5.67339e-06
0.00160783,5.69959e-06
0.00161154,5.7259e-06
0.00161526,5.75234e-06
0.00161898,5.77889e-06
0.00162271,5.80557e-06
0.00162646,5.83237e-06
0.00163021,5.8593e-06
0.00163396,5.88635e-06
0.00163773,5.91353e-06
0.00164151,5.94083e-06
0.00164529,5.96825e-06
0.00164909,5.99581e-06
0.00165289,6.02349e-06
0.0016567,6.0513e-06
0.00166052,6.07923e-06
0.00166435,6.1073e-06
0.00166819,6.1355e-06
0.00167203,6.16382e-06
0.00167589,6.19228e-06
0.00167975,6.22087e-06
0.00168362,6.24959e-06
0.00168751,6.27844e-06
0.0016914,6.30742e-06
0.0016953,6.33654e-06
0.00169921,6.3658e-06
0.00170312,6.39519e-06
0.00170705,6.42471e-06
0.00171099,6.45437e-06
0.00171493,6.48417e-06
0.00171889,6.51411e-06
0.00172285,6.54418e-06
0.00172682,6.57439e-06
0.0017308,6.60474e-06
0.00173479,6.63524e-06
0.00173879,6.66587e-06
0.0017428,6.69664e-06
0.00174682,6.72756e-06
0.00175085,6.75862e-06
0.00175489,6.78982e-06
0.00175893,6.82117e-06
0.00176299,6.85266e-06
0.00176705,6.8843e-06
0.00177113,6.91608e-06
0.00177521,6.94801e-06
0.0017793,6.98009e-06
0.00178341,7.01231e-06
0.00178752,7.04468e-06
0.00179164,7.07721e-06
0.00179577,7.10988e-06
0.00179991,7.1427e-06
0.00180406,7.17568e-06
0.00180822,7.20881e-06
0.00181239,7.24209e-06
0.00181657,7.27552e-06
0.00182076,7.30911e-06
0.00182496,7.34286e-06
0.00182916,7.37676e-06
0.00183338,7.41081e-06
0.00183761,7.44503e-06
0.00184184,7.4794e-06
0.00184609,7.51393e-06
0.00185035,7.54862e-06
0.00185461,7.58347e-06
0.00185889,7.61848e-06
0.00186318,7.65365e-06
0.00186747,7.68898e-06
0.00187178,7.72448e-06
0.00187609,7.76014e-06
0.00188042,7.79597e-06
0.00188476,7.83196e-06
0.0018891,7.86812e-06
0.00189346,7.90444e-06
0.00189782,7.94094e-06
0.0019022,7.9776e-06
0.00190658,8.01443e-06
0.00191098,8.05143e-06
0.00191539,8.0886e-06
0.0019198,8.12594e-06
0.00192423,8.16346e-06
0.00192867,8.20114e-06
0.00193311,8.23901e-06
0.00193757,8.27704e-06
0.00194204,8.31526e-06
0.00194652,8.35364e-06
0.001951,8.39221e-06
0.0019555,8.43096e-06
0.00196001,8.46988e-06
0.00196453,8.50898e-06
0.00196906,8.54826e-06
0.0019736,8.58773e-06
0.00197815,8.62738e-06
0.00198271,8.66721e-06
0.00198728,8.70722e-06
0.00199186,8.74742e-06
0.00199646,8.7878e-06
0.00200106,8.82837e-06
0.00200567,8.86913e-06
0.0020103,8.91008e-06
0.00201493,8.95121e-06
0.00201958,8.99254e-06
0.00202424,9.03405e-06
0.0020289,9.07576e-06
0.00203358,9.11766e-06
0.00203827,9.15975e-06
0.00204297,9.20204e-06
0.00204768,9.24453e-06
0.0020524,9.2872e-06
0.00205713,9.33008e-06
0.00206188,9.37315e-06
0.00206663,9.41643e-06
0.0020714,9.4599e-06
0.00207617,9.50357e-06
0.00208096,9.54745e-06
0.00208576,9.59153e-06
0.00209057,9.63581e-06
0.00209539,9.68029e-06
0.00210022,9.72498e-06
0.00210506,9.76988e-06
0.00210991,9.81499e-06
0.00211478,9.8603e-06
0.00211966,9.90582e-06
0.00212454,9.95155e-06
0.00212944,9.9975e-06
0.00213435,1.00437e-05
0.00213927,1.009e-05
0.0021442,1.01366e-05
0.00214915,1.01834e-05
0.0021541,1.02304e-05
0.00215907,1.02776e-05
0.00216405,1.03251e-05
0.00216904,1.03728e-05
0.00217404,1.04206e-05
0.00217905,1.04688e-05
0.00218408,1.05171e-05
0.00218911,1.05656e-05
0.00219416,1.06144e-05
0.00219922,1.06634e-05
0.00220429,1.07127e-05
0.00220937,1.07621e-05
0.00221447,1.08118e-05
0.00221957,1.08617e-05
0.00222469,1.09119e-05
0.00222982,1.09622e-05
0.00223496,1.10128e-05
0.00224011,1.10637e-05
0.00224528,1.11148e-05
0.00225046,1.11661e-05
0.00225564,1.12176e-05
0.00226085,1.12694e-05
0.00226606,1.13214e-05
0.00227128,1.13737e-05
0.00227652,1.14262e-05
0.00228177,1.1479e-05
0.00228703,1.1532e-05
0.0022923,1.15852e-05
0.00229759,1.16387e-05
0.00230289,1.16924e-05
0.0023082,1.17464e-05
0.00231352,1.18006e-05
0.00231885,1.18551e-05
0.0023242,1.19098e-05
0.00232956,1.19648e-05
0.00233493,1.20201e-05
0.00234031,1.20756e-05
0.00234571,1.21313e-05
0.00235112,1.21873e-05
0.00235654,1.22436e-05
0.00236197,1.23001e-05
0.00236742,1.23569e-05
0.00237288,1.24139e-05
0.00237835,1.24712e-05
0.00238383,1.25288e-05
0.00238933,1.25867e-05
0.00239484,1.26448e-05
0.00240036,1.27031e-05
0.00240589,1.27618e-05
0.00241144,1.28207e-05
0.002417,1.28799e-05
0.00242257,1.29394e-05
0.00242816,1.29991e-05
0.00243376,1.30591e-05
0.00243937,1.31194e-05
0.00244499,1.318e-05
0.00245063,1.32408e-05
0.00245628,1.33019e-05
0.00246194,1.33634e-05
0.00246762,1.34251e-05
0.00247331,1.3487e-05
0.00247901,1.35493e-05
0.00248473,1.36119e-05
0.00249046,1.36747e-05
0.0024962,1.37378e-05
0.00250196,1.38012e-05
0.00250772,1.3865e-05
0.00251351,1.3929e-05
0.0025193,1.39933e-05
0.00252511,1.40579e-05
0.00253093,1.41228e-05
0.00253677,1.4188e-05
0.00254262,1.42535e-05
0.00254848,1.43193e-05
0.00255436,1.43854e-05
0.00256025,1.44518e-05
0.00256615,1.45185e-05
0.00257207,1.45856e-05
0.002578,1.46529e-05
0.00258394,1.47205e-05
0.0025899,1.47885e-05
0.00259587,1.48568e-05
0.00260185,1.49254e-05
0.00260785,1.49943e-05
0.00261387,1.50635e-05
0.00261989,1.5133e-05
0.00262593,1.52029e-05
0.00263199,1.52731e-05
0.00263806,1.53436e-05
0.00264414,1.54144e-05
0.00265024,1.54856e-05
0.00265635,1.55571e-05
0.00266247,1.56289e-05
0.00266861,1.57011e-05
0.00267476,1.57736e-05
0.00268093,1.58464e-05
0.00268711,1.59195e-05
0.00269331,1.5993e-05
0.00269952,1.60669e-05
0.00270574,1.6141e-05
0.00271198,1.62156e-05
0.00271823,1.62904e-05
0.0027245,1.63656e-05
0.00273078,1.64412e-05
0.00273708,1.65171e-05
0.00274339,1.65933e-05
0.00274972,1.66699e-05
0.00275606,1.67469e-05
0.00276241,1.68242e-05
0.00276878,1.69019e-05
0.00277516,1.69799e-05
0.00278156,1.70583e-05
0.00278798,1.71371e-05
0.0027944,1.72162e-05
0.00280085,1.72957e-05
0.00280731,1.73755e-05
0.00281378,1.74557e-05
0.00282027,1.75363e-05
0.00282677,1.76173e-05
0.00283329,1.76986e-05
0.00283982,1.77803e-05
0.00284637,1.78624e-05
0.00285293,1.79449e-05
0.00285951,1.80277e-05
0.0028661,1.81109e-05
0.00287271,1.81946e-05
0.00287933,1.82786e-05
0.00288597,1.83629e-05
0.00289263,1.84477e-05
0.0028993,1.85329e-05
0.00290598,1.86184e-05
0.00291268,1.87044e-05
0.0029194,1.87907e-05
0.00292613,1.88775e-05
0.00293287,1.89646e-05
0.00293964,1.90522e-05
0.00294641,1.91402e-05
0.00295321,1.92285e-05
0.00296002,1.93173e-05
0.00296684,1.94065e-05
0.00297368,1.94961e-05
0.00298054,1.95861e-05
0.00298741,1.96765e-05
0.0029943,1.97673e-05
0.0030012,1.98586e-05
0.00300812,1.99503e-05
0.00301506,2.00424e-05
0.00302201,2.01349e-05
0.00302898,2.02279e-05
0.00303596,2.03213e-05
0.00304296,2.04151e-05
0.00304998,2.05093e-05
0.00305701,2.0604e-05
0.00306406,2.06991e-05
0.00307112,2.07947e-05
0.00307821,2.08907e-05
0.0030853,2.09871e-05
0.00309242,2.1084e-05
0.00309955,2.11814e-05
0.00310669,2.12791e-05
0.00311386,2.13774e-05
0.00312104,2.14761e-05
0.00312823,2.15752e-05
0.00313545,2.16748e-05
0.00314267,2.17749e-05
0.00314992,2.18754e-05
0.00315718,2.19764e-05
0.00316446,2.20779e-05
0.00317176,2.21798e-05
0.00317907,2.22822e-05
0.0031864,2.23851e-05
0.00319375,2.24884e-05
0.00320111,2.25922e-05
0.00320849,2.26965e-05
0.00321589,2.28013e-05
0.00322331,2.29066e-05
0.00323074,2.30123e-05
0.00323819,2.31186e-05
0.00324565,2.32253e-05
0.00325314,2.33325e-05
0.00326064,2.34402e-05
0.00326816,2.35485e-05
0.00327569,2.36572e-05
0.00328324,2.37664e-05
0.00329081,2.38761e-05
0.0032984,2.39863e-05
0.00330601,2.40971e-05
0.00331363,2.42083e-05
0.00332127,2.43201e-05
0.00332893,2.44324e-05
0.0033366,2.45452e-05
0.0033443,2.46585e-05
0.00335201,2.47723e-05
0.00335974,2.48867e-05
0.00336748,2.50016e-05
0.00337525,2.5117e-05
0.00338303,2.5233e-05
0.00339083,2.53494e-05
0.00339865,2.54665e-05
0.00340648,2.5584e-05
0.00341434,2.57022e-05
0.00342221,2.58208e-05
0.0034301,2.594e-05
0.00343801,2.60598e-05
0.00344594,2.61801e-05
0.00345388,2.6301e-05
0.00346185,2.64224e-05
0.00346983,2.65444e-05
0.00347783,2.66669e-05
0.00348585,2.679e-05
0.00349389,2.69137e-05
0.00350194,2.70379e-05
0.00351002,2.71628e-05
0.00351811,2.72882e-05
0.00352622,2.74142e-05
0.00353435,2.75407e-05
0.0035425,2.76679e-05
0.00355067,2.77956e-05
0.00355885,2.79239e-05
0.00356706,2.80528e-05
0.00357528,2.81823e-05
0.00358353,2.83125e-05
0.00359179,2.84432e-05
0.00360007,2.85745e-05
0.00360837,2.87064e-05
0.00361669,2.88389e-05
0.00362503,2.89721e-05
0.00363339,2.91058e-05
0.00364177,2.92402e-05
0.00365016,2.93752e-05
0.00365858,2.95108e-05
0.00366702,2.9647e-05
0.00367547,2.97839e-05
0.00368395,2.99214e-05
0.00369244,3.00595e-05
0.00370095,3.01983e-05
0.00370949,3.03377e-05
0.00371804,3.04778e-05
0.00372661,3.06185e-05
0.00373521,3.07598e-05
0.00374382,3.09018e-05
0.00375245,3.10445e-05
0.0037611,3.11878e-05
0.00376977,3.13318e-05
0.00377847,3.14765e-05
0.00378718,3.16218e-05
0.00379591,3.17678e-05
0.00380466,3.19144e-05
0.00381343,3.20618e-05
0.00382223,3.22098e-05
0.00383104,3.23585e-05
0.00383987,3.25079e-05
0.00384873,3.26579e-05
0.0038576,3.28087e-05
0.0038665,3.29602e-05
0.00387541,3.31123e-05
0.00388435,3.32652e-05
0.0038933,3.34188e-05
0.00390228,3.35731e-05
0.00391128,3.37281e-05
0.00392029,3.38838e-05
0.00392933,3.40402e-05
0.00393839,3.41974e-05
0.00394747,3.43552e-05
0.00395658,3.45138e-05
0.0039657,3.46732e-05
0.00397484,3.48332e-05
0.00398401,3.49941e-05
0.00399319,3.51556e-05
0.0040024,3.53179e-05
0.00401163,3.5481e-05
0.00402088,3.56448e-05
0.00403015,3.58093e-05
0.00403944,3.59746e-05
0.00404875,3.61407e-05
0.00405809,3.63076e-05
0.00406745,3.64752e-05
0.00407682,3.66436e-05
0.00408622,3.68128e-05
0.00409565,3.69827e-05
0.00410509,3.71534e-05
0.00411455,3.7325e-05
0.00412404,3.74973e-05
0.00413355,3.76704e-05
0.00414308,3.78443e-05
0.00415263,3.8019e-05
0.00416221,3.81945e-05
0.00417181,3.83709e-05
0.00418142,3.8548e-05
0.00419107,3.8726e-05
0.00420073,3.89048e-05
0.00421041,3.90844e-05
0.00422012,3.92648e-05
0.00422985,3.94461e-05
0.00423961,3.96282e-05
0.00424938,3.98111e-05
0.00425918,3.99949e-05
0.004269,4.01796e-05
0.00427884,4.03651e-05
0.00428871,4.05514e-05
0.0042986,4.07386e-05
0.00430851,4.09267e-05
0.00431844,4.11156e-05
0.0043284,4.13054e-05
0.00433838,4.14961e-05
0.00434838,4.16877e-05
0.00435841,4.18802e-05
0.00436846,4.20735e-05
0.00437853,4.22677e-05
0.00438862,4.24629e-05
0.00439874,4.26589e-05
0.00440889,4.28559e-05
0.00441905,4.30537e-05
0.00442924,4.32525e-05
0.00443945,4.34521e-05
0.00444969,4.36527e-05
0.00445995,4.38543e-05
0.00447023,4.40567e-05
0.00448054,4.42601e-05
0.00449087,4.44645e-05
0.00450122,4.46697e-05
0.0045116,4.4876e-05
0.00452201,4.50831e-05
0.00453243,4.52913e-05
0.00454288,4.55003e-05
0.00455336,4.57104e-05
0.00456386,4.59214e-05
0.00457438,4.61334e-05
0.00458493,4.63464e-05
0.0045955,4.65604e-05
0.00460609,4.67753e-05
0.00461671,4.69913e-05
0.00462736,4.72082e-05
0.00463803,4.74262e-05
0.00464872,4.76451e-05
0.00465944,4.78651e-05
0.00467018,4.8086e-05
0.00468095,4.8308e-05
0.00469174,4.8531e-05
0.00470256,4.87551e-05
0.0047134,4.89802e-05
0.00472427,4.92063e-05
0.00473516,4.94335e-05
0.00474608,4.96617e-05
0.00475703,4.98909e-05
0.00476799,5.01213e-05
0.00477899,5.03527e-05
0.00479001,5.05851e-05
0.00480105,5.08186e-05
0.00481212,5.10533e-05
0.00482322,5.12889e-05
0.00483434,5.15257e-05
0.00484548,5.17636e-05
0.00485666,5.20026e-05
0.00486785,5.22426e-05
0.00487908,5.24838e-05
0.00489033,5.27261e-05
0.0049016,5.29695e-05
0.0049129,5.32141e-05
0.00492423,5.34597e-05
0.00493559,5.37065e-05
0.00494697,5.39545e-05
0.00495837,5.42036e-05
0.0049698,5.44538e-05
0.00498126,5.47052e-05
0.00499275,5.49578e-05
0.00500426,5.52115e-05
0.0050158,5.54664e-05
0.00502736,5.57224e-05
0.00503895,5.59797e-05
0.00505057,5.62381e-05
0.00506222,5.64977e-05
0.00507389,5.67586e-05
0.00508559,5.70206e-05
0.00509731,5.72838e-05
0.00510907,5.75483e-05
0.00512085,5.7814e-05
0.00513265,5.80809e-05
0.00514449,5.8349e-05
0.00515635,5.86184e-05
0.00516824,5.8889e-05
0.00518016,5.91609e-05
0.0051921,5.9434e-05
0.00520407,5.97084e-05
0.00521607,5.9984e-05
0.0052281,6.02609e-05
0.00524015,6.05391e-05
0.00525223,6.08186e-05
0.00526434,6.10994e-05
0.00527648,6.13814e-05
0.00528865,6.16648e-05
0.00530084,6.19495e-05
0.00531306,6.22355e-05
0.00532531,6.25228e-05
0.00533759,6.28114e-05
0.0053499,6.31014e-05
0.00536224,6.33927e-05
0.0053746,6.36854e-05
0.00538699,6.39794e-05
0.00539941,6.42748e-05
0.00541186,6.45715e-05
0.00542434,6.48696e-05
0.00543685,6.51691e-05
0.00544938,6.54699e-05
0.00546195,6.57722e-05
0.00547454,6.60758e-05
0.00548716,6.63808e-05
0.00549981,6.66873e-05
0.0055125,6.69952e-05
0.00552521,6.73044e-05
0.00553795,6.76152e-05
0.00555071,6.79273e-05
0.00556351,6.82409e-05
0.00557634,6.85559e-05
0.0055892,6.88724e-05
0.00560208,6.91904e-05
0.005615,6.95098e-05
0.00562795,6.98307e-05
0.00564092,7.01531e-05
0.00565393,7.04769e-05
0.00566697,7.08023e-05
0.00568003,7.11292e-05
0.00569313,7.14575e-05
0.00570626,7.17874e-05
0.00571941,7.21188e-05
0.0057326,7.24518e-05
0.00574582,7.27862e-05
0.00575907,7.31223e-05
0.00577234,7.34598e-05
0.00578565,7.3799e-05
0.00579899,7.41397e-05
0.00581236,7.44819e-05
0.00582577,7.48258e-05
0.0058392,7.51712e-05
0.00585266,7.55182e-05
0.00586616,7.58669e-05
0.00587968,7.62171e-05
0.00589324,7.6569e-05
0.00590683,7.69225e-05
0.00592045,7.72776e-05
0.0059341,7.76343e-05
0.00594778,7.79927e-05
0.00596149,7.83528e-05
0.00597524,7.87145e-05
0.00598902,7.90779e-05
0.00600282,7.9443e-05
0.00601667,7.98097e-05
0.00603054,8.01781e-05
0.00604444,8.05483e-05
0.00605838,8.09201e-05
0.00607235,8.12937e-05
0.00608635,8.1669e-05
0.00610038,8.2046e-05
0.00611445,8.24248e-05
0.00612855,8.28053e-05
0.00614268,8.31876e-05
0.00615684,8.35716e-05
0.00617104,8.39574e-05
0.00618526,8.4345e-05
0.00619953,8.47344e-05
0.00621382,8.51256e-05
0.00622815,8.55186e-05
0.00624251,8.59134e-05
0.0062569,8.631e-05
0.00627133,8.67084e-05
0.00628579,8.71087e-05
0.00630028,8.75109e-05
0.00631481,8.79148e-05
0.00632937,8.83207e-05
0.00634396,8.87284e-05
0.00635859,8.91381e-05
0.00637325,8.95496e-05
0.00638794,8.9963e-05
0.00640267,9.03783e-05
0.00641743,9.07955e-05
0.00643223,9.12147e-05
0.00644706,9.16358e-05
0.00646193,9.20588e-05
0.00647683,9.24838e-05
0.00649176,9.29107e-05
0.00650673,9.33397e-05
0.00652173,9.37706e-05
0.00653677,9.42034e-05
0.00655184,9.46383e-05
0.00656695,9.50752e-05
0.00658209,9.55141e-05
0.00659726,9.59551e-05
0.00661248,9.63981e-05
0.00662772,9.68431e-05
0.006643,9.72902e-05
0.00665832,9.77393e-05
0.00667367,9.81905e-05
0.00668906,9.86438e-05
0.00670448,9.90992e-05
0.00671994,9.95567e-05
0.00673544,0.000100016
0.00675097,0.000100478
0.00676653,0.000100942
0.00678213,0.000101408
0.00679777,0.000101876
0.00681344,0.000102346
0.00682915,0.000102819
0.0068449,0.000103293
0.00686068,0.00010377
0.0068765,0.000104249
0.00689236,0.000104731
0.00690825,0.000105214
0.00692418,0.0001057
0.00694014,0.000106188
0.00695614,0.000106678
0.00697218,0.00010717
0.00698826,0.000107665
0.00700437,0.000108162
0.00702052,0.000108662
0.00703671,0.000109163
0.00705293,0.000109667
0.00706919,0.000110173
0.00708549,0.000110682
0.00710183,0.000111193
0.0071182,0.000111706
0.00713462,0.000112222
0.00715107,0.00011274
0.00716756,0.00011326
0.00718408,0.000113783
0.00720065,0.000114309
0.00721725,0.000114836
0.00723389,0.000115366
0.00725057,0.000115899
0.00726729,0.000116434
0.00728404,0.000116972
0.00730084,0.000117512
0.00731767,0.000118054
0.00733454,0.000118599
0.00735145,0.000119147
0.0073684,0.000119697
0.00738539,0.000120249
0.00740242,0.000120804
0.00741949,0.000121362
0.0074366,0.000121922
0.00745374,0.000122485
0.00747093,0.000123051
0.00748816,0.000123619
0.00750542,0.000124189
0.00752273,0.000124763
0.00754007,0.000125338
0.00755746,0.000125917
0.00757488,0.000126498
0.00759235,0.000127082
0.00760985,0.000127669
0.0076274,0.000128258
0.00764499,0.00012885
0.00766261,0.000129445
0.00768028,0.000130043
0.00769799,0.000130643
0.00771574,0.000131246
0.00773353,0.000131852
0.00775136,0.000132461
0.00776923,0.000133072
0.00778715,0.000133687
0.0078051,0.000134304
0.0078231,0.000134924
0.00784113,0.000135547
0.00785921,0.000136172
0.00787733,0.000136801
0.0078955,0.000137433
0.0079137,0.000138067
0.00793195,0.000138704
0.00795024,0.000139345
0.00796857,0.000139988
0.00798694,0.000140634
0.00800536,0.000141283
0.00802381,0.000141936
0.00804231,0.000142591
0.00806086,0.000143249
0.00807944,0.00014391
0.00809807,0.000144575
0.00811674,0.000145242
0.00813546,0.000145913
0.00815422,0.000146586
0.00817302,0.000147263
0.00819186,0.000147943
0.00821075,0.000148626
0.00822968,0.000149312
0.00824866,0.000150001
0.00826768,0.000150694
0.00828674,0.000151389
0.00830585,0.000152088
0.008325,0.00015279
0.00834419,0.000153495
0.00836343,0.000154204
0.00838271,0.000154916
0.00840204,0.000155631
0.00842142,0.00015635
0.00844083,0.000157071
0.00846029,0.000157796
0.0084798,0.000158525
0.00849935,0.000159257
0.00851895,0.000159992
0.00853859,0.00016073
0.00855828,0.000161472
0.00857801,0.000162218
0.00859779,0.000162967
0.00861761,0.000163719
0.00863748,0.000164475
0.0086574,0.000165234
0.00867736,0.000165997
0.00869737,0.000166763
0.00871742,0.000167533
0.00873752,0.000168306
0.00875767,0.000169083
0.00877786,0.000169864
0.0087981,0.000170648
0.00881839,0.000171436
0.00883872,0.000172227
0.0088591,0.000173022
0.00887952,0.000173821
0.0089,0.000174623
0.00892052,0.000175429
0.00894109,0.000176239
0.0089617,0.000177053
0.00898236,0.00017787
0.00900308,0.000178691
0.00902383,0.000179516
0.00904464,0.000180345
0.00906549,0.000181177
0.0090864,0.000182014
0.00910735,0.000182854
0.00912835,0.000183698
0.00914939,0.000184546
0.00917049,0.000185398
0.00919163,0.000186254
0.00921283,0.000187114
0.00923407,0.000187977
0.00925536,0.000188845
0.0092767,0.000189717
0.00929809,0.000190593
0.00931953,0.000191472
0.00934102,0.000192356
0.00936255,0.000193244
0.00938414,0.000194136
0.00940578,0.000195032
0.00942746,0.000195933
0.0094492,0.000196837
0.00947099,0.000197746
0.00949283,0.000198659
0.00951471,0.000199576
0.00953665,0.000200497
0.00955864,0.000201423
0.00958068,0.000202352
0.00960277,0.000203287
0.00962491,0.000204225
0.0096471,0.000205168
0.00966935,0.000206115
0.00969164,0.000207066
0.00971399,0.000208022
0.00973638,0.000208982
0.00975883,0.000209947
0.00978133,0.000210916
0.00980389,0.00021189
0.00982649,0.000212868
0.00984915,0.000213851
0.00987186,0.000214838
0.00989462,0.00021583
0.00991743,0.000216826
0.0099403,0.000217827
0.00996322,0.000218832
0.00998619,0.000219842
0.0100092,0.000220857
0.0100323,0.000221877
0.0100554,0.000222901
0.0100786,0.00022393
0.0101018,0.000224964
0.0101251,0.000226002
0.0101485,0.000227045
0.0101719,0.000228094
0.0101953,0.000229146
0.0102188,0.000230204
0.0102424,0.000231267
0.010266,0.000232334
0.0102897,0.000233407
0.0103134,0.000234484
0.0103372,0.000235567
0.010361,0.000236654
0.0103849,0.000237747
0.0104089,0.000238844
0.0104329,0.000239947
0.0104569,0.000241054
0.010481,0.000242167
0.0105052,0.000243285
0.0105294,0.000244408
0.0105537,0.000245536
0.010578,0.00024667
0.0106024,0.000247808
0.0106269,0.000248952
0.0106514,0.000250101
0.0106759,0.000251256
0.0107005,0.000252416
0.0107252,0.000253581
0.0107499,0.000254751
0.0107747,0.000255927
0.0107996,0.000257109
0.0108245,0.000258295
0.0108494,0.000259488
0.0108744,0.000260686
0.0108995,0.000261889
0.0109247,0.000263098
0.0109498,0.000264312
0.0109751,0.000265532
0.0110004,0.000266758
0.0110258,0.00026799
0.0110512,0.000269227
0.0110767,0.000270469
0.0111022,0.000271718
0.0111278,0.000272972
0.0111535,0.000274232
0.0111792,0.000275498
0.0112049,0.00027677
0.0112308,0.000278047
0.0112567,0.000279331
0.0112826,0.00028062
0.0113086,0.000281916
0.0113347,0.000283217
0.0113609,0.000284524
0.0113871,0.000285838
0.0114133,0.000287157
0.0114396,0.000288483
0.011466,0.000289814
0.0114924,0.000291152
0.0115189,0.000292496
0.0115455,0.000293846
0.0115721,0.000295202
0.0115988,0.000296565
0.0116255,0.000297934
0.0116523,0.000299309
0.0116792,0.000300691
0.0117061,0.000302079
0.0117331,0.000303473
0.0117602,0.000304874
0.0117873,0.000306281
0.0118145,0.000307695
0.0118417,0.000309116
0.011869,0.000310542
0.0118964,0.000311976
0.0119238,0.000313416
0.0119513,0.000314863
0.0119789,0.000316316
0.0120065,0.000317776
0.0120342,0.000319243
0.0120619,0.000320717
0.0120897,0.000322197
0.0121176,0.000323684
0.0121455,0.000325178
0.0121735,0.000326679
0.0122016,0.000328187
0.0122297,0.000329702
0.0122579,0.000331224
0.0122862,0.000332753
0.0123145,0.000334289
0.0123429,0.000335832
0.0123714,0.000337382
0.0123999,0.000338939
0.0124285,0.000340504
0.0124572,0.000342076
0.0124859,0.000343655
0.0125147,0.000345241
0.0125435,0.000346834
0.0125724,0.000348435
0.0126014,0.000350044
0.0126305,0.000351659
0.0126596,0.000353283
0.0126888,0.000354913
0.0127181,0.000356552
0.0127474,0.000358197
0.0127768,0.000359851
0.0128062,0.000361512
0.0128358,0.00036318
0.0128654,0.000364857
0.012895,0.000366541
0.0129248,0.000368233
0.0129546,0.000369932
0.0129844,0.00037164
0.0130144,0.000373355
0.0130444,0.000375079
0.0130744,0.00037681
0.0131046,0.000378549
0.0131348,0.000380297
0.0131651,0.000382052
0.0131954,0.000383815
0.0132259,0.000385587
0.0132564,0.000387367
0.0132869,0.000389155
0.0133176,0.000390951
0.0133483,0.000392756
0.0133791,0.000394569
0.0134099,0.00039639
0.0134408,0.000398219
0.0134718,0.000400057
0.0135029,0.000401904
0.013534,0.000403759
0.0135652,0.000405623
0.0135965,0.000407495
0.0136278,0.000409376
0.0136593,0.000411265
0.0136908,0.000413164
0.0137223,0.000415071
0.013754,0.000416987
0.0137857,0.000418911
0.0138175,0.000420845
0.0138493,0.000422787
0.0138812,0.000424739
0.0139133,0.000426699
0.0139453,0.000428669
0.0139775,0.000430647
0.0140097,0.000432635
0.014042,0.000434632
0.0140744,0.000436638
0.0141068,0.000438653
0.0141394,0.000440678
0.014172,0.000442712
0.0142046,0.000444756
0.0142374,0.000446808
0.0142702,0.000448871
0.0143031,0.000450942
0.0143361,0.000453024
0.0143692,0.000455115
0.0144023,0.000457215
0.0144355,0.000459326
0.0144688,0.000461446
0.0145021,0.000463576
0.0145356,0.000465715
0.0145691,0.000467865
0.0146027,0.000470024
0.0146364,0.000472194
0.0146701,0.000474373
0.0147039,0.000476563
0.0147378,0.000478762
0.0147718,0.000480972
0.0148059,0.000483192
0.01484,0.000485422
0.0148742,0.000487663
0.0149085,0.000489913
0.0149429,0.000492175
0.0149774,0.000494446
0.0150119,0.000496728
0.0150465,0.000499021
0.0150812,0.000501324
0.015116,0.000503638
0.0151508,0.000505963
0.0151858,0.000508298
0.0152208,0.000510644
0.0152559,0.000513001
0.015291,0.000515369
0.0153263,0.000517747
0.0153616,0.000520137
0.015397,0.000522538
0.0154325,0.000524949
0.0154681,0.000527372
0.0155038,0.000529806
0.0155395,0.000532252
0.0155754,0.000534708
0.0156113,0.000537176
0.0156473,0.000539655
0.0156834,0.000542146
0.0157195,0.000544648
0.0157558,0.000547162
0.0157921,0.000549687
0.0158285,0.000552224
0.015865,0.000554773
0.0159016,0.000557334
0.0159382,0.000559906
0.015975,0.00056249
0.0160118,0.000565086
0.0160487,0.000567694
0.0160857,0.000570314
0.0161228,0.000572946
0.01616,0.000575591
0.0161973,0.000578247
0.0162346,0.000580916
0.0162721,0.000583597
0.0163096,0.000586291
0.0163472,0.000588997
0.0163849,0.000591715
0.0164226,0.000594446
0.0164605,0.000597189
0.0164985,0.000599946
0.0165365,0.000602714
0.0165746,0.000605496
0.0166128,0.000608291
0.0166512,0.000611098
0.0166895,0.000613918
0.016728,0.000616752
0.0167666,0.000619598
0.0168053,0.000622458
0.016844,0.00062533
0.0168828,0.000628216
0.0169218,0.000631116
0.0169608,0.000634029
0.0169999,0.000636955
0.0170391,0.000639894
0.0170784,0.000642848
0.0171178,0.000645814
0.0171572,0.000648795
0.0171968,0.000651789
0.0172364,0.000654797
0.0172762,0.000657819
0.017316,0.000660855
0.0173559,0.000663905
0.0173959,0.000666969
0.0174361,0.000670047
0.0174763,0.000673139
0.0175166,0.000676246
0.0175569,0.000679367
0.0175974,0.000682502
0.017638,0.000685652
0.0176787,0.000688816
0.0177194,0.000691995
0.0177603,0.000695189
0.0178012,0.000698397
0.0178423,0.00070162
0.0178834,0.000704858
0.0179247,0.000708111
0.017966,0.000711379
0.0180074,0.000714662
0.0180489,0.00071796
0.0180905,0.000721274
0.0181322,0.000724602
0.0181741,0.000727946
0.018216,0.000731306
0.018258,0.000734681
0.0183001,0.000738071
0.0183423,0.000741477
0.0183845,0.000744899
0.0184269,0.000748337
0.0184694,0.00075179
0.018512,0.00075526
0.0185547,0.000758745
0.0185975,0.000762246
0.0186404,0.000765764
0.0186833,0.000769298
0.0187264,0.000772848
0.0187696,0.000776415
0.0188129,0.000779998
0.0188562,0.000783597
0.0188997,0.000787213
0.0189433,0.000790846
0.018987,0.000794496
0.0190307,0.000798162
0.0190746,0.000801846
0.0191186,0.000805546
0.0191627,0.000809263
0.0192069,0.000812998
0.0192512,0.00081675
0.0192955,0.000820519
0.01934,0.000824305
0.0193846,0.000828109
0.0194293,0.000831931
0.0194741,0.00083577
0.019519,0.000839626
0.019564,0.000843501
0.0196091,0.000847393
0.0196544,0.000851304
0.0196997,0.000855232
0.0197451,0.000859179
0.0197906,0.000863144
0.0198362,0.000867127
0.019882,0.000871128
0.0199278,0.000875148
0.0199738,0.000879187
0.0200198,0.000883244
0.020066,0.000887319
0.0201123,0.000891414
0.0201586,0.000895527
0.0202051,0.00089966
0.0202517,0.000903811
0.0202984,0.000907982
0.0203452,0.000912172
0.0203921,0.000916381
0.0204391,0.00092061
0.0204862,0.000924858
0.0205335,0.000929126
0.0205808,0.000933413
0.0206283,0.00093772
0.0206758,0.000942047
0.0207235,0.000946394
0.0207713,0.000950761
0.0208192,0.000955148
0.0208672,0.000959556
0.0209153,0.000963984
0.0209635,0.000968432
0.0210119,0.0009729
0.0210603,0.00097739
0.0211089,0.0009819
0.0211575,0.00098643
0.0212063,0.000990982
0.0212552,0.000995555
0.0213042,0.00100015
0.0213533,0.00100476
0.0214026,0.0010094
0.0214519,0.00101406
0.0215014,0.00101874
0.021551,0.00102344
0.0216007,0.00102816
0.0216505,0.0010329
0.0217004,0.00103767
0.0217504,0.00104246
0.0218006,0.00104727
0.0218508,0.0010521
0.0219012,0.00105695
0.0219517,0.00106183
0.0220023,0.00106673
0.0220531,0.00107165
0.0221039,0.0010766
0.0221549,0.00108157
0.0222059,0.00108656
0.0222571,0.00109157
0.0223085,0.00109661
0.0223599,0.00110167
0.0224115,0.00110675
0.0224631,0.00111185
0.0225149,0.00111699
0.0225668,0.00112214
0.0226189,0.00112732
0.022671,0.00113252
0.0227233,0.00113774
0.0227757,0.00114299
0.0228282,0.00114827
0.0228808,0.00115356
0.0229336,0.00115889
0.0229865,0.00116423
0.0230395,0.00116961
0.0230926,0.001175
0.0231458,0.00118042
0.0231992,0.00118587
0.0232527,0.00119134
0.0233063,0.00119684
0.02336,0.00120236
0.0234139,0.00120791
0.0234679,0.00121348
0.023522,0.00121908
0.0235762,0.0012247
0.0236306,0.00123035
0.0236851,0.00123603
0.0237397,0.00124173
0.0237944,0.00124746
0.0238493,0.00125322
0.0239043,0.001259
0.0239594,0.00126481
0.0240146,0.00127064
0.02407,0.0012765
0.0241255,0.00128239
0.0241811,0.00128831
0.0242369,0.00129425
0.0242928,0.00130023
0.0243488,0.00130622
0.0244049,0.00131225
0.0244612,0.0013183
0.0245176,0.00132439
0.0245741,0.0013305
0.0246308,0.00133663
0.0246876,0.0013428
0.0247445,0.001349
0.0248016,0.00135522
0.0248587,0.00136147
0.0249161,0.00136775
0.0249735,0.00137406
0.0250311,0.0013804
0.0250888,0.00138677
0.0251466,0.00139317
0.0252046,0.00139959
0.0252627,0.00140605
0.025321,0.00141254
0.0253794,0.00141905
0.0254379,0.0014256
0.0254965,0.00143218
0.0255553,0.00143878
0.0256143,0.00144542
0.0256733,0.00145209
0.0257325,0.00145879
0.0257918,0.00146552
0.0258513,0.00147228
0.0259109,0.00147907
0.0259707,0.00148589
0.0260305,0.00149275
0.0260906,0.00149963
0.0261507,0.00150655
0.026211,0.0015135
0.0262714,0.00152048
0.026332,0.0015275
0.0263927,0.00153454
0.0264536,0.00154162
0.0265146,0.00154873
0.0265757,0.00155588
0.026637,0.00156306
0.0266984,0.00157027
0.02676,0.00157751
0.0268217,0.00158479
0.0268835,0.0015921
0.0269455,0.00159944
0.0270076,0.00160682
0.0270699,0.00161423
0.0271323,0.00162168
0.0271949,0.00162916
0.0272576,0.00163667
0.0273204,0.00164422
0.0273834,0.00165181
0.0274465,0.00165942
0.0275098,0.00166708
0.0275733,0.00167477
0.0276368,0.00168249
0.0277006,0.00169025
0.0277644,0.00169805
0.0278284,0.00170588
0.0278926,0.00171375
0.0279569,0.00172166
0.0280214,0.0017296
0.028086,0.00173757
0.0281507,0.00174559
0.0282157,0.00175364
0.0282807,0.00176173
0.0283459,0.00176986
0.0284113,0.00177802
0.0284768,0.00178622
0.0285424,0.00179446
0.0286083,0.00180273
0.0286742,0.00181105
0.0287403,0.0018194
0.0288066,0.00182779
0.028873,0.00183622
0.0289396,0.00184469
0.0290063,0.0018532
0.0290732,0.00186175
0.0291402,0.00187034
0.0292074,0.00187896
0.0292748,0.00188763
0.0293423,0.00189633
0.0294099,0.00190508
0.0294777,0.00191387
0.0295457,0.00192269
0.0296138,0.00193156
0.0296821,0.00194047
0.0297505,0.00194942
0.0298191,0.00195841
0.0298879,0.00196744
0.0299568,0.00197651
0.0300259,0.00198563
0.0300951,0.00199479
0.0301645,0.00200399
0.030234,0.00201323
0.0303037,0.00202251
0.0303736,0.00203184
0.0304436,0.00204121
0.0305138,0.00205062
0.0305842,0.00206008
0.0306547,0.00206958
0.0307254,0.00207913
0.0307962,0.00208871
0.0308672,0.00209835
0.0309384,0.00210802
0.0310098,0.00211774
0.0310813,0.00212751
0.0311529,0.00213732
0.0312247,0.00214718
0.0312967,0.00215708
0.0313689,0.00216703
0.0314412,0.00217702
0.0315137,0.00218706
0.0315864,0.00219714
0.0316592,0.00220728
0.0317322,0.00221745
0.0318054,0.00222768
0.0318787,0.00223795
0.0319522,0.00224827
0.0320259,0.00225864
0.0320997,0.00226905
0.0321737,0.00227952
0.0322479,0.00229003
0.0323223,0.00230059
0.0323968,0.0023112
0.0324715,0.00232185
0.0325464,0.00233256
0.0326214,0.00234331
0.0326966,0.00235412
0.032772,0.00236497
0.0328476,0.00237588
0.0329233,0.00238683
0.0329992,0.00239784
0.0330753,0.0024089
0.0331516,0.00242
0.033228,0.00243116
0.0333046,0.00244237
0.0333814,0.00245363
0.0334584,0.00246494
0.0335355,0.00247631
0.0336128,0.00248773
0.0336903,0.0024992
0.033768,0.00251072
0.0338459,0.0025223
0.0339239,0.00253392
0.0340021,0.00254561
0.0340805,0.00255734
0.0341591,0.00256913
0.0342379,0.00258098
0.0343168,0.00259288
0.0343959,0.00260483
0.0344753,0.00261684
0.0345547,0.00262891
0.0346344,0.00264103
0.0347143,0.0026532
0.0347943,0.00266543
0.0348745,0.00267772
0.034955,0.00269007
0.0350355,0.00270247
0.0351163,0.00271493
0.0351973,0.00272744
0.0352785,0.00274002
0.0353598,0.00275265
0.0354413,0.00276534
0.035523,0.00277809
0.0356049,0.00279089
0.035687,0.00280376
0.0357693,0.00281668
0.0358518,0.00282967
0.0359345,0.00284271
0.0360173,0.00285582
0.0361004,0.00286898
0.0361836,0.00288221
0.036267,0.00289549
0.0363506,0.00290884
0.0364345,0.00292225
0.0365185,0.00293572
0.0366027,0.00294925
0.0366871,0.00296284
0.0367716,0.0029765
0.0368564,0.00299022
0.0369414,0.003004
0.0370266,0.00301785
0.037112,0.00303176
0.0371975,0.00304574
0.0372833,0.00305977
0.0373693,0.00307388
0.0374554,0.00308805
0.0375418,0.00310228
0.0376283,0.00311658
0.0377151,0.00313094
0.0378021,0.00314537
0.0378892,0.00315987
0.0379766,0.00317443
0.0380641,0.00318906
0.0381519,0.00320376
0.0382399,0.00321853
0.038328,0.00323336
0.0384164,0.00324826
0.038505,0.00326323
0.0385938,0.00327827
0.0386828,0.00329338
0.038772,0.00330856
0.0388614,0.00332381
0.038951,0.00333913
0.0390408,0.00335451
0.0391308,0.00336997
0.039221,0.0033855
0.0393114,0.00340111
0.0394021,0.00341678
0.0394929,0.00343253
0.039584,0.00344834
0.0396753,0.00346423
0.0397667,0.0034802
0.0398584,0.00349624
0.0399503,0.00351235
0.0400424,0.00352853
0.0401348,0.00354479
0.0402273,0.00356113
0.0403201,0.00357754
0.040413,0.00359402
0.0405062,0.00361058
0.0405996,0.00362722
0.0406932,0.00364393
0.040787,0.00366072
0.0408811,0.00367759
0.0409753,0.00369454
0.0410698,0.00371156
0.0411645,0.00372866
0.0412594,0.00374584
0.0413546,0.0037631
0.0414499,0.00378044
0.0415455,0.00379786
0.0416413,0.00381536
0.0417373,0.00383293
0.0418335,0.00385059
0.04193,0.00386834
0.0420266,0.00388616
0.0421235,0.00390406
0.0422207,0.00392205
0.042318,0.00394012
0.0424156,0.00395827
0.0425134,0.00397651
0.0426114,0.00399483
0.0427097,0.00401323
0.0428081,0.00403172
0.0429068,0.00405029
0.0430058,0.00406895
0.0431049,0.0040877
0.0432043,0.00410653
0.0433039,0.00412544
0.0434038,0.00414445
0.0435039,0.00416354
0.0436042,0.00418272
0.0437047,0.00420199
0.0438055,0.00422134
0.0439065,0.00424079
0.0440077,0.00426032
0.0441092,0.00427995
0.0442109,0.00429966
0.0443128,0.00431947
0.044415,0.00433936
0.0445174,0.00435935
0.04462,0.00437943
0.0447229,0.0043996
0.044826,0.00441986
0.0449294,0.00444022
0.045033,0.00446067
0.0451368,0.00448122
0.0452409,0.00450186
0.0453452,0.00452259
0.0454498,0.00454342
0.0455545,0.00456435
0.0456596,0.00458537
0.0457649,0.00460649
0.0458704,0.0046277
0.0459761,0.00464901
0.0460821,0.00467042
0.0461884,0.00469193
0.0462949,0.00471354
0.0464016,0.00473525
0.0465086,0.00475705
0.0466159,0.00477896
0.0467233,0.00480097
0.0468311,0.00482307
0.0469391,0.00484528
0.0470473,0.0048676
0.0471558,0.00489001
0.0472645,0.00491253
0.0473735,0.00493515
0.0474827,0.00495787
0.0475922,0.0049807
0.0477019,0.00500363
0.0478119,0.00502667
0.0479221,0.00504982
0.0480326,0.00507307
0.0481434,0.00509643
0.0482544,0.00511989
0.0483656,0.00514347
0.0484772,0.00516715
0.0485889,0.00519094
0.048701,0.00521484
0.0488132,0.00523884
0.0489258,0.00526296
0.0490386,0.00528719
0.0491517,0.00531153
0.049265,0.00533599
0.0493786,0.00536055
0.0494924,0.00538523
0.0496066,0.00541002
0.0497209,0.00543493
0.0498356,0.00545994
0.0499505,0.00548508
0.0500657,0.00551033
0.0501811,0.00553569
0.0502968,0.00556117
0.0504128,0.00558677
0.050529,0.00561249
0.0506455,0.00563832
0.0507623,0.00566428
0.0508793,0.00569035
0.0509966,0.00571654
0.0511142,0.00574285
0.0512321,0.00576928
0.0513502,0.00579584
0.0514686,0.00582251
0.0515873,0.00584931
0.0517062,0.00587623
0.0518254,0.00590328
0.0519449,0.00593044
0.0520647,0.00595774
0.0521847,0.00598515
0.0523051,0.0060127
0.0524257,0.00604037
0.0525465,0.00606817
0.0526677,0.00609609
0.0527891,0.00612414
0.0529108,0.00615233
0.0530328,0.00618064
0.0531551,0.00620908
0.0532777,0.00623765
0.0534005,0.00626635
0.0535236,0.00629518
0.0536471,0.00632415
0.0537708,0.00635325
0.0538947,0.00638248
0.054019,0.00641185
0.0541435,0.00644135
0.0542684,0.00647098
0.0543935,0.00650076
0.0545189,0.00653067
0.0546446,0.00656071
0.0547706,0.00659089
0.0548969,0.00662122
0.0550235,0.00665168
0.0551504,0.00668228
0.0552775,0.00671302
0.055405,0.0067439
0.0555327,0.00677492
0.0556608,0.00680609
0.0557891,0.0068374
0.0559177,0.00686885
0.0560467,0.00690044
0.0561759,0.00693219
0.0563054,0.00696407
0.0564352,0.0069961
0.0565654,0.00702828
0.0566958,0.00706061
0.0568265,0.00709308
0.0569575,0.00712571
0.0570889,0.00715848
0.0572205,0.0071914
0.0573524,0.00722448
0.0574847,0.0072577
0.0576172,0.00729108
0.05775,0.00732461
0.0578832,0.00735829
0.0580167,0.00739213
0.0581504,0.00742613
0.0582845,0.00746028
0.0584189,0.00749458
0.0585536,0.00752904
0.0586886,0.00756366
0.0588239,0.00759844
0.0589595,0.00763338
0.0590955,0.00766848
0.0592317,0.00770374
0.0593683,0.00773916
0.0595052,0.00777474
0.0596424,0.00781049
0.0597799,0.0078464
0.0599178,0.00788247
0.0600559,0.00791871
0.0601944,0.00795511
0.0603332,0.00799169
0.0604723,0.00802842
0.0606117,0.00806533
0.0607515,0.00810241
0.0608915,0.00813965
0.0610319,0.00817707
0.0611727,0.00821466
0.0613137,0.00825242
0.0614551,0.00829035
0.0615968,0.00832845
0.0617388,0.00836673
0.0618811,0.00840519
0.0620238,0.00844382
0.0621668,0.00848263
0.0623102,0.00852161
0.0624538,0.00856078
0.0625978,0.00860012
0.0627422,0.00863964
0.0628868,0.00867935
0.0630318,0.00871923
0.0631772,0.0087593
0.0633228,0.00879955
0.0634688,0.00883999
0.0636152,0.00888061
0.0637619,0.00892141
0.0639089,0.0089624
0.0640562,0.00900358
0.0642039,0.00904495
0.064352,0.00908651
0.0645003,0.00912826
0.064649,0.00917019
0.0647981,0.00921232
0.0649475,0.00925465
0.0650973,0.00929716
0.0652474,0.00933987
0.0653978,0.00938278
0.0655486,0.00942588
0.0656997,0.00946918
0.0658512,0.00951268
0.066003,0.00955637
0.0661552,0.00960027
0.0663078,0.00964436
0.0664606,0.00968866
0.0666139,0.00973316
0.0667675,0.00977786
0.0669214,0.00982277
0.0670757,0.00986788
0.0672304,0.0099132
0.0673854,0.00995872
0.0675408,0.0100045
0.0676965,0.0100504
0.0678526,0.0100966
0.068009,0.0101429
0.0681658,0.0101895
0.068323,0.0102363
0.0684805,0.0102833
0.0686384,0.0103305
0.0687967,0.0103779
0.0689553,0.0104256
0.0691143,0.0104734
0.0692737,0.0105215
0.0694334,0.0105698
0.0695935,0.0106183
0.0697539,0.0106671
0.0699148,0.0107161
0.070076,0.0107653
0.0702375,0.0108147
0.0703995,0.0108643
0.0705618,0.0109142
0.0707245,0.0109643
0.0708876,0.0110146
0.071051,0.0110651
0.0712148,0.0111159
0.071379,0.0111669
0.0715436,0.0112182
0.0717086,0.0112697
0.0718739,0.0113214
0.0720396,0.0113733
0.0722057,0.0114255
0.0723722,0.011478
0.0725391,0.0115306
0.0727063,0.0115835
0.072874,0.0116367
0.073042,0.0116901
0.0732104,0.0117437
0.0733792,0.0117976
0.0735484,0.0118517
0.073718,0.0119061
0.073888,0.0119607
0.0740583,0.0120156
0.0742291,0.0120707
0.0744002,0.0121261
0.0745718,0.0121817
0.0747437,0.0122376
0.0749161,0.0122937
0.0750888,0.0123501
0.0752619,0.0124067
0.0754355,0.0124636
0.0756094,0.0125208
0.0757837,0.0125782
0.0759585,0.0126359
0.0761336,0.0126938
0.0763091,0.012752
0.0764851,0.0128105
0.0766614,0.0128692
0.0768382,0.0129283
0.0770154,0.0129875
0.0771929,0.0130471
0.0773709,0.0131069
0.0775493,0.013167
0.0777281,0.0132273
0.0779073,0.013288
0.078087,0.0133489
0.078267,0.0134101
0.0784475,0.0134715
0.0786283,0.0135333
0.0788096,0.0135953
0.0789913,0.0136576
0.0791735,0.0137202
0.079356,0.0137831
0.079539,0.0138463
0.0797224,0.0139097
0.0799062,0.0139735
0.0800904,0.0140375
0.0802751,0.0141018
0.0804602,0.0141664
0.0806457,0.0142314
0.0808317,0.0142966
0.081018,0.0143621
0.0812048,0.0144279
0.0813921,0.014494
0.0815797,0.0145604
0.0817678,0.0146271
0.0819564,0.0146941
0.0821453,0.0147614
0.0823347,0.014829
0.0825246,0.0148969
0.0827149,0.0149651
0.0829056,0.0150337
0.0830967,0.0151025
0.0832883,0.0151717
0.0834804,0.0152412
0.0836728,0.015311
0.0838658,0.0153811
0.0840591,0.0154515
0.084253,0.0155222
0.0844472,0.0155933
0.0846419,0.0156647
0.0848371,0.0157364
0.0850327,0.0158085
0.0852287,0.0158808
0.0854253,0.0159535
0.0856222,0.0160266
0.0858196,0.0160999
0.0860175,0.0161736
0.0862159,0.0162476
0.0864146,0.016322
0.0866139,0.0163967
0.0868136,0.0164717
0.0870138,0.0165471
0.0872144,0.0166228
0.0874155,0.0166989
0.087617,0.0167753
0.087819,0.0168521
0.0880215,0.0169292
0.0882245,0.0170066
0.0884279,0.0170844
0.0886318,0.0171626
0.0888361,0.0172411
0.089041,0.0173199
0.0892463,0.0173992
0.0894521,0.0174787
0.0896583,0.0175587
0.089865,0.017639
0.0900722,0.0177197
0.0902799,0.0178007
0.0904881,0.0178821
0.0906967,0.0179639
0.0909058,0.018046
0.0911154,0.0181285
0.0913255,0.0182114
0.0915361,0.0182947
0.0917471,0.0183783
0.0919587,0.0184623
0.0921707,0.0185467
0.0923832,0.0186315
0.0925962,0.0187167
0.0928097,0.0188022
0.0930237,0.0188881
0.0932382,0.0189745
0.0934532,0.0190612
0.0936687,0.0191483
0.0938846,0.0192358
0.0941011,0.0193237
0.0943181,0.019412
0.0945355,0.0195007
0.0947535,0.0195898
0.094972,0.0196792
0.095191,0.0197691
0.0954104,0.0198595
0.0956304,0.0199502
0.0958509,0.0200413
0.0960719,0.0201328
0.0962934,0.0202248
0.0965155,0.0203171
0.096738,0.0204099
0.0969611,0.0205031
0.0971846,0.0205968
0.0974087,0.0206908
0.0976333,0.0207853
0.0978584,0.0208802
0.098084,0.0209755
0.0983102,0.0210712
0.0985369,0.0211674
0.0987641,0.021264
0.0989918,0.0213611
0.09922,0.0214586
0.0994488,0.0215565
0.0996781,0.0216549
0.0999079,0.0217537
0.100138,0.021853
0.100369,0.0219527
0.100601,0.0220529
0.100833,0.0221535
0.101065,0.0222545
0.101298,0.0223561
0.101532,0.022458
0.101766,0.0225605
0.102,0.0226634
0.102236,0.0227668
0.102471,0.0228706
0.102708,0.0229749
0.102944,0.0230796
0.103182,0.0231849
0.10342,0.0232906
0.103658,0.0233968
0.103897,0.0235035
0.104137,0.0236106
0.104377,0.0237182
0.104617,0.0238263
0.104859,0.0239349
0.1051,0.024044
0.105343,0.0241536
0.105586,0.0242637
0.105829,0.0243742
0.106073,0.0244853
0.106318,0.0245969
0.106563,0.0247089
0.106808,0.0248215
0.107055,0.0249346
0.107302,0.0250482
0.107549,0.0251623
0.107797,0.0252769
0.108046,0.025392
0.108295,0.0255076
0.108544,0.0256238
0.108795,0.0257405
0.109045,0.0258577
0.109297,0.0259754
0.109549,0.0260936
0.109801,0.0262124
0.110055,0.0263317
0.110308,0.0264516
0.110563,0.026572
0.110818,0.0266929
0.111073,0.0268144
0.111329,0.0269364
0.111586,0.027059
0.111843,0.0271821
0.112101,0.0273058
0.11236,0.02743
0.112619,0.0275548
0.112878,0.0276801
0.113139,0.027806
0.113399,0.0279325
0.113661,0.0280595
0.113923,0.0281871
0.114186,0.0283153
0.114449,0.028444
0.114713,0.0285733
0.114977,0.0287032
0.115242,0.0288337
0.115508,0.0289648
0.115774,0.0290964
0.116041,0.0292287
0.116309,0.0293615
0.116577,0.0294949
0.116846,0.0296289
0.117115,0.0297636
0.117385,0.0298988
0.117656,0.0300346
0.117927,0.030171
0.118199,0.0303081
0.118472,0.0304457
0.118745,0.030584
0.119019,0.0307229
0.119293,0.0308624
0.119568,0.0310025
0.119844,0.0311433
0.12012,0.0312847
0.120397,0.0314267
0.120675,0.0315693
0.120953,0.0317126
0.121232,0.0318565
0.121511,0.0320011
0.121792,0.0321463
0.122072,0.0322922
0.122354,0.0324387
0.122636,0.0325858
0.122919,0.0327336
0.123202,0.0328821
0.123486,0.0330312
0.123771,0.033181
0.124056,0.0333315
0.124342,0.0334826
0.124629,0.0336344
0.124916,0.0337869
0.125204,0.0339401
0.125493,0.0340939
0.125782,0.0342484
0.126072,0.0344037
0.126363,0.0345596
0.126654,0.0347162
0.126946,0.0348734
0.127239,0.0350314
0.127533,0.0351901
0.127827,0.0353495
0.128121,0.0355096
0.128417,0.0356704
0.128713,0.035832
0.12901,0.0359942
0.129307,0.0361572
0.129605,0.0363209
0.129904,0.0364853
0.130204,0.0366504
0.130504,0.0368163
0.130805,0.0369829
0.131106,0.0371503
0.131409,0.0373184
0.131712,0.0374872
0.132015,0.0376568
0.13232,0.0378271
0.132625,0.0379982
0.132931,0.0381701
0.133237,0.0383427
0.133544,0.0385161
0.133852,0.0386902
0.134161,0.0388651
0.13447,0.0390408
0.13478,0.0392173
0.135091,0.0393945
0.135402,0.0395725
0.135715,0.0397513
0.136028,0.0399309
0.136341,0.0401113
0.136656,0.0402925
0.136971,0.0404745
0.137286,0.0406573
0.137603,0.0408409
0.13792,0.0410253
0.138238,0.0412106
0.138557,0.0413966
0.138876,0.0415835
0.139197,0.0417712
0.139518,0.0419597
0.139839,0.042149
0.140162,0.0423392
0.140485,0.0425302
0.140809,0.0427221
0.141133,0.0429148
0.141459,0.0431083
0.141785,0.0433027
0.142112,0.043498
0.14244,0.0436941
0.142768,0.0438911
0.143097,0.044089
0.143427,0.0442877
0.143758,0.0444873
0.144089,0.0446877
0.144422,0.0448891
0.144755,0.0450913
0.145088,0.0452944
0.145423,0.0454985
0.145758,0.0457034
0.146094,0.0459092
0.146431,0.0461159
0.146769,0.0463235
0.147107,0.046532
0.147446,0.0467415
0.147786,0.0469518
0.148127,0.0471631
0.148469,0.0473753
0.148811,0.0475885
0.149154,0.0478025
0.149498,0.0480175
0.149843,0.0482335
0.150188,0.0484504
0.150534,0.0486682
0.150881,0.048887
0.151229,0.0491068
0.151578,0.0493275
0.151927,0.0495492
0.152278,0.0497718
0.152629,0.0499954
0.152981,0.05022
0.153334,0.0504456
0.153687,0.0506722
0.154041,0.0508997
0.154397,0.0511282
0.154753,0.0513578
0.155109,0.0515883
0.155467,0.0518199
0.155825,0.0520524
0.156185,0.052286
0.156545,0.0525205
0.156906,0.0527561
0.157268,0.0529928
0.15763,0.0532304
0.157994,0.0534691
0.158358,0.0537088
0.158723,0.0539496
0.159089,0.0541914
0.159456,0.0544343
0.159824,0.0546782
0.160192,0.0549232
0.160561,0.0551692
0.160932,0.0554164
0.161303,0.0556645
0.161675,0.0559138
0.162047,0.0561641
0.162421,0.0564156
0.162795,0.0566681
0.163171,0.0569217
0.163547,0.0571764
0.163924,0.0574322
0.164302,0.0576891
0.164681,0.0579472
0.165061,0.0582063
0.165441,0.0584666
0.165823,0.0587279
0.166205,0.0589905
0.166588,0.0592541
0.166972,0.0595189
0.167357,0.0597848
0.167743,0.0600519
0.16813,0.0603202
0.168518,0.0605896
0.168906,0.0608601
0.169296,0.0611318
0.169686,0.0614047
0.170077,0.0616788
0.170469,0.061954
0.170862,0.0622305
0.171256,0.0625081
0.171651,0.0627869
0.172047,0.0630669
0.172444,0.0633481
0.172841,0.0636305
0.17324,0.0639142
0.173639,0.064199
0.17404,0.0644851
0.174441,0.0647724
0.174843,0.065061
0.175246,0.0653507
0.17565,0.0656417
0.176055,0.065934
0.176461,0.0662275
0.176868,0.0665223
0.177276,0.0668183
0.177685,0.0671156
0.178094,0.0674142
0.178505,0.0677141
0.178917,0.0680152
0.179329,0.0683176
0.179743,0.0686213
0.180157,0.0689263
0.180572,0.0692326
0.180989,0.0695402
0.181406,0.0698492
0.181824,0.0701594
0.182244,0.070471
0.182664,0.0707839
0.183085,0.0710981
0.183507,0.0714136
0.18393,0.0717306
0.184354,0.0720488
0.184779,0.0723684
0.185205,0.0726894
0.185632,0.0730117
0.18606,0.0733354
0.186489,0.0736605
0.186919,0.0739869
0.18735,0.0743147
0.187782,0.074644
0.188215,0.0749746
0.188649,0.0753066
0.189084,0.07564
0.18952,0.0759749
0.189957,0.0763111
0.190395,0.0766488
0.190834,0.0769879
0.191274,0.0773284
0.191715,0.0776704
0.192157,0.0780138
0.1926,0.0783587
0.193044,0.078705
0.193489,0.0790528
0.193936,0.079402
0.194383,0.0797527
0.194831,0.0801049
0.19528,0.0804586
0.19573,0.0808137
0.196182,0.0811704
0.196634,0.0815286
0.197087,0.0818882
0.197542,0.0822494
0.197997,0.0826121
0.198454,0.0829763
0.198911,0.083342
0.19937,0.0837093
0.19983,0.0840781
0.20029,0.0844484
0.200752,0.0848203
0.201215,0.0851938
0.201679,0.0855688
0.202144,0.0859454
0.20261,0.0863235
0.203077,0.0867033
0.203546,0.0870846
0.204015,0.0874675
0.204485,0.087852
0.204957,0.0882381
0.205429,0.0886258
0.205903,0.0890152
0.206378,0.0894061
0.206854,0.0897987
0.207331,0.0901929
0.207809,0.0905888
0.208288,0.0909863
0.208768,0.0913854
0.209249,0.0917862
0.209732,0.0921886
0.210215,0.0925928
0.2107,0.0929986
0.211186,0.093406
0.211673,0.0938152
0.212161,0.0942261
0.21265,0.0946386
0.21314,0.0950529
0.213632,0.0954689
0.214124,0.0958865
0.214618,0.0963059
0.215113,0.0967271
0.215609,0.09715
0.216106,0.0975746
0.216604,0.0980009
0.217104,0.098429
0.217604,0.0988589
0.218106,0.0992905
0.218609,0.0997239
0.219113,0.100159
0.219618,0.100596
0.220125,0.101035
0.220632,0.101475
0.221141,0.101918
0.221651,0.102362
0.222162,0.102808
0.222674,0.103256
0.223187,0.103705
0.223702,0.104157
0.224218,0.10461
0.224735,0.105065
0.225253,0.105522
0.225772,0.105981
0.226293,0.106442
0.226815,0.106905
0.227338,0.107369
0.227862,0.107835
0.228387,0.108304
0.228914,0.108774
0.229442,0.109246
0.229971,0.10972
0.230501,0.110196
0.231032,0.110674
0.231565,0.111154
0.232099,0.111635
0.232634,0.112119
0.23317,0.112605
0.233708,0.113092
0.234247,0.113582
0.234787,0.114073
0.235328,0.114567
0.235871,0.115062
0.236415,0.11556
0.23696,0.116059
0.237506,0.11656
0.238054,0.117064
0.238603,0.117569
0.239153,0.118077
0.239704,0.118586
0.240257,0.119098
0.240811,0.119612
0.241366,0.120127
0.241923,0.120645
0.242481,0.121165
0.24304,0.121687
0.2436,0.122211
0.244162,0.122737
0.244725,0.123265
0.245289,0.123795
0.245854,0.124327
0.246421,0.124862
0.24699,0.125398
0.247559,0.125937
0.24813,0.126478
0.248702,0.127021
0.249275,0.127566
0.24985,0.128113
0.250426,0.128662
0.251004,0.129214
0.251582,0.129768
0.252162,0.130324
0.252744,0.130882
0.253327,0.131442
0.253911,0.132005
0.254496,0.132569
0.255083,0.133136
0.255671,0.133705
0.256261,0.134277
0.256851,0.13485
0.257444,0.135426
0.258037,0.136004
0.258632,0.136585
0.259228,0.137167
0.259826,0.137752
0.260425,0.138339
0.261026,0.138929
0.261628,0.13952
0.262231,0.140114
0.262835,0.140711
0.263441,0.141309
0.264049,0.14191
0.264658,0.142514
0.265268,0.143119
0.26588,0.143727
0.266493,0.144337
0.267107,0.14495
0.267723,0.145565
0.26834,0.146182
0.268959,0.146802
0.269579,0.147424
0.270201,0.148049
0.270824,0.148676
0.271448,0.149305
0.272074,0.149937
0.272701,0.150571
0.27333,0.151207
0.27396,0.151846
0.274592,0.152488
0.275225,0.153132
0.27586,0.153778
0.276496,0.154427
0.277133,0.155078
0.277772,0.155732
0.278413,0.156388
0.279055,0.157046
0.279698,0.157707
0.280343,0.158371
0.280989,0.159037
0.281637,0.159706
0.282287,0.160377
0.282937,0.161051
0.28359,0.161727
0.284244,0.162406
0.284899,0.163087
0.285556,0.163771
0.286214,0.164457
0.286874,0.165146
0.287536,0.165838
0.288199,0.166532
0.288863,0.167228
0.289529,0.167928
0.290197,0.168629
0.290866,0.169334
0.291537,0.170041
0.292209,0.170751
0.292882,0.171463
0.293558,0.172178
0.294235,0.172896
0.294913,0.173616
0.295593,0.174339
0.296275,0.175064
0.296958,0.175793
0.297642,0.176524
0.298329,0.177257
0.299016,0.177993
0.299706,0.178732
0.300397,0.179474
0.30109,0.180218
0.301784,0.180965
0.30248,0.181715
0.303177,0.182468
0.303876,0.183223
0.304577,0.183981
0.305279,0.184742
0.305983,0.185505
0.306688,0.186271
0.307396,0.18704
0.308104,0.187812
0.308815,0.188587
0.309527,0.189364
0.31024,0.190144
0.310956,0.190927
0.311673,0.191713
0.312391,0.192501
0.313112,0.193292
0.313834,0.194087
0.314557,0.194884
0.315282,0.195683
0.316009,0.196486
0.316738,0.197291
0.317468,0.1981
0.3182,0.198911
0.318934,0.199725
0.319669,0.200542
0.320406,0.201362
0.321145,0.202184
0.321886,0.20301
0.322628,0.203838
0.323372,0.20467
0.324117,0.205504
0.324865,0.206341
0.325614,0.207181
0.326364,0.208024
0.327117,0.20887
0.327871,0.209719
0.328627,0.210571
0.329385,0.211425
0.330144,0.212283
0.330905,0.213144
0.331668,0.214007
0.332433,0.214874
0.3332,0.215743
0.333968,0.216616
0.334738,0.217491
0.33551,0.21837
0.336283,0.219251
0.337059,0.220136
0.337836,0.221023
0.338615,0.221914
0.339396,0.222807
0.340178,0.223704
0.340962,0.224603
0.341749,0.225506
0.342537,0.226411
0.343326,0.22732
0.344118,0.228232
0.344911,0.229147
0.345707,0.230064
0.346504,0.230985
0.347303,0.231909
0.348103,0.232836
0.348906,0.233766
0.349711,0.234699
0.350517,0.235635
0.351325,0.236575
0.352135,0.237517
0.352947,0.238462
0.353761,0.239411
0.354576,0.240363
0.355394,0.241318
0.356213,0.242275
0.357035,0.243236
0.357858,0.244201
0.358683,0.245168
0.35951,0.246138
0.360339,0.247112
0.36117,0.248088
0.362003,0.249068
0.362837,0.250051
0.363674,0.251037
0.364512,0.252026
0.365353,0.253019
0.366195,0.254014
0.36704,0.255013
0.367886,0.256015
0.368734,0.25702
0.369584,0.258028
0.370436,0.259039
0.371291,0.260054
0.372147,0.261072
0.373005,0.262093
0.373865,0.263117
0.374727,0.264144
0.375591,0.265175
0.376457,0.266208
0.377325,0.267245
0.378195,0.268285
0.379067,0.269329
0.379941,0.270375
0.380817,0.271425
0.381695,0.272478
0.382575,0.273534
0.383457,0.274593
0.384341,0.275656
0.385227,0.276721
0.386116,0.27779
0.387006,0.278863
0.387898,0.279938
0.388793,0.281017
0.389689,0.282099
0.390588,0.283184
0.391488,0.284272
0.392391,0.285364
0.393295,0.286458
0.394202,0.287557
0.395111,0.288658
0.396022,0.289762
0.396935,0.29087
0.397851,0.291981
0.398768,0.293095
0.399687,0.294213
0.400609,0.295334
0.401533,0.296457
0.402458,0.297585
0.403386,0.298715
0.404316,0.299849
0.405249,0.300986
0.406183,0.302126
0.40712,0.303269
0.408058,0.304416
0.408999,0.305566
0.409942,0.306719
0.410887,0.307875
0.411835,0.309035
0.412784,0.310198
0.413736,0.311364
0.41469,0.312533
0.415646,0.313706
0.416604,0.314882
0.417565,0.316061
0.418528,0.317243
0.419493,0.318429
0.42046,0.319617
0.42143,0.320809
0.422401,0.322004
0.423375,0.323203
0.424351,0.324405
0.42533,0.325609
0.42631,0.326818
0.427293,0.328029
0.428279,0.329243
0.429266,0.330461
0.430256,0.331682
0.431248,0.332906
0.432242,0.334134
0.433239,0.335364
0.434238,0.336598
0.435239,0.337835
0.436242,0.339075
0.437248,0.340318
0.438256,0.341565
0.439267,0.342815
0.44028,0.344068
0.441295,0.345324
0.442312,0.346583
0.443332,0.347845
0.444354,0.349111
0.445379,0.35038
0.446406,0.351651
0.447435,0.352926
0.448467,0.354205
0.449501,0.355486
0.450537,0.35677
0.451576,0.358058
0.452617,0.359349
0.453661,0.360642
0.454707,0.361939
0.455755,0.363239
0.456806,0.364543
0.457859,0.365849
0.458915,0.367158
0.459973,0.368471
0.461034,0.369786
0.462097,0.371105
0.463162,0.372426
0.46423,0.373751
0.465301,0.375079
0.466373,0.376409
0.467449,0.377743
0.468526,0.37908
0.469607,0.38042
0.47069,0.381763
0.471775,0.383108
0.472863,0.384457
0.473953,0.385809
0.475046,0.387164
0.476141,0.388522
0.477239,0.389882
0.478339,0.391246
0.479442,0.392613
0.480548,0.393982
0.481656,0.395355
0.482766,0.39673
0.483879,0.398109
0.484995,0.39949
0.486113,0.400874
0.487234,0.402261
0.488357,0.403651
0.489483,0.405043
0.490612,0.406439
0.491743,0.407837
0.492877,0.409238
0.494013,0.410642
0.495152,0.412049
0.496294,0.413459
0.497438,0.414871
0.498585,0.416286
0.499735,0.417704
0.500887,0.419125
0.502042,0.420548
0.5032,0.421974
0.50436,0.423403
0.505523,0.424835
0.506688,0.426269
0.507857,0.427706
0.509028,0.429145
0.510201,0.430587
0.511378,0.432032
0.512557,0.43348
0.513739,0.434929
0.514923,0.436382
0.51611,0.437837
0.5173,0.439295
0.518493,0.440755
0.519689,0.442218
0.520887,0.443683
0.522088,0.445151
0.523292,0.446621
0.524498,0.448094
0.525707,0.449569
0.52692,0.451046
0.528135,0.452526
0.529352,0.454009
0.530573,0.455493
0.531796,0.456981
0.533022,0.45847
0.534251,0.459962
0.535483,0.461456
0.536718,0.462952
0.537955,0.464451
0.539196,0.465952
0.540439,0.467455
0.541685,0.468961
0.542934,0.470468
0.544186,0.471978
0.54544,0.47349
0.546698,0.475004
0.547959,0.476521
0.549222,0.478039
0.550488,0.479559
0.551758,0.481082
0.55303,0.482607
0.554305,0.484133
0.555583,0.485662
0.556864,0.487192
0.558148,0.488725
0.559435,0.49026
0.560725,0.491796
0.562018,0.493334
0.563313,0.494875
0.564612,0.496417
0.565914,0.497961
0.567219,0.499507
0.568527,0.501054
0.569838,0.502604
0.571152,0.504155
0.572468,0.505708
0.573788,0.507262
0.575111,0.508818
0.576437,0.510376
0.577766,0.511936
0.579099,0.513497
0.580434,0.51506
0.581772,0.516624
0.583114,0.51819
0.584458,0.519757
0.585806,0.521326
0.587156,0.522896
0.58851,0.524468
0.589867,0.526041
0.591227,0.527615
0.59259,0.529191
0.593957,0.530768
0.595326,0.532347
0.596699,0.533927
0.598075,0.535508
0.599454,0.53709
0.600836,0.538674
0.602221,0.540258
0.60361,0.541844
0.605001,0.543431
0.606396,0.545019
0.607794,0.546608
0.609196,0.548198
0.6106,0.549789
0.612008,0.551381
0.613419,0.552974
0.614834,0.554568
0.616251,0.556163
0.617672,0.557759
0.619097,0.559355
0.620524,0.560953
0.621955,0.562551
0.623389,0.56415
0.624826,0.565749
0.626267,0.567349
0.627711,0.56895
0.629158,0.570552
0.630609,0.572154
0.632063,0.573757
0.63352,0.57536
0.634981,0.576964
0.636445,0.578568
0.637912,0.580172
0.639383,0.581777
0.640857,0.583383
0.642335,0.584988
0.643816,0.586594
0.6453,0.588201
0.646788,0.589807
0.64828,0.591414
0.649774,0.593021
0.651273,0.594628
0.652774,0.596235
0.654279,0.597842
0.655788,0.599449
0.6573,0.601057
0.658815,0.602664
0.660334,0.604271
0.661857,0.605878
0.663383,0.607485
0.664913,0.609092
0.666446,0.610698
0.667982,0.612304
0.669522,0.61391
0.671066,0.615516
0.672613,0.617121
0.674164,0.618726
0.675719,0.620331
0.677277,0.621935
0.678838,0.623539
0.680404,0.625142
0.681972,0.626744
0.683545,0.628346
0.685121,0.629947
0.6867,0.631548
0.688284,0.633148
0.689871,0.634747
0.691461,0.636345
0.693056,0.637943
0.694654,0.63954
0.696255,0.641136
0.697861,0.64273
0.69947,0.644324
0.701083,0.645917
0.702699,0.647509
0.704319,0.6491
0.705943,0.65069
0.707571,0.652278
0.709202,0.653865
0.710838,0.655451
0.712477,0.657036
0.714119,0.65862
0.715766,0.660202
0.717416,0.661782
0.71907,0.663362
0.720728,0.66494
0.72239,0.666516
0.724056,0.668091
0.725725,0.669664
0.727398,0.671235
0.729076,0.672805
0.730757,0.674374
0.732442,0.67594
0.73413,0.677505
0.735823,0.679068
0.73752,0.680629
0.73922,0.682188
0.740924,0.683745
0.742633,0.6853
0.744345,0.686853
0.746061,0.688404
0.747782,0.689953
0.749506,0.6915
0.751234,0.693045
0.752966,0.694587
0.754702,0.696128
0.756442,0.697666
0.758186,0.699201
0.759934,0.700734
0.761687,0.702265
0.763443,0.703793
0.765203,0.705319
0.766967,0.706843
0.768736,0.708363
0.770508,0.709881
0.772285,0.711397
0.774066,0.71291
0.77585,0.71442
0.777639,0.715927
0.779432,0.717431
0.781229,0.718933
0.783031,0.720432
0.784836,0.721927
0.786646,0.72342
0.788459,0.72491
0.790277,0.726397
0.7921,0.72788
0.793926,0.729361
0.795756,0.730838
0.797591,0.732312
0.79943,0.733783
0.801273,0.735251
0.803121,0.736715
0.804973,0.738176
0.806829,0.739634
0.808689,0.741088
0.810554,0.742538
0.812423,0.743985
0.814296,0.745429
0.816173,0.746869
0.818055,0.748305
0.819941,0.749738
0.821832,0.751167
0.823727,0.752592
0.825626,0.754013
0.82753,0.755431
0.829438,0.756844
0.83135,0.758254
0.833267,0.75966
0.835188,0.761062
0.837114,0.76246
0.839044,0.763854
0.840979,0.765244
0.842918,0.766629
0.844861,0.768011
0.846809,0.769388
0.848762,0.770761
0.850719,0.77213
0.85268,0.773495
0.854646,0.774855
0.856617,0.776211
0.858592,0.777562
0.860571,0.778909
0.862556,0.780252
0.864545,0.78159
0.866538,0.782923
0.868536,0.784252
0.870538,0.785576
0.872546,0.786896
0.874557,0.788211
0.876574,0.789521
0.878595,0.790827
0.880621,0.792128
0.882651,0.793424
0.884686,0.794715
0.886726,0.796001
0.888771,0.797283
0.89082,0.798559
0.892874,0.799831
0.894933,0.801097
0.896996,0.802359
0.899064,0.803615
0.901137,0.804867
0.903215,0.806113
0.905298,0.807354
0.907385,0.80859
0.909477,0.809821
0.911574,0.811047
0.913676,0.812267
0.915783,0.813482
0.917894,0.814692
0.92001,0.815896
0.922132,0.817095
0.924258,0.818289
0.926389,0.819477
0.928525,0.82066
0.930666,0.821838
0.932812,0.82301
0.934962,0.824176
0.937118,0.825337
0.939279,0.826492
0.941445,0.827642
0.943615,0.828786
0.945791,0.829925
0.947972,0.831058
0.950157,0.832185
0.952348,0.833306
0.954544,0.834422
0.956745,0.835532
0.958951,0.836637
0.961162,0.837735
0.963378,0.838828
0.965599,0.839915
0.967826,0.840996
0.970057,0.842071
0.972294,0.843141
0.974536,0.844204
0.976783,0.845262
0.979035,0.846314
0.981292,0.847359
0.983555,0.848399
0.985823,0.849433
0.988096,0.850461
0.990374,0.851483
0.992657,0.852499
0.994946,0.853509
0.99724,0.854513
0.999539,0.85551
1.00184,0.856502
1.00415,0.857488
1.00647,0.858467
1.00879,0.859441
1.01112,0.860408
1.01345,0.86137
1.01578,0.862325
1.01813,0.863274
1.02047,0.864217
1.02283,0.865153
1.02518,0.866084
1.02755,0.867008
1.02992,0.867927
1.03229,0.868839
1.03467,0.869745
1.03706,0.870644
1.03945,0.871538
1.04185,0.872425
1.04425,0.873306
1.04666,0.874181
1.04907,0.87505
1.05149,0.875912
1.05391,0.876769
1.05634,0.877619
1.05878,0.878462
1.06122,0.8793
1.06367,0.880131
1.06612,0.880957
1.06858,0.881775
1.07104,0.882588
1.07351,0.883395
1.07599,0.884195
1.07847,0.884989
1.08095,0.885777
1.08345,0.886559
1.08594,0.887334
1.08845,0.888103
1.09096,0.888867
1.09347,0.889623
1.09599,0.890374
1.09852,0.891119
1.10105,0.891857
1.10359,0.892589
1.10614,0.893316
1.10869,0.894035
1.11124,0.894749
1.11381,0.895457
1.11637,0.896159
1.11895,0.896854
1.12153,0.897543
1.12411,0.898227
1.12671,0.898904
1.1293,0.899575
1.13191,0.90024
1.13452,0.900899
1.13713,0.901553
1.13975,0.9022
1.14238,0.902841
1.14502,0.903476
1.14766,0.904105
1.1503,0.904728
1.15296,0.905345
1.15561,0.905957
1.15828,0.906562
1.16095,0.907162
1.16363,0.907756
1.16631,0.908343
1.169,0.908925
1.17169,0.909502
1.17439,0.910072
1.1771,0.910637
1.17982,0.911196
1.18254,0.911749
1.18526,0.912297
1.188,0.912838
1.19074,0.913375
1.19348,0.913905
1.19623,0.91443
1.19899,0.914949
1.20176,0.915463
1.20453,0.915971
1.2073,0.916474
1.21009,0.916971
1.21288,0.917463
1.21567,0.917949
1.21848,0.91843
1.22129,0.918905
1.2241,0.919375
1.22692,0.91984
1.22975,0.920299
1.23259,0.920754
1.23543,0.921202
1.23828,0.921646
1.24113,0.922084
1.244,0.922518
1.24686,0.922946
1.24974,0.923369
1.25262,0.923786
1.25551,0.924199
1.2584,0.924607
1.26131,0.92501
1.26421,0.925408
1.26713,0.9258
1.27005,0.926188
1.27298,0.926571
1.27591,0.926949
1.27886,0.927323
1.2818,0.927691
1.28476,0.928055
1.28772,0.928414
1.29069,0.928769
1.29367,0.929119
1.29665,0.929464
1.29964,0.929804
1.30264,0.93014
1.30564,0.930472
1.30865,0.930799
1.31167,0.931121
1.31469,0.931439
1.31772,0.931753
1.32076,0.932062
1.32381,0.932367
1.32686,0.932668
1.32992,0.932964
1.33298,0.933257
1.33606,0.933545
1.33914,0.933829
1.34223,0.934108
1.34532,0.934384
1.34842,0.934656
1.35153,0.934923
1.35465,0.935187
1.35777,0.935447
1.3609,0.935703
1.36404,0.935955
1.36718,0.936203
1.37034,0.936447
1.3735,0.936688
1.37666,0.936925
1.37984,0.937158
1.38302,0.937388
1.38621,0.937614
1.3894,0.937836
1.39261,0.938055
1.39582,0.93827
1.39904,0.938482
1.40226,0.93869
1.4055,0.938895
1.40874,0.939097
1.41198,0.939295
1.41524,0.93949
1.4185,0.939682
1.42177,0.939871
1.42505,0.940056
1.42834,0.940238
1.43163,0.940417
1.43493,0.940593
1.43824,0.940766
1.44156,0.940936
1.44488,0.941103
1.44821,0.941267
1.45155,0.941428
1.4549,0.941587
1.45825,0.941742
1.46161,0.941895
1.46498,0.942045
1.46836,0.942192
1.47175,0.942336
1.47514,0.942478
1.47854,0.942617
1.48195,0.942754
1.48537,0.942888
1.48879,0.943019
1.49223,0.943148
1.49567,0.943275
1.49912,0.943399
1.50257,0.943521
1.50604,0.94364
1.50951,0.943757
1.51299,0.943872
1.51648,0.943985
1.51997,0.944095
1.52348,0.944203
1.52699,0.944309
1.53051,0.944413
1.53404,0.944514
1.53758,0.944614
1.54112,0.944711
1.54468,0.944807
1.54824,0.944901
1.55181,0.944992
1.55539,0.945082
1.55897,0.94517
1.56257,0.945256
1.56617,0.94534
1.56978,0.945422
1.5734,0.945503
1.57703,0.945581
1.58066,0.945659
1.58431,0.945734
1.58796,0.945808
1.59162,0.94588
1.59529,0.94595
1.59897,0.946019
1.60266,0.946087
1.60635,0.946152
1.61006,0.946217
1.61377,0.94628
1.61749,0.946341
1.62122,0.946401
1.62496,0.94646
1.6287,0.946517
1.63246,0.946573
1.63622,0.946627
1.64,0.946681
1.64378,0.946733
1.64757,0.946783
1.65137,0.946833
1.65517,0.946881
1.65899,0.946928
1.66282,0.946974
1.66665,0.947019
1.67049,0.947063
1.67434,0.947106
1.6782,0.947147
1.68207,0.947188
1.68595,0.947227
1.68984,0.947266
1.69374,0.947303
1.69764,0.94734
1.70156,0.947375
1.70548,0.94741
1.70941,0.947444
1.71335,0.947477
1.7173,0.947509
1.72126,0.94754
1.72523,0.94757
1.72921,0.947599
1.7332,0.947628
1.73719,0.947656
1.7412,0.947683
1.74521,0.94771
1.74924,0.947735
1.75327,0.94776
1.75731,0.947785
1.76136,0.947808
1.76543,0.947831
1.7695,0.947853
1.77358,0.947875
1.77767,0.947896
1.78176,0.947916
1.78587,0.947936
1.78999,0.947956
1.79412,0.947974
1.79825,0.947992
1.8024,0.94801
1.80656,0.948027
1.81072,0.948044
1.8149,0.94806
1.81908,0.948075
1.82327,0.94809
1.82748,0.948105
1.83169,0.948119
1.83592,0.948133
1.84015,0.948146
1.84439,0.948159
1.84864,0.948172
1.85291,0.948184
1.85718,0.948196
1.86146,0.948207
1.86575,0.948218
1.87005,0.948229
1.87437,0.948239
1.87869,0.948249
1.88302,0.948258
1.88736,0.948268
1.89171,0.948277
1.89608,0.948286
1.90045,0.948294
1.90483,0.948302
1.90922,0.94831
1.91362,0.948318
1.91804,0.948325
1.92246,0.948332
1.92689,0.948339
1.93133,0.948346
1.93579,0.948352
1.94025,0.948358
1.94472,0.948364
1.94921,0.94837
1.9537,0.948375
1.95821,0.948381
1.96272,0.948386
1.96725,0.948391
1.97178,0.948396
1.97633,0.9484
1.98089,0.948405
1.98545,0.948409
1.99003,0.948413
1.99462,0.948417
1.99922,0.948421
2.00383,0.948424
2.00845,0.948428
2.01308,0.948431
2.01772,0.948435
2.02237,0.948438
2.02704,0.948441
2.03171,0.948444
2.03639,0.948447
2.04109,0.948449
2.0458,0.948452
2.05051,0.948454
2.05524,0.948457
2.05998,0.948459
2.06473,0.948461
2.06949,0.948463
2.07426,0.948465
2.07904,0.948467
2.08384,0.948469
2.08864,0.948471
2.09346,0.948473
2.09828,0.948474
2.10312,0.948476
2.10797,0.948477
2.11283,0.948479
2.1177,0.94848
2.12259,0.948481
2.12748,0.948483
2.13239,0.948484
2.1373,0.948485
2.14223,0.948486
2.14717,0.948487
2.15212,0.948488
2.15708,0.948489
2.16206,0.94849
2.16704,0.948491
2.17204,0.948492
2.17705,0.948493
2.18207,0.948493
2.1871,0.948494
2.19214,0.948495
2.19719,0.948496
2.20226,0.948496
2.20734,0.948497
2.21243,0.948497
2.21753,0.948498
2.22264,0.948499
2.22777,0.948499
2.2329,0.948499
2.23805,0.9485
2.24321,0.9485
2.24838,0.948501
2.25357,0.948501
2.25876,0.948502
2.26397,0.948502
2.26919,0.948502
2.27442,0.948503
2.27967,0.948503
2.28492,0.948503
2.29019,0.948503
2.29547,0.948504
2.30077,0.948504
2.30607,0.948504
2.31139,0.948504
2.31672,0.948505
2.32206,0.948505
2.32741,0.948505
2.33278,0.948505
2.33816,0.948505
2.34355,0.948506
2.34895,0.948506
2.35437,0.948506
2.3598,0.948506
2.36524,0.948506
2.37069,0.948506
2.37616,0.948506
2.38164,0.948506
2.38713,0.948507
2.39263,0.948507
2.39815,0.948507
2.40368,0.948507
2.40922,0.948507
2.41477,0.948507
2.42034,0.948507
2.42592,0.948507
2.43152,0.948507
2.43712,0.948507
2.44274,0.948507
2.44837,0.948507
2.45402,0.948507
2.45968,0.948508
2.46535,0.948508
2.47103,0.948508
2.47673,0.948508
2.48244,0.948508
2.48816,0.948508
2.4939,0.948508
2.49965,0.948508
2.50542,0.948508
2.51119,0.948508
2.51698,0.948508
2.52279,0.948508
2.5286,0.948508
2.53443,0.948508
2.54028,0.948508
2.54613,0.948508
2.552,0.948508
2.55789,0.948508
2.56379,0.948508
2.5697,0.948508
2.57562,0.948508
2.58156,0.948508
2.58751,0.948508
2.59348,0.948508
2.59946,0.948508
2.60545,0.948508
2.61146,0.948508
2.61748,0.948508
2.62352,0.948508
2.62957,0.948508
2.63563,0.948508
2.64171,0.948508
2.6478,0.948508
2.6539,0.948508
2.66002,0.948508
2.66615,0.948508
2.6723,0.948508
2.67846,0.948508
2.68464,0.948508
2.69083,0.948508
2.69703,0.948508
2.70325,0.948508
2.70948,0.948508
2.71573,0.948508
2.72199,0.948508
2.72827,0.948508
2.73456,0.948508
2.74086,0.948508
2.74718,0.948508
2.75352,0.948508
2.75987,0.948508
2.76623,0.948508
2.77261,0.948508
2.779,0.948508
2.78541,0.948508
2.79183,0.948508
2.79827,0.948508
2.80472,0.948508
2.81119,0.948508
2.81767,0.948508
2.82417,0.948508
2.83068,0.948508
2.8372,0.948508
2.84375,0.948508
2.8503,0.948508
2.85687,0.948508
2.86346,0.948508
2.87006,0.948508
2.87668,0.948508
2.88331,0.948508
2.88996,0.948508
2.89663,0.948508
2.9033,0.948508
2.91,0.948508
2.91671,0.948508
2.92343,0.948508
2.93017,0.948508
2.93693,0.948508
2.9437,0.948508
2.95049,0.948508
2.95729,0.948508
2.96411,0.948508
2.97094,0.948508
2.97779,0.948508
2.98466,0.948508
2.99154,0.948508
2.99844,0.948508
3.00535,0.948508
3.01228,0.948508
3.01923,0.948508
3.02619,0.948508
3.03317,0.948508
3.04016,0.948508
3.04717,0.948508
3.0542,0.948508
3.06124,0.948508
3.0683,0.948508
3.07537,0.948508
3.08246,0.948508
3.08957,0.948508
3.09669,0.948508
3.10383,0.948508
3.11099,0.948508
3.11816,0.948508
3.12535,0.948508
3.13256,0.948508
3.13978,0.948508
3.14702,0.948508
3.15428,0.948508
3.16155,0.948508
3.16884,0.948508
3.17615,0.948508
3.18347,0.948508
3.19081,0.948508
3.19817,0.948508
3.20554,0.948508
3.21293,0.948508
3.22034,0.948508
3.22776,0.948508
3.23521,0.948508
3.24267,0.948508
3.25014,0.948508
3.25764,0.948508
3.26515,0.948508
3.27268,0.948508
3.28022,0.948508
3.28778,0.948508
3.29537,0.948508
3.30296,0.948508
3.31058,0.948508
3.31821,0.948508
3.32586,0.948508
3.33353,0.948508
3.34122,0.948508
3.34892,0.948508
3.35664,0.948508
3.36438,0.948508
3.37214,0.948508
3.37992,0.948508
3.38771,0.948508
3.39552,0.948508
3.40335,0.948508
3.4112,0.948508
3.41906,0.948508
3.42694,0.948508
3.43485,0.948508
3.44277,0.948508
3.4507,0.948508
3.45866,0.948508
3.46663,0.948508
3.47463,0.948508
3.48264,0.948508
3.49067,0.948508
3.49872,0.948508
3.50678,0.948508
3.51487,0.948508
3.52297,0.948508
3.5311,0.948508
3.53924,0.948508
3.5474,0.948508
3.55558,0.948508
3.56378,0.948508
3.57199,0.948508
3.58023,0.948508
3.58848,0.948508
3.59676,0.948508
3.60505,0.948508
3.61336,0.948508
3.62169,0.948508
3.63004,0.948508
3.63841,0.948508
3.6468,0.948508
3.65521,0.948508
3.66364,0.948508
3.67209,0.948508
3.68055,0.948508
3.68904,0.948508
3.69755,0.948508
3.70607,0.948508
3.71462,0.948508
3.72318,0.948508
3.73177,0.948508
3.74037,0.948508
3.74899,0.948508
3.75764,0.948508
3.7663,0.948508
3.77499,0.948508
3.78369,0.948508
3.79241,0.948508
3.80116,0.948508
3.80992,0.948508
3.81871,0.948508
3.82751,0.948508
3.83634,0.948508
3.84518,0.948508
3.85405,0.948508
3.86293,0.948508
3.87184,0.948508
3.88077,0.948508
3.88972,0.948508
3.89869,0.948508
3.90767,0.948508
3.91668,0.948508
3.92572,0.948508
3.93477,0.948508
3.94384,0.948508
3.95293,0.948508
3.96205,0.948508
3.97118,0.948508
3.98034,0.948508
3.98952,0.948508
3.99871,0.948508
4.00793,0.948508
4.01718,0.948508
4.02644,0.948508
4.03572,0.948508
4.04503,0.948508
4.05435,0.948508
4.0637,0.948508
4.07307,0.948508
4.08246,0.948508
4.09188,0.948508
4.10131,0.948508
4.11077,0.948508
4.12024,0.948508
4.12974,0.948508
4.13927,0.948508
4.14881,0.948508
4.15838,0.948508
4.16796,0.948508
4.17757,0.948508
4.18721,0.948508
4.19686,0.948508
4.20654,0.948508
4.21624,0.948508
4.22596,0.948508
4.2357,0.948508
4.24547,0.948508
4.25526,0.948508
4.26507,0.948508
4.2749,0.948508
4.28476,0.948508
4.29464,0.948508
4.30454,0.948508
4.31447,0.948508
4.32441,0.948508
4.33438,0.948508
4.34438,0.948508
4.35439,0.948508
4.36443,0.948508
4.3745,0.948508
4.38458,0.948508
4.39469,0.948508
4.40483,0.948508
4.41498,0.948508
4.42516,0.948508
4.43537,0.948508
4.44559,0.948508
4.45584,0.948508
4.46612,0.948508
4.47641,0.948508
4.48673,0.948508
4.49708,0.948508
4.50745,0.948508
4.51784,0.948508
4.52826,0.948508
4.5387,0.948508
4.54916,0.948508
4.55965,0.948508
4.57017,0.948508
4.5807,0.948508
4.59127,0.948508
4.60185,0.948508
4.61246,0.948508
4.6231,0.948508
4.63376,0.948508
4.64444,0.948508
4.65515,0.948508
4.66588,0.948508
4.67664,0.948508
4.68742,0.948508
4.69823,0.948508
4.70906,0.948508
4.71992,0.948508
4.7308,0.948508
4.74171,0.948508
4.75265,0.948508
4.7636,0.948508
4.77459,0.948508
4.7856,0.948508
4.79663,0.948508
4.80769,0.948508
4.81877,0.948508
4.82988,0.948508
4.84102,0.948508
4.85218,0.948508
4.86337,0.948508
4.87458,0.948508
4.88582,0.948508
4.89709,0.948508
4.90838,0.948508
4.9197,0.948508
4.93104,0.948508
4.94241,0.948508
4.95381,0.948508
4.96523,0.948508
4.97668,0.948508
4.98815,0.948508
4.99965,0.948508
5.01118,0.948508
5.02273,0.948508
5.03432,0.948508
5.04592,0.948508
5.05756,0.948508
5.06922,0.948508
5.08091,0.948508
5.09262,0.948508
5.10436,0.948508
5.11613,0.948508
5.12793,0.948508
5.13975,0.948508
5.1516,0.948508
5.16348,0.948508
5.17539,0.948508
5.18732,0.948508
5.19928,0.948508
5.21127,0.948508
5.22328,0.948508
5.23533,0.948508
5.2474,0.948508
5.2595,0.948508
5.27162,0.948508
5.28378,0.948508
5.29596,0.948508
5.30817,0.948508
5.32041,0.948508
5.33268,0.948508
5.34497,0.948508
5.3573,0.948508
5.36965,0.948508
5.38203,0.948508
5.39444,0.948508
5.40688,0.948508
5.41934,0.948508
5.43184,0.948508
5.44436,0.948508
5.45692,0.948508
5.4695,0.948508
5.48211,0.948508
5.49475,0.948508
5.50742,0.948508
5.52012,0.948508
5.53285,0.948508
5.5456,0.948508
5.55839,0.948508
5.57121,0.948508
5.58405,0.948508
5.59693,0.948508
5.60983,0.948508
5.62277,0.948508
5.63573,0.948508
5.64872,0.948508
5.66175,0.948508
5.6748,0.948508
5.68789,0.948508
5.701,0.948508
5.71415,0.948508
5.72732,0.948508
5.74053,0.948508
5.75376,0.948508
5.76703,0.948508
5.78033,0.948508
5.79365,0.948508
5.80701,0.948508
5.8204,0.948508
5.83382,0.948508
5.84727,0.948508
5.86076,0.948508
5.87427,0.948508
5.88781,0.948508
5.90139,0.948508
5.915,0.948508
5.92863,0.948508
5.9423,0.948508
5.956,0.948508
5.96974,0.948508
5.9835,0.948508
5.9973,0.948508
6.01113,0.948508
6.02499,0.948508
6.03888,0.948508
6.0528,0.948508
6.06676,0.948508
6.08074,0.948508
6.09477,0.948508
6.10882,0.948508
6.1229,0.948508
6.13702,0.948508
6.15117,0.948508
6.16535,0.948508
6.17957,0.948508
6.19382,0.948508
6.2081,0.948508
6.22241,0.948508
6.23676,0.948508
6.25114,0.948508
6.26555,0.948508
6.28,0.948508
6.29448,0.948508
6.30899,0.948508
6.32354,0.948508
6.33812,0.948508
6.35273,0.948508
6.36738,0.948508
6.38206,0.948508
6.39678,0.948508
6.41153,0.948508
6.42631,0.948508
6.44113,0.948508
6.45598,0.948508
6.47086,0.948508
6.48578,0.948508
6.50074,0.948508
6.51573,0.948508
6.53075,0.948508
6.54581,0.948508
6.5609,0.948508
6.57603,0.948508
6.59119,0.948508
6.60639,0.948508
6.62162,0.948508
6.63689,0.948508
6.65219,0.948508
6.66753,0.948508
6.6829,0.948508
6.69831,0.948508
6.71375,0.948508
6.72923,0.948508
6.74475,0.948508
6.7603,0.948508
6.77589,0.948508
6.79151,0.948508
6.80717,0.948508
6.82287,0.948508
6.8386,0.948508
6.85436,0.948508
6.87017,0.948508
6.88601,0.948508
6.90189,0.948508
6.9178,0.948508
6.93375,0.948508
6.94974,0.948508
6.96576,0.948508
6.98182,0.948508
6.99792,0.948508
7.01406,0.948508
7.03023,0.948508
7.04644,0.948508
7.06268,0.948508
7.07897,0.948508
7.09529,0.948508
7.11165,0.948508
7.12805,0.948508
7.14448,0.948508
7.16096,0.948508
7.17747,0.948508
7.19402,0.948508
7.2106,0.948508
7.22723,0.948508
7.24389,0.948508
7.26059,0.948508
7.27734,0.948508
7.29411,0.948508
7.31093,0.948508
7.32779,0.948508
7.34469,0.948508
7.36162,0.948508
7.37859,0.948508
7.39561,0.948508
7.41266,0.948508
7.42975,0.948508
7.44688,0.948508
7.46405,0.948508
7.48126,0.948508
7.49851,0.948508
7.5158,0.948508
7.53313,0.948508
7.5505,0.948508
7.56791,0.948508
7.58536,0.948508
7.60285,0.948508
7.62038,0.948508
7.63795,0.948508
7.65556,0.948508
7.67321,0.948508
7.6909,0.948508
7.70863,0.948508
7.72641,0.948508
7.74422,0.948508
7.76208,0.948508
7.77997,0.948508
7.79791,0.948508
7.81589,0.948508
7.83391,0.948508
7.85198,0.948508
7.87008,0.948508
7.88823,0.948508
7.90641,0.948508
7.92464,0.948508
7.94292,0.948508
7.96123,0.948508
7.97959,0.948508
7.99799,0.948508
8.01643,0.948508
8.03491,0.948508
8.05344,0.948508
8.072,0.948508
8.09062,0.948508
8.10927,0.948508
8.12797,0.948508
8.14671,0.948508
8.16549,0.948508
8.18432,0.948508
8.20319,0.948508
8.2221,0.948508
8.24106,0.948508
8.26006,0.948508
8.27911,0.948508
8.2982,0.948508
8.31733,0.948508
8.33651,0.948508
8.35573,0.948508
8.375,0.948508
8.39431,0.948508
8.41366,0.948508
8.43306,0.948508
8.4525,0.948508
8.47199,0.948508
8.49153,0.948508
8.51111,0.948508
8.53073,0.948508
8.5504,0.948508
8.57011,0.948508
8.58987,0.948508
8.60968,0.948508
8.62953,0.948508
8.64943,0.948508
8.66937,0.948508
8.68936,0.948508
8.7094,0.948508
8.72948,0.948508
8.7496,0.948508
8.76978,0.948508
8.79,0.948508
8.81027,0.948508
8.83058,0.948508
8.85094,0.948508
8.87135,0.948508
8.8918,0.948508
8.9123,0.948508
8.93285,0.948508
8.95345,0.948508
8.97409,0.948508
8.99479,0.948508
9.01552,0.948508
9.03631,0.948508
9.05715,0.948508
9.07803,0.948508
9.09896,0.948508
9.11994,0.948508
9.14097,0.948508
9.16204,0.948508
9.18317,0.948508
9.20434,0.948508
9.22557,0.948508
9.24684,0.948508
9.26816,0.948508
9.28953,0.948508
9.31095,0.948508
9.33241,0.948508
9.35393,0.948508
9.3755,0.948508
9.39712,0.948508
9.41878,0.948508
9.4405,0.948508
9.46227,0.948508
9.48408,0.948508
9.50595,0.948508
9.52787,0.948508
9.54984,0.948508
9.57186,0.948508
9.59393,0.948508
9.61605,0.948508
9.63822,0.948508
9.66044,0.948508
9.68272,0.948508
9.70504,0.948508
9.72742,0.948508
9.74985,0.948508
9.77233,0.948508
9.79486,0.948508
9.81744,0.948508
9.84008,0.948508
9.86277,0.948508
9.88551,0.948508
9.9083,0.948508
9.93115,0.948508
9.95405,0.948508
9.977,0.948508
10,0.948508
