r,N
0.0001,9.06241e-08
0.000100231,9.10425e-08
0.000100462,9.14629e-08
0.000100693,9.18851e-08
0.000100925,9.23093e-08
0.000101158,9.27355e-08
0.000101391,9.31636e-08
0.000101625,9.35937e-08
0.00010186,9.40258e-08
0.000102094,9.44599e-08
0.00010233,9.4896e-08
0.000102566,9.53341e-08
0.000102802,9.57742e-08
0.000103039,9.62164e-08
0.000103277,9.66606e-08
0.000103515,9.71069e-08
0.000103754,9.75552e-08
0.000103993,9.80056e-08
0.000104233,9.8458e-08
0.000104473,9.89126e-08
0.000104714,9.93692e-08
0.000104955,9.9828e-08
0.000105197,1.00289e-07
0.00010544,1.00752e-07
0.000105683,1.01217e-07
0.000105927,1.01684e-07
0.000106171,1.02154e-07
0.000106416,1.02625e-07
0.000106661,1.03099e-07
0.000106907,1.03575e-07
0.000107153,1.04053e-07
0.0001074,1.04534e-07
0.000107648,1.05016e-07
0.000107896,1.05501e-07
0.000108145,1.05988e-07
0.000108394,1.06478e-07
0.000108644,1.06969e-07
0.000108895,1.07463e-07
0.000109146,1.07959e-07
0.000109398,1.08457e-07
0.00010965,1.08958e-07
0.000109903,1.09461e-07
0.000110156,1.09967e-07
0.00011041,1.10474e-07
0.000110665,1.10984e-07
0.00011092,1.11497e-07
0.000111176,1.12011e-07
0.000111432,1.12529e-07
0.000111689,1.13048e-07
0.000111946,1.1357e-07
0.000112204,1.14094e-07
0.000112463,1.14621e-07
0.000112722,1.1515e-07
0.000112982,1.15682e-07
0.000113243,1.16216e-07
0.000113504,1.16752e-07
0.000113766,1.17291e-07
0.000114028,1.17833e-07
0.000114291,1.18377e-07
0.000114554,1.18923e-07
0.000114819,1.19472e-07
0.000115083,1.20024e-07
0.000115349,1.20578e-07
0.000115615,1.21135e-07
0.000115881,1.21694e-07
0.000116148,1.22256e-07
0.000116416,1.2282e-07
0.000116685,1.23387e-07
0.000116954,1.23957e-07
0.000117223,1.24529e-07
0.000117494,1.25104e-07
0.000117764,1.25682e-07
0.000118036,1.26262e-07
0.000118308,1.26845e-07
0.000118581,1.27431e-07
0.000118854,1.28019e-07
0.000119128,1.2861e-07
0.000119403,1.29204e-07
0.000119678,1.298e-07
0.000119954,1.30399e-07
0.000120231,1.31001e-07
0.000120508,1.31606e-07
0.000120786,1.32214e-07
0.000121064,1.32824e-07
0.000121344,1.33437e-07
0.000121623,1.34053e-07
0.000121904,1.34672e-07
0.000122185,1.35294e-07
0.000122467,1.35919e-07
0.000122749,1.36546e-07
0.000123032,1.37177e-07
0.000123316,1.3781e-07
0.0001236,1.38446e-07
0.000123885,1.39085e-07
0.000124171,1.39727e-07
0.000124457,1.40372e-07
0.000124744,1.41021e-07
0.000125031,1.41672e-07
0.00012532,1.42326e-07
0.000125609,1.42983e-07
0.000125898,1.43643e-07
0.000126189,1.44306e-07
0.00012648,1.44972e-07
0.000126771,1.45641e-07
0.000127063,1.46314e-07
0.000127356,1.46989e-07
0.00012765,1.47668e-07
0.000127944,1.4835e-07
0.000128239,1.49035e-07
0.000128535,1.49723e-07
0.000128831,1.50414e-07
0.000129129,1.51108e-07
0.000129426,1.51806e-07
0.000129725,1.52507e-07
0.000130024,1.53211e-07
0.000130324,1.53918e-07
0.000130624,1.54629e-07
0.000130925,1.55343e-07
0.000131227,1.5606e-07
0.00013153,1.5678e-07
0.000131833,1.57504e-07
0.000132137,1.58231e-07
0.000132442,1.58962e-07
0.000132747,1.59696e-07
0.000133053,1.60433e-07
0.00013336,1.61174e-07
0.000133667,1.61918e-07
0.000133976,1.62665e-07
0.000134284,1.63416e-07
0.000134594,1.64171e-07
0.000134904,1.64929e-07
0.000135215,1.6569e-07
0.000135527,1.66455e-07
0.00013584,1.67223e-07
0.000136153,1.67995e-07
0.000136467,1.68771e-07
0.000136781,1.6955e-07
0.000137097,1.70333e-07
0.000137413,1.71119e-07
0.00013773,1.71909e-07
0.000138047,1.72703e-07
0.000138366,1.735e-07
0.000138685,1.74301e-07
0.000139004,1.75106e-07
0.000139325,1.75914e-07
0.000139646,1.76727e-07
0.000139968,1.77543e-07
0.000140291,1.78362e-07
0.000140614,1.79186e-07
0.000140939,1.80013e-07
0.000141264,1.80844e-07
0.000141589,1.81679e-07
0.000141916,1.82518e-07
0.000142243,1.8336e-07
0.000142571,1.84207e-07
0.0001429,1.85057e-07
0.000143229,1.85912e-07
0.000143559,1.8677e-07
0.00014389,1.87632e-07
0.000144222,1.88498e-07
0.000144555,1.89369e-07
0.000144888,1.90243e-07
0.000145222,1.91121e-07
0.000145557,1.92003e-07
0.000145892,1.9289e-07
0.000146229,1.9378e-07
0.000146566,1.94675e-07
0.000146904,1.95574e-07
0.000147243,1.96477e-07
0.000147582,1.97384e-07
0.000147922,1.98295e-07
0.000148263,1.99211e-07
0.000148605,2.0013e-07
0.000148948,2.01054e-07
0.000149291,2.01982e-07
0.000149636,2.02915e-07
0.000149981,2.03852e-07
0.000150326,2.04793e-07
0.000150673,2.05738e-07
0.00015102,2.06688e-07
0.000151369,2.07642e-07
0.000151718,2.08601e-07
0.000152068,2.09564e-07
0.000152418,2.10532e-07
0.00015277,2.11503e-07
0.000153122,2.1248e-07
0.000153475,2.13461e-07
0.000153829,2.14446e-07
0.000154183,2.15436e-07
0.000154539,2.16431e-07
0.000154895,2.1743e-07
0.000155252,2.18434e-07
0.00015561,2.19442e-07
0.000155969,2.20456e-07
0.000156329,2.21473e-07
0.000156689,2.22496e-07
0.00015705,2.23523e-07
0.000157413,2.24555e-07
0.000157776,2.25592e-07
0.000158139,2.26633e-07
0.000158504,2.27679e-07
0.000158869,2.28731e-07
0.000159236,2.29787e-07
0.000159603,2.30847e-07
0.000159971,2.31913e-07
0.00016034,2.32984e-07
0.000160709,2.3406e-07
0.00016108,2.3514e-07
0.000161451,2.36226e-07
0.000161824,2.37316e-07
0.000162197,2.38412e-07
0.000162571,2.39513e-07
0.000162946,2.40618e-07
0.000163321,2.41729e-07
0.000163698,2.42845e-07
0.000164075,2.43966e-07
0.000164454,2.45093e-07
0.000164833,2.46224e-07
0.000165213,2.47361e-07
0.000165594,2.48503e-07
0.000165976,2.4965e-07
0.000166358,2.50803e-07
0.000166742,2.51961e-07
0.000167126,2.53124e-07
0.000167512,2.54292e-07
0.000167898,2.55466e-07
0.000168285,2.56646e-07
0.000168673,2.57831e-07
0.000169062,2.59021e-07
0.000169452,2.60217e-07
0.000169842,2.61418e-07
0.000170234,2.62625e-07
0.000170626,2.63838e-07
0.00017102,2.65056e-07
0.000171414,2.66279e-07
0.000171809,2.67509e-07
0.000172206,2.68744e-07
0.000172603,2.69984e-07
0.000173001,2.71231e-07
0.000173399,2.72483e-07
0.000173799,2.73741e-07
0.0001742,2.75005e-07
0.000174602,2.76274e-07
0.000175004,2.7755e-07
0.000175408,2.78831e-07
0.000175812,2.80119e-07
0.000176218,2.81412e-07
0.000176624,2.82711e-07
0.000177031,2.84016e-07
0.000177439,2.85327e-07
0.000177848,2.86645e-07
0.000178258,2.87968e-07
0.000178669,2.89298e-07
0.000179081,2.90633e-07
0.000179494,2.91975e-07
0.000179908,2.93323e-07
0.000180323,2.94677e-07
0.000180739,2.96037e-07
0.000181156,2.97404e-07
0.000181573,2.98777e-07
0.000181992,3.00157e-07
0.000182411,3.01542e-07
0.000182832,3.02934e-07
0.000183254,3.04333e-07
0.000183676,3.05738e-07
0.0001841,3.0715e-07
0.000184524,3.08568e-07
0.00018495,3.09992e-07
0.000185376,3.11423e-07
0.000185803,3.12861e-07
0.000186232,3.14305e-07
0.000186661,3.15757e-07
0.000187092,3.17214e-07
0.000187523,3.18679e-07
0.000187955,3.2015e-07
0.000188389,3.21628e-07
0.000188823,3.23113e-07
0.000189259,3.24605e-07
0.000189695,3.26103e-07
0.000190132,3.27609e-07
0.000190571,3.29121e-07
0.00019101,3.30641e-07
0.00019145,3.32167e-07
0.000191892,3.33701e-07
0.000192334,3.35241e-07
0.000192778,3.36789e-07
0.000193222,3.38344e-07
0.000193668,3.39906e-07
0.000194114,3.41475e-07
0.000194562,3.43052e-07
0.000195011,3.44635e-07
0.00019546,3.46227e-07
0.000195911,3.47825e-07
0.000196363,3.49431e-07
0.000196815,3.51044e-07
0.000197269,3.52665e-07
0.000197724,3.54293e-07
0.00019818,3.55928e-07
0.000198637,3.57572e-07
0.000199095,3.59222e-07
0.000199554,3.60881e-07
0.000200014,3.62547e-07
0.000200475,3.64221e-07
0.000200937,3.65902e-07
0.000201401,3.67592e-07
0.000201865,3.69289e-07
0.00020233,3.70994e-07
0.000202797,3.72706e-07
0.000203265,3.74427e-07
0.000203733,3.76156e-07
0.000204203,3.77892e-07
0.000204674,3.79637e-07
0.000205146,3.81389e-07
0.000205619,3.8315e-07
0.000206093,3.84919e-07
0.000206568,3.86696e-07
0.000207044,3.88481e-07
0.000207522,3.90275e-07
0.000208,3.92077e-07
0.00020848,3.93887e-07
0.00020896,3.95705e-07
0.000209442,3.97532e-07
0.000209925,3.99367e-07
0.000210409,4.01211e-07
0.000210894,4.03064e-07
0.000211381,4.04924e-07
0.000211868,4.06794e-07
0.000212356,4.08672e-07
0.000212846,4.10559e-07
0.000213337,4.12454e-07
0.000213829,4.14358e-07
0.000214322,4.16271e-07
0.000214816,4.18193e-07
0.000215311,4.20124e-07
0.000215808,4.22063e-07
0.000216305,4.24012e-07
0.000216804,4.25969e-07
0.000217304,4.27936e-07
0.000217805,4.29912e-07
0.000218307,4.31896e-07
0.00021881,4.3389e-07
0.000219315,4.35893e-07
0.000219821,4.37906e-07
0.000220327,4.39927e-07
0.000220835,4.41959e-07
0.000221345,4.43999e-07
0.000221855,4.46049e-07
0.000222367,4.48108e-07
0.000222879,4.50177e-07
0.000223393,4.52255e-07
0.000223908,4.54343e-07
0.000224424,4.56441e-07
0.000224942,4.58548e-07
0.000225461,4.60665e-07
0.00022598,4.62792e-07
0.000226501,4.64928e-07
0.000227024,4.67075e-07
0.000227547,4.69231e-07
0.000228072,4.71397e-07
0.000228598,4.73574e-07
0.000229125,4.7576e-07
0.000229653,4.77956e-07
0.000230183,4.80163e-07
0.000230713,4.8238e-07
0.000231245,4.84607e-07
0.000231778,4.86844e-07
0.000232313,4.89092e-07
0.000232848,4.9135e-07
0.000233385,4.93618e-07
0.000233923,4.95897e-07
0.000234463,4.98186e-07
0.000235003,5.00486e-07
0.000235545,5.02797e-07
0.000236088,5.05118e-07
0.000236633,5.0745e-07
0.000237178,5.09793e-07
0.000237725,5.12147e-07
0.000238273,5.14511e-07
0.000238823,5.16886e-07
0.000239373,5.19273e-07
0.000239925,5.2167e-07
0.000240478,5.24078e-07
0.000241033,5.26498e-07
0.000241589,5.28929e-07
0.000242146,5.31371e-07
0.000242704,5.33824e-07
0.000243264,5.36288e-07
0.000243825,5.38764e-07
0.000244387,5.41251e-07
0.00024495,5.4375e-07
0.000245515,5.46261e-07
0.000246081,5.48783e-07
0.000246648,5.51316e-07
0.000247217,5.53861e-07
0.000247787,5.56418e-07
0.000248358,5.58987e-07
0.000248931,5.61568e-07
0.000249505,5.6416e-07
0.00025008,5.66765e-07
0.000250657,5.69382e-07
0.000251235,5.7201e-07
0.000251814,5.74651e-07
0.000252395,5.77304e-07
0.000252977,5.79969e-07
0.00025356,5.82647e-07
0.000254145,5.85337e-07
0.000254731,5.88039e-07
0.000255318,5.90754e-07
0.000255907,5.93481e-07
0.000256497,5.96221e-07
0.000257088,5.98974e-07
0.000257681,6.01739e-07
0.000258275,6.04517e-07
0.000258871,6.07308e-07
0.000259467,6.10112e-07
0.000260066,6.12929e-07
0.000260665,6.15758e-07
0.000261266,6.18601e-07
0.000261869,6.21457e-07
0.000262473,6.24326e-07
0.000263078,6.27208e-07
0.000263684,6.30104e-07
0.000264292,6.33013e-07
0.000264902,6.35935e-07
0.000265512,6.38871e-07
0.000266125,6.41821e-07
0.000266738,6.44784e-07
0.000267353,6.47761e-07
0.00026797,6.50751e-07
0.000268588,6.53756e-07
0.000269207,6.56774e-07
0.000269828,6.59806e-07
0.00027045,6.62852e-07
0.000271073,6.65912e-07
0.000271698,6.68987e-07
0.000272325,6.72075e-07
0.000272953,6.75178e-07
0.000273582,6.78295e-07
0.000274213,6.81427e-07
0.000274845,6.84572e-07
0.000275479,6.87733e-07
0.000276114,6.90908e-07
0.000276751,6.94098e-07
0.000277389,6.97302e-07
0.000278028,7.00521e-07
0.000278669,7.03756e-07
0.000279312,7.07005e-07
0.000279956,7.10269e-07
0.000280601,7.13548e-07
0.000281248,7.16842e-07
0.000281897,7.20151e-07
0.000282547,7.23476e-07
0.000283198,7.26816e-07
0.000283851,7.30172e-07
0.000284506,7.33543e-07
0.000285162,7.36929e-07
0.000285819,7.40332e-07
0.000286478,7.43749e-07
0.000287139,7.47183e-07
0.000287801,7.50633e-07
0.000288464,7.54098e-07
0.000289129,7.5758e-07
0.000289796,7.61077e-07
0.000290464,7.64591e-07
0.000291134,7.68121e-07
0.000291805,7.71667e-07
0.000292478,7.75229e-07
0.000293152,7.78808e-07
0.000293828,7.82404e-07
0.000294506,7.86016e-07
0.000295185,7.89645e-07
0.000295865,7.9329e-07
0.000296548,7.96953e-07
0.000297231,8.00632e-07
0.000297917,8.04328e-07
0.000298604,8.08042e-07
0.000299292,8.11772e-07
0.000299982,8.1552e-07
0.000300674,8.19285e-07
0.000301367,8.23067e-07
0.000302062,8.26867e-07
0.000302758,8.30685e-07
0.000303456,8.3452e-07
0.000304156,8.38372e-07
0.000304857,8.42243e-07
0.00030556,8.46131e-07
0.000306265,8.50038e-07
0.000306971,8.53962e-07
0.000307679,8.57905e-07
0.000308388,8.61865e-07
0.000309099,8.65844e-07
0.000309812,8.69842e-07
0.000310526,8.73857e-07
0.000311242,8.77892e-07
0.00031196,8.81945e-07
0.000312679,8.86016e-07
0.0003134,8.90107e-07
0.000314123,8.94216e-07
0.000314847,8.98345e-07
0.000315573,9.02492e-07
0.000316301,9.06659e-07
0.00031703,9.10844e-07
0.000317761,9.1505e-07
0.000318494,9.19274e-07
0.000319228,9.23518e-07
0.000319964,9.27782e-07
0.000320702,9.32065e-07
0.000321441,9.36368e-07
0.000322182,9.40691e-07
0.000322925,9.45034e-07
0.00032367,9.49397e-07
0.000324416,9.5378e-07
0.000325164,9.58183e-07
0.000325914,9.62607e-07
0.000326665,9.67051e-07
0.000327418,9.71516e-07
0.000328173,9.76001e-07
0.00032893,9.80507e-07
0.000329688,9.85033e-07
0.000330449,9.89581e-07
0.00033121,9.9415e-07
0.000331974,9.98739e-07
0.00033274,1.00335e-06
0.000333507,1.00798e-06
0.000334276,1.01264e-06
0.000335046,1.01731e-06
0.000335819,1.02201e-06
0.000336593,1.02673e-06
0.000337369,1.03147e-06
0.000338147,1.03623e-06
0.000338927,1.04101e-06
0.000339708,1.04582e-06
0.000340492,1.05065e-06
0.000341277,1.0555e-06
0.000342064,1.06037e-06
0.000342852,1.06527e-06
0.000343643,1.07018e-06
0.000344435,1.07512e-06
0.000345229,1.08009e-06
0.000346025,1.08507e-06
0.000346823,1.09008e-06
0.000347623,1.09512e-06
0.000348424,1.10017e-06
0.000349228,1.10525e-06
0.000350033,1.11035e-06
0.00035084,1.11548e-06
0.000351649,1.12063e-06
0.00035246,1.1258e-06
0.000353272,1.131e-06
0.000354087,1.13622e-06
0.000354903,1.14147e-06
0.000355722,1.14674e-06
0.000356542,1.15203e-06
0.000357364,1.15735e-06
0.000358188,1.16269e-06
0.000359014,1.16806e-06
0.000359841,1.17345e-06
0.000360671,1.17887e-06
0.000361503,1.18431e-06
0.000362336,1.18978e-06
0.000363172,1.19527e-06
0.000364009,1.20079e-06
0.000364848,1.20634e-06
0.00036569,1.21191e-06
0.000366533,1.2175e-06
0.000367378,1.22312e-06
0.000368225,1.22877e-06
0.000369074,1.23444e-06
0.000369925,1.24014e-06
0.000370778,1.24587e-06
0.000371633,1.25162e-06
0.00037249,1.2574e-06
0.000373349,1.2632e-06
0.000374209,1.26903e-06
0.000375072,1.27489e-06
0.000375937,1.28078e-06
0.000376804,1.28669e-06
0.000377673,1.29263e-06
0.000378543,1.2986e-06
0.000379416,1.30459e-06
0.000380291,1.31062e-06
0.000381168,1.31667e-06
0.000382047,1.32275e-06
0.000382928,1.32885e-06
0.00038381,1.33499e-06
0.000384695,1.34115e-06
0.000385582,1.34734e-06
0.000386471,1.35356e-06
0.000387363,1.35981e-06
0.000388256,1.36609e-06
0.000389151,1.3724e-06
0.000390048,1.37873e-06
0.000390947,1.3851e-06
0.000391849,1.39149e-06
0.000392752,1.39792e-06
0.000393658,1.40437e-06
0.000394566,1.41085e-06
0.000395475,1.41737e-06
0.000396387,1.42391e-06
0.000397301,1.43048e-06
0.000398217,1.43709e-06
0.000399135,1.44372e-06
0.000400056,1.45039e-06
0.000400978,1.45709e-06
0.000401903,1.46381e-06
0.000402829,1.47057e-06
0.000403758,1.47736e-06
0.000404689,1.48418e-06
0.000405622,1.49103e-06
0.000406557,1.49792e-06
0.000407495,1.50483e-06
0.000408434,1.51178e-06
0.000409376,1.51876e-06
0.00041032,1.52577e-06
0.000411266,1.53281e-06
0.000412214,1.53989e-06
0.000413165,1.547e-06
0.000414117,1.55414e-06
0.000415072,1.56132e-06
0.000416029,1.56852e-06
0.000416988,1.57577e-06
0.00041795,1.58304e-06
0.000418914,1.59035e-06
0.000419879,1.59769e-06
0.000420848,1.60507e-06
0.000421818,1.61248e-06
0.000422791,1.61992e-06
0.000423765,1.6274e-06
0.000424742,1.63491e-06
0.000425722,1.64246e-06
0.000426703,1.65004e-06
0.000427687,1.65766e-06
0.000428673,1.66532e-06
0.000429662,1.673e-06
0.000430652,1.68073e-06
0.000431645,1.68849e-06
0.000432641,1.69628e-06
0.000433638,1.70411e-06
0.000434638,1.71198e-06
0.00043564,1.71988e-06
0.000436645,1.72782e-06
0.000437651,1.7358e-06
0.00043866,1.74382e-06
0.000439672,1.75187e-06
0.000440686,1.75995e-06
0.000441702,1.76808e-06
0.00044272,1.77624e-06
0.000443741,1.78444e-06
0.000444764,1.79268e-06
0.000445789,1.80096e-06
0.000446817,1.80927e-06
0.000447848,1.81762e-06
0.00044888,1.82602e-06
0.000449915,1.83445e-06
0.000450953,1.84291e-06
0.000451992,1.85142e-06
0.000453034,1.85997e-06
0.000454079,1.86856e-06
0.000455126,1.87718e-06
0.000456175,1.88585e-06
0.000457227,1.89456e-06
0.000458281,1.9033e-06
0.000459338,1.91209e-06
0.000460397,1.92092e-06
0.000461459,1.92979e-06
0.000462523,1.9387e-06
0.000463589,1.94765e-06
0.000464658,1.95664e-06
0.000465729,1.96567e-06
0.000466803,1.97475e-06
0.00046788,1.98386e-06
0.000468958,1.99302e-06
0.00047004,2.00222e-06
0.000471123,2.01147e-06
0.00047221,2.02075e-06
0.000473298,2.03008e-06
0.00047439,2.03945e-06
0.000475483,2.04887e-06
0.00047658,2.05833e-06
0.000477679,2.06783e-06
0.00047878,2.07738e-06
0.000479884,2.08697e-06
0.00048099,2.0966e-06
0.000482099,2.10628e-06
0.000483211,2.11601e-06
0.000484325,2.12578e-06
0.000485442,2.13559e-06
0.000486561,2.14545e-06
0.000487683,2.15535e-06
0.000488807,2.16531e-06
0.000489935,2.1753e-06
0.000491064,2.18534e-06
0.000492196,2.19543e-06
0.000493331,2.20557e-06
0.000494469,2.21575e-06
0.000495609,2.22598e-06
0.000496752,2.23626e-06
0.000497897,2.24658e-06
0.000499045,2.25695e-06
0.000500196,2.26737e-06
0.000501349,2.27784e-06
0.000502505,2.28836e-06
0.000503663,2.29892e-06
0.000504825,2.30954e-06
0.000505989,2.3202e-06
0.000507155,2.33091e-06
0.000508325,2.34167e-06
0.000509497,2.35248e-06
0.000510672,2.36334e-06
0.000511849,2.37425e-06
0.000513029,2.38521e-06
0.000514212,2.39623e-06
0.000515398,2.40729e-06
0.000516586,2.4184e-06
0.000517777,2.42957e-06
0.000518971,2.44078e-06
0.000520168,2.45205e-06
0.000521367,2.46337e-06
0.000522569,2.47475e-06
0.000523774,2.48617e-06
0.000524982,2.49765e-06
0.000526192,2.50918e-06
0.000527405,2.52076e-06
0.000528621,2.5324e-06
0.00052984,2.54409e-06
0.000531062,2.55584e-06
0.000532286,2.56764e-06
0.000533514,2.57949e-06
0.000534744,2.5914e-06
0.000535977,2.60336e-06
0.000537212,2.61538e-06
0.000538451,2.62746e-06
0.000539693,2.63959e-06
0.000540937,2.65177e-06
0.000542184,2.66402e-06
0.000543434,2.67632e-06
0.000544687,2.68867e-06
0.000545943,2.70108e-06
0.000547202,2.71356e-06
0.000548464,2.72608e-06
0.000549728,2.73867e-06
0.000550996,2.75131e-06
0.000552266,2.76401e-06
0.00055354,2.77677e-06
0.000554816,2.78959e-06
0.000556095,2.80247e-06
0.000557377,2.81541e-06
0.000558662,2.82841e-06
0.00055995,2.84147e-06
0.000561242,2.85459e-06
0.000562536,2.86776e-06
0.000563833,2.881e-06
0.000565133,2.8943e-06
0.000566436,2.90767e-06
0.000567742,2.92109e-06
0.000569051,2.93458e-06
0.000570363,2.94812e-06
0.000571678,2.96173e-06
0.000572996,2.97541e-06
0.000574317,2.98914e-06
0.000575641,3.00294e-06
0.000576969,3.01681e-06
0.000578299,3.03074e-06
0.000579632,3.04473e-06
0.000580969,3.05879e-06
0.000582308,3.07291e-06
0.000583651,3.08709e-06
0.000584997,3.10135e-06
0.000586346,3.11566e-06
0.000587697,3.13005e-06
0.000589053,3.1445e-06
0.000590411,3.15902e-06
0.000591772,3.1736e-06
0.000593136,3.18825e-06
0.000594504,3.20297e-06
0.000595875,3.21776e-06
0.000597249,3.23261e-06
0.000598626,3.24754e-06
0.000600006,3.26253e-06
0.000601389,3.27759e-06
0.000602776,3.29272e-06
0.000604166,3.30793e-06
0.000605559,3.3232e-06
0.000606955,3.33854e-06
0.000608355,3.35395e-06
0.000609757,3.36944e-06
0.000611163,3.38499e-06
0.000612572,3.40062e-06
0.000613985,3.41632e-06
0.0006154,3.43209e-06
0.000616819,3.44794e-06
0.000618242,3.46385e-06
0.000619667,3.47985e-06
0.000621096,3.49591e-06
0.000622528,3.51205e-06
0.000623963,3.52827e-06
0.000625402,3.54455e-06
0.000626844,3.56092e-06
0.000628289,3.57736e-06
0.000629738,3.59387e-06
0.00063119,3.61047e-06
0.000632645,3.62713e-06
0.000634104,3.64388e-06
0.000635566,3.6607e-06
0.000637031,3.6776e-06
0.0006385,3.69458e-06
0.000639972,3.71164e-06
0.000641448,3.72877e-06
0.000642927,3.74599e-06
0.000644409,3.76328e-06
0.000645895,3.78066e-06
0.000647384,3.79811e-06
0.000648877,3.81565e-06
0.000650373,3.83326e-06
0.000651873,3.85096e-06
0.000653376,3.86874e-06
0.000654882,3.8866e-06
0.000656392,3.90454e-06
0.000657906,3.92257e-06
0.000659423,3.94068e-06
0.000660943,3.95887e-06
0.000662467,3.97715e-06
0.000663994,3.99551e-06
0.000665525,4.01395e-06
0.00066706,4.03248e-06
0.000668598,4.0511e-06
0.00067014,4.0698e-06
0.000671685,4.08859e-06
0.000673233,4.10747e-06
0.000674786,4.12643e-06
0.000676341,4.14548e-06
0.000677901,4.16462e-06
0.000679464,4.18385e-06
0.000681031,4.20316e-06
0.000682601,4.22257e-06
0.000684175,4.24206e-06
0.000685752,4.26165e-06
0.000687333,4.28132e-06
0.000688918,4.30109e-06
0.000690507,4.32094e-06
0.000692099,4.34089e-06
0.000693694,4.36093e-06
0.000695294,4.38107e-06
0.000696897,4.40129e-06
0.000698504,4.42161e-06
0.000700114,4.44203e-06
0.000701729,4.46253e-06
0.000703347,4.48314e-06
0.000704968,4.50383e-06
0.000706594,4.52463e-06
0.000708223,4.54551e-06
0.000709856,4.5665e-06
0.000711493,4.58758e-06
0.000713133,4.60876e-06
0.000714777,4.63004e-06
0.000716425,4.65141e-06
0.000718077,4.67289e-06
0.000719733,4.69446e-06
0.000721393,4.71613e-06
0.000723056,4.73791e-06
0.000724723,4.75978e-06
0.000726394,4.78176e-06
0.000728069,4.80383e-06
0.000729748,4.82601e-06
0.00073143,4.84829e-06
0.000733117,4.87067e-06
0.000734807,4.89316e-06
0.000736501,4.91575e-06
0.000738199,4.93844e-06
0.000739901,4.96124e-06
0.000741607,4.98415e-06
0.000743317,5.00716e-06
0.000745031,5.03028e-06
0.000746749,5.0535e-06
0.000748471,5.07683e-06
0.000750197,5.10027e-06
0.000751926,5.12381e-06
0.00075366,5.14747e-06
0.000755398,5.17123e-06
0.000757139,5.19511e-06
0.000758885,5.21909e-06
0.000760635,5.24319e-06
0.000762389,5.26739e-06
0.000764147,5.29171e-06
0.000765908,5.31614e-06
0.000767674,5.34068e-06
0.000769444,5.36534e-06
0.000771218,5.39011e-06
0.000772997,5.41499e-06
0.000774779,5.43999e-06
0.000776565,5.46511e-06
0.000778356,5.49034e-06
0.000780151,5.51569e-06
0.000781949,5.54115e-06
0.000783752,5.56673e-06
0.000785559,5.59243e-06
0.000787371,5.61825e-06
0.000789186,5.64419e-06
0.000791006,5.67025e-06
0.00079283,5.69643e-06
0.000794658,5.72272e-06
0.00079649,5.74914e-06
0.000798326,5.77569e-06
0.000800167,5.80235e-06
0.000802012,5.82914e-06
0.000803861,5.85605e-06
0.000805715,5.88309e-06
0.000807572,5.91025e-06
0.000809434,5.93753e-06
0.000811301,5.96494e-06
0.000813171,5.99248e-06
0.000815046,6.02015e-06
0.000816925,6.04794e-06
0.000818809,6.07586e-06
0.000820697,6.10391e-06
0.000822589,6.13209e-06
0.000824486,6.1604e-06
0.000826387,6.18884e-06
0.000828292,6.21742e-06
0.000830202,6.24612e-06
0.000832116,6.27496e-06
0.000834035,6.30393e-06
0.000835958,6.33303e-06
0.000837885,6.36227e-06
0.000839817,6.39164e-06
0.000841754,6.42115e-06
0.000843695,6.45079e-06
0.00084564,6.48057e-06
0.00084759,6.51049e-06
0.000849544,6.54055e-06
0.000851503,6.57074e-06
0.000853466,6.60108e-06
0.000855434,6.63156e-06
0.000857406,6.66217e-06
0.000859383,6.69293e-06
0.000861365,6.72383e-06
0.000863351,6.75487e-06
0.000865341,6.78605e-06
0.000867337,6.81738e-06
0.000869336,6.84886e-06
0.000871341,6.88048e-06
0.00087335,6.91224e-06
0.000875364,6.94415e-06
0.000877382,6.97621e-06
0.000879405,7.00842e-06
0.000881432,7.04078e-06
0.000883465,7.07328e-06
0.000885502,7.10594e-06
0.000887543,7.13874e-06
0.00088959,7.1717e-06
0.000891641,7.20481e-06
0.000893697,7.23807e-06
0.000895757,7.27149e-06
0.000897823,7.30506e-06
0.000899893,7.33878e-06
0.000901968,7.37266e-06
0.000904047,7.4067e-06
0.000906132,7.4409e-06
0.000908221,7.47525e-06
0.000910315,7.50976e-06
0.000912414,7.54443e-06
0.000914518,7.57926e-06
0.000916627,7.61425e-06
0.00091874,7.6494e-06
0.000920858,7.68472e-06
0.000922982,7.7202e-06
0.00092511,7.75584e-06
0.000927243,7.79164e-06
0.000929381,7.82762e-06
0.000931524,7.86375e-06
0.000933671,7.90006e-06
0.000935824,7.93653e-06
0.000937982,7.97317e-06
0.000940145,8.00998e-06
0.000942312,8.04696e-06
0.000944485,8.08411e-06
0.000946663,8.12143e-06
0.000948845,8.15893e-06
0.000951033,8.19659e-06
0.000953226,8.23444e-06
0.000955424,8.27245e-06
0.000957627,8.31064e-06
0.000959835,8.34901e-06
0.000962048,8.38756e-06
0.000964266,8.42628e-06
0.000966489,8.46518e-06
0.000968718,8.50426e-06
0.000970951,8.54352e-06
0.00097319,8.58297e-06
0.000975434,8.62259e-06
0.000977683,8.6624e-06
0.000979937,8.70239e-06
0.000982197,8.74257e-06
0.000984461,8.78293e-06
0.000986731,8.82348e-06
0.000989006,8.86421e-06
0.000991287,8.90513e-06
0.000993572,8.94625e-06
0.000995863,8.98755e-06
0.000998159,9.02904e-06
0.00100046,9.07073e-06
0.00100277,9.1126e-06
0.00100508,9.15467e-06
0.0010074,9.19694e-06
0.00100972,9.2394e-06
0.00101205,9.28205e-06
0.00101438,9.32491e-06
0.00101672,9.36796e-06
0.00101906,9.4112e-06
0.00102141,9.45465e-06
0.00102377,9.4983e-06
0.00102613,9.54215e-06
0.0010285,9.58621e-06
0.00103087,9.63046e-06
0.00103324,9.67492e-06
0.00103563,9.71959e-06
0.00103801,9.76446e-06
0.00104041,9.80954e-06
0.00104281,9.85483e-06
0.00104521,9.90033e-06
0.00104762,9.94603e-06
0.00105004,9.99195e-06
0.00105246,1.00381e-05
0.00105488,1.00844e-05
0.00105732,1.0131e-05
0.00105975,1.01778e-05
0.0010622,1.02247e-05
0.00106465,1.02719e-05
0.0010671,1.03194e-05
0.00106956,1.0367e-05
0.00107203,1.04149e-05
0.0010745,1.0463e-05
0.00107698,1.05113e-05
0.00107946,1.05598e-05
0.00108195,1.06085e-05
0.00108444,1.06575e-05
0.00108694,1.07067e-05
0.00108945,1.07561e-05
0.00109196,1.08058e-05
0.00109448,1.08557e-05
0.001097,1.09058e-05
0.00109953,1.09562e-05
0.00110207,1.10067e-05
0.00110461,1.10575e-05
0.00110716,1.11086e-05
0.00110971,1.11599e-05
0.00111227,1.12114e-05
0.00111483,1.12632e-05
0.0011174,1.13152e-05
0.00111998,1.13674e-05
0.00112256,1.14199e-05
0.00112515,1.14726e-05
0.00112774,1.15256e-05
0.00113034,1.15788e-05
0.00113295,1.16322e-05
0.00113556,1.16859e-05
0.00113818,1.17399e-05
0.00114081,1.17941e-05
0.00114344,1.18485e-05
0.00114607,1.19032e-05
0.00114871,1.19582e-05
0.00115136,1.20134e-05
0.00115402,1.20689e-05
0.00115668,1.21246e-05
0.00115935,1.21806e-05
0.00116202,1.22368e-05
0.0011647,1.22933e-05
0.00116738,1.235e-05
0.00117007,1.24071e-05
0.00117277,1.24643e-05
0.00117548,1.25219e-05
0.00117819,1.25797e-05
0.0011809,1.26378e-05
0.00118363,1.26961e-05
0.00118636,1.27547e-05
0.00118909,1.28136e-05
0.00119183,1.28728e-05
0.00119458,1.29322e-05
0.00119733,1.29919e-05
0.0012001,1.30519e-05
0.00120286,1.31121e-05
0.00120564,1.31727e-05
0.00120842,1.32335e-05
0.0012112,1.32946e-05
0.00121399,1.33559e-05
0.00121679,1.34176e-05
0.0012196,1.34796e-05
0.00122241,1.35418e-05
0.00122523,1.36043e-05
0.00122806,1.36671e-05
0.00123089,1.37302e-05
0.00123372,1.37936e-05
0.00123657,1.38573e-05
0.00123942,1.39212e-05
0.00124228,1.39855e-05
0.00124514,1.40501e-05
0.00124801,1.4115e-05
0.00125089,1.41801e-05
0.00125378,1.42456e-05
0.00125667,1.43113e-05
0.00125956,1.43774e-05
0.00126247,1.44438e-05
0.00126538,1.45105e-05
0.0012683,1.45775e-05
0.00127122,1.46448e-05
0.00127415,1.47124e-05
0.00127709,1.47803e-05
0.00128003,1.48485e-05
0.00128299,1.49171e-05
0.00128594,1.4986e-05
0.00128891,1.50551e-05
0.00129188,1.51246e-05
0.00129486,1.51945e-05
0.00129784,1.52646e-05
0.00130084,1.53351e-05
0.00130384,1.54059e-05
0.00130684,1.5477e-05
0.00130986,1.55485e-05
0.00131288,1.56202e-05
0.0013159,1.56924e-05
0.00131894,1.57648e-05
0.00132198,1.58376e-05
0.00132503,1.59107e-05
0.00132808,1.59842e-05
0.00133114,1.6058e-05
0.00133421,1.61321e-05
0.00133729,1.62066e-05
0.00134037,1.62814e-05
0.00134346,1.63565e-05
0.00134656,1.64321e-05
0.00134967,1.65079e-05
0.00135278,1.65841e-05
0.0013559,1.66607e-05
0.00135902,1.67376e-05
0.00136216,1.68149e-05
0.0013653,1.68925e-05
0.00136844,1.69705e-05
0.0013716,1.70489e-05
0.00137476,1.71276e-05
0.00137793,1.72066e-05
0.00138111,1.72861e-05
0.00138429,1.73659e-05
0.00138749,1.7446e-05
0.00139068,1.75266e-05
0.00139389,1.76075e-05
0.0013971,1.76888e-05
0.00140033,1.77705e-05
0.00140356,1.78525e-05
0.00140679,1.79349e-05
0.00141003,1.80177e-05
0.00141329,1.81009e-05
0.00141654,1.81845e-05
0.00141981,1.82684e-05
0.00142308,1.83528e-05
0.00142637,1.84375e-05
0.00142965,1.85226e-05
0.00143295,1.86081e-05
0.00143625,1.8694e-05
0.00143957,1.87803e-05
0.00144289,1.8867e-05
0.00144621,1.89541e-05
0.00144955,1.90416e-05
0.00145289,1.91295e-05
0.00145624,1.92179e-05
0.0014596,1.93066e-05
0.00146296,1.93957e-05
0.00146634,1.94853e-05
0.00146972,1.95752e-05
0.0014731,1.96656e-05
0.0014765,1.97564e-05
0.00147991,1.98476e-05
0.00148332,1.99392e-05
0.00148674,2.00313e-05
0.00149017,2.01237e-05
0.0014936,2.02167e-05
0.00149705,2.031e-05
0.0015005,2.04038e-05
0.00150396,2.04979e-05
0.00150742,2.05926e-05
0.0015109,2.06877e-05
0.00151438,2.07832e-05
0.00151788,2.08791e-05
0.00152138,2.09755e-05
0.00152488,2.10723e-05
0.0015284,2.11696e-05
0.00153192,2.12674e-05
0.00153546,2.13655e-05
0.001539,2.14642e-05
0.00154254,2.15633e-05
0.0015461,2.16628e-05
0.00154967,2.17628e-05
0.00155324,2.18633e-05
0.00155682,2.19642e-05
0.00156041,2.20656e-05
0.00156401,2.21675e-05
0.00156761,2.22698e-05
0.00157123,2.23727e-05
0.00157485,2.24759e-05
0.00157848,2.25797e-05
0.00158212,2.2684e-05
0.00158577,2.27887e-05
0.00158943,2.28939e-05
0.00159309,2.29996e-05
0.00159676,2.31058e-05
0.00160045,2.32124e-05
0.00160414,2.33196e-05
0.00160783,2.34273e-05
0.00161154,2.35354e-05
0.00161526,2.36441e-05
0.00161898,2.37532e-05
0.00162271,2.38629e-05
0.00162646,2.3973e-05
0.00163021,2.40837e-05
0.00163396,2.41949e-05
0.00163773,2.43066e-05
0.00164151,2.44188e-05
0.00164529,2.45316e-05
0.00164909,2.46448e-05
0.00165289,2.47586e-05
0.0016567,2.48729e-05
0.00166052,2.49877e-05
0.00166435,2.51031e-05
0.00166819,2.5219e-05
0.00167203,2.53354e-05
0.00167589,2.54524e-05
0.00167975,2.55699e-05
0.00168362,2.56879e-05
0.00168751,2.58065e-05
0.0016914,2.59256e-05
0.0016953,2.60453e-05
0.00169921,2.61656e-05
0.00170312,2.62864e-05
0.00170705,2.64077e-05
0.00171099,2.65296e-05
0.00171493,2.66521e-05
0.00171889,2.67752e-05
0.00172285,2.68988e-05
0.00172682,2.7023e-05
0.0017308,2.71477e-05
0.00173479,2.72731e-05
0.00173879,2.7399e-05
0.0017428,2.75255e-05
0.00174682,2.76525e-05
0.00175085,2.77802e-05
0.00175489,2.79084e-05
0.00175893,2.80373e-05
0.00176299,2.81667e-05
0.00176705,2.82968e-05
0.00177113,2.84274e-05
0.00177521,2.85586e-05
0.0017793,2.86905e-05
0.00178341,2.88229e-05
0.00178752,2.8956e-05
0.00179164,2.90897e-05
0.00179577,2.9224e-05
0.00179991,2.93589e-05
0.00180406,2.94944e-05
0.00180822,2.96306e-05
0.00181239,2.97674e-05
0.00181657,2.99048e-05
0.00182076,3.00429e-05
0.00182496,3.01816e-05
0.00182916,3.03209e-05
0.00183338,3.04609e-05
0.00183761,3.06015e-05
0.00184184,3.07428e-05
0.00184609,3.08847e-05
0.00185035,3.10273e-05
0.00185461,3.11706e-05
0.00185889,3.13145e-05
0.00186318,3.1459e-05
0.00186747,3.16043e-05
0.00187178,3.17502e-05
0.00187609,3.18967e-05
0.00188042,3.2044e-05
0.00188476,3.21919e-05
0.0018891,3.23406e-05
0.00189346,3.24899e-05
0.00189782,3.26399e-05
0.0019022,3.27905e-05
0.00190658,3.29419e-05
0.00191098,3.3094e-05
0.00191539,3.32468e-05
0.0019198,3.34003e-05
0.00192423,3.35545e-05
0.00192867,3.37094e-05
0.00193311,3.3865e-05
0.00193757,3.40213e-05
0.00194204,3.41784e-05
0.00194652,3.43362e-05
0.001951,3.44947e-05
0.0019555,3.4654e-05
0.00196001,3.4814e-05
0.00196453,3.49747e-05
0.00196906,3.51361e-05
0.0019736,3.52983e-05
0.00197815,3.54613e-05
0.00198271,3.5625e-05
0.00198728,3.57895e-05
0.00199186,3.59547e-05
0.00199646,3.61207e-05
0.00200106,3.62875e-05
0.00200567,3.6455e-05
0.0020103,3.66233e-05
0.00201493,3.67924e-05
0.00201958,3.69622e-05
0.00202424,3.71329e-05
0.0020289,3.73043e-05
0.00203358,3.74765e-05
0.00203827,3.76495e-05
0.00204297,3.78233e-05
0.00204768,3.7998e-05
0.0020524,3.81734e-05
0.00205713,3.83496e-05
0.00206188,3.85267e-05
0.00206663,3.87045e-05
0.0020714,3.88832e-05
0.00207617,3.90627e-05
0.00208096,3.9243e-05
0.00208576,3.94242e-05
0.00209057,3.96062e-05
0.00209539,3.97891e-05
0.00210022,3.99728e-05
0.00210506,4.01573e-05
0.00210991,4.03427e-05
0.00211478,4.05289e-05
0.00211966,4.0716e-05
0.00212454,4.0904e-05
0.00212944,4.10929e-05
0.00213435,4.12826e-05
0.00213927,4.14732e-05
0.0021442,4.16646e-05
0.00214915,4.1857e-05
0.0021541,4.20502e-05
0.00215907,4.22443e-05
0.00216405,4.24394e-05
0.00216904,4.26353e-05
0.00217404,4.28321e-05
0.00217905,4.30299e-05
0.00218408,4.32285e-05
0.00218911,4.34281e-05
0.00219416,4.36286e-05
0.00219922,4.383e-05
0.00220429,4.40323e-05
0.00220937,4.42356e-05
0.00221447,4.44398e-05
0.00221957,4.4645e-05
0.00222469,4.48511e-05
0.00222982,4.50582e-05
0.00223496,4.52662e-05
0.00224011,4.54752e-05
0.00224528,4.56851e-05
0.00225046,4.5896e-05
0.00225564,4.61079e-05
0.00226085,4.63208e-05
0.00226606,4.65346e-05
0.00227128,4.67494e-05
0.00227652,4.69653e-05
0.00228177,4.71821e-05
0.00228703,4.73999e-05
0.0022923,4.76187e-05
0.00229759,4.78386e-05
0.00230289,4.80594e-05
0.0023082,4.82813e-05
0.00231352,4.85042e-05
0.00231885,4.87281e-05
0.0023242,4.89531e-05
0.00232956,4.91791e-05
0.00233493,4.94061e-05
0.00234031,4.96342e-05
0.00234571,4.98633e-05
0.00235112,5.00935e-05
0.00235654,5.03248e-05
0.00236197,5.05571e-05
0.00236742,5.07905e-05
0.00237288,5.1025e-05
0.00237835,5.12606e-05
0.00238383,5.14972e-05
0.00238933,5.1735e-05
0.00239484,5.19738e-05
0.00240036,5.22137e-05
0.00240589,5.24548e-05
0.00241144,5.26969e-05
0.002417,5.29402e-05
0.00242257,5.31846e-05
0.00242816,5.34302e-05
0.00243376,5.36768e-05
0.00243937,5.39246e-05
0.00244499,5.41736e-05
0.00245063,5.44237e-05
0.00245628,5.46749e-05
0.00246194,5.49273e-05
0.00246762,5.51809e-05
0.00247331,5.54357e-05
0.00247901,5.56916e-05
0.00248473,5.59487e-05
0.00249046,5.6207e-05
0.0024962,5.64665e-05
0.00250196,5.67271e-05
0.00250772,5.6989e-05
0.00251351,5.72521e-05
0.0025193,5.75164e-05
0.00252511,5.7782e-05
0.00253093,5.80487e-05
0.00253677,5.83167e-05
0.00254262,5.85859e-05
0.00254848,5.88564e-05
0.00255436,5.91281e-05
0.00256025,5.94011e-05
0.00256615,5.96753e-05
0.00257207,5.99508e-05
0.002578,6.02276e-05
0.00258394,6.05056e-05
0.0025899,6.0785e-05
0.00259587,6.10656e-05
0.00260185,6.13475e-05
0.00260785,6.16307e-05
0.00261387,6.19152e-05
0.00261989,6.22011e-05
0.00262593,6.24882e-05
0.00263199,6.27767e-05
0.00263806,6.30665e-05
0.00264414,6.33577e-05
0.00265024,6.36502e-05
0.00265635,6.3944e-05
0.00266247,6.42392e-05
0.00266861,6.45358e-05
0.00267476,6.48337e-05
0.00268093,6.5133e-05
0.00268711,6.54337e-05
0.00269331,6.57358e-05
0.00269952,6.60393e-05
0.00270574,6.63441e-05
0.00271198,6.66504e-05
0.00271823,6.69581e-05
0.0027245,6.72672e-05
0.00273078,6.75778e-05
0.00273708,6.78897e-05
0.00274339,6.82032e-05
0.00274972,6.8518e-05
0.00275606,6.88343e-05
0.00276241,6.91521e-05
0.00276878,6.94714e-05
0.00277516,6.97921e-05
0.00278156,7.01143e-05
0.00278798,7.0438e-05
0.0027944,7.07631e-05
0.00280085,7.10898e-05
0.00280731,7.1418e-05
0.00281378,7.17477e-05
0.00282027,7.20789e-05
0.00282677,7.24117e-05
0.00283329,7.2746e-05
0.00283982,7.30818e-05
0.00284637,7.34192e-05
0.00285293,7.37582e-05
0.00285951,7.40987e-05
0.0028661,7.44407e-05
0.00287271,7.47844e-05
0.00287933,7.51296e-05
0.00288597,7.54765e-05
0.00289263,7.58249e-05
0.0028993,7.6175e-05
0.00290598,7.65266e-05
0.00291268,7.68799e-05
0.0029194,7.72348e-05
0.00292613,7.75914e-05
0.00293287,7.79496e-05
0.00293964,7.83095e-05
0.00294641,7.8671e-05
0.00295321,7.90342e-05
0.00296002,7.9399e-05
0.00296684,7.97656e-05
0.00297368,8.01338e-05
0.00298054,8.05038e-05
0.00298741,8.08754e-05
0.0029943,8.12488e-05
0.0030012,8.16239e-05
0.00300812,8.20007e-05
0.00301506,8.23792e-05
0.00302201,8.27595e-05
0.00302898,8.31416e-05
0.00303596,8.35254e-05
0.00304296,8.3911e-05
0.00304998,8.42984e-05
0.00305701,8.46876e-05
0.00306406,8.50785e-05
0.00307112,8.54713e-05
0.00307821,8.58659e-05
0.0030853,8.62623e-05
0.00309242,8.66605e-05
0.00309955,8.70606e-05
0.00310669,8.74625e-05
0.00311386,8.78663e-05
0.00312104,8.82719e-05
0.00312823,8.86794e-05
0.00313545,8.90888e-05
0.00314267,8.95001e-05
0.00314992,8.99133e-05
0.00315718,9.03283e-05
0.00316446,9.07453e-05
0.00317176,9.11643e-05
0.00317907,9.15851e-05
0.0031864,9.20079e-05
0.00319375,9.24327e-05
0.00320111,9.28594e-05
0.00320849,9.32881e-05
0.00321589,9.37188e-05
0.00322331,9.41514e-05
0.00323074,9.45861e-05
0.00323819,9.50227e-05
0.00324565,9.54614e-05
0.00325314,9.59021e-05
0.00326064,9.63448e-05
0.00326816,9.67896e-05
0.00327569,9.72364e-05
0.00328324,9.76853e-05
0.00329081,9.81363e-05
0.0032984,9.85893e-05
0.00330601,9.90445e-05
0.00331363,9.95017e-05
0.00332127,9.9961e-05
0.00332893,0.000100423
0.0033366,0.000100886
0.0033443,0.000101352
0.00335201,0.00010182
0.00335974,0.00010229
0.00336748,0.000102762
0.00337525,0.000103236
0.00338303,0.000103713
0.00339083,0.000104192
0.00339865,0.000104673
0.00340648,0.000105156
0.00341434,0.000105641
0.00342221,0.000106129
0.0034301,0.000106619
0.00343801,0.000107111
0.00344594,0.000107606
0.00345388,0.000108103
0.00346185,0.000108602
0.00346983,0.000109103
0.00347783,0.000109607
0.00348585,0.000110113
0.00349389,0.000110621
0.00350194,0.000111132
0.00351002,0.000111645
0.00351811,0.00011216
0.00352622,0.000112678
0.00353435,0.000113198
0.0035425,0.000113721
0.00355067,0.000114246
0.00355885,0.000114773
0.00356706,0.000115303
0.00357528,0.000115835
0.00358353,0.00011637
0.00359179,0.000116907
0.00360007,0.000117447
0.00360837,0.000117989
0.00361669,0.000118534
0.00362503,0.000119081
0.00363339,0.000119631
0.00364177,0.000120183
0.00365016,0.000120738
0.00365858,0.000121295
0.00366702,0.000121855
0.00367547,0.000122417
0.00368395,0.000122983
0.00369244,0.00012355
0.00370095,0.000124121
0.00370949,0.000124694
0.00371804,0.000125269
0.00372661,0.000125848
0.00373521,0.000126429
0.00374382,0.000127012
0.00375245,0.000127599
0.0037611,0.000128188
0.00376977,0.000128779
0.00377847,0.000129374
0.00378718,0.000129971
0.00379591,0.000130571
0.00380466,0.000131174
0.00381343,0.00013178
0.00382223,0.000132388
0.00383104,0.000132999
0.00383987,0.000133613
0.00384873,0.00013423
0.0038576,0.000134849
0.0038665,0.000135472
0.00387541,0.000136097
0.00388435,0.000136726
0.0038933,0.000137357
0.00390228,0.000137991
0.00391128,0.000138628
0.00392029,0.000139268
0.00392933,0.000139911
0.00393839,0.000140557
0.00394747,0.000141206
0.00395658,0.000141857
0.0039657,0.000142512
0.00397484,0.00014317
0.00398401,0.000143831
0.00399319,0.000144495
0.0040024,0.000145162
0.00401163,0.000145832
0.00402088,0.000146505
0.00403015,0.000147182
0.00403944,0.000147861
0.00404875,0.000148544
0.00405809,0.00014923
0.00406745,0.000149918
0.00407682,0.000150611
0.00408622,0.000151306
0.00409565,0.000152004
0.00410509,0.000152706
0.00411455,0.000153411
0.00412404,0.000154119
0.00413355,0.000154831
0.00414308,0.000155545
0.00415263,0.000156263
0.00416221,0.000156985
0.00417181,0.000157709
0.00418142,0.000158438
0.00419107,0.000159169
0.00420073,0.000159904
0.00421041,0.000160642
0.00422012,0.000161383
0.00422985,0.000162128
0.00423961,0.000162877
0.00424938,0.000163629
0.00425918,0.000164384
0.004269,0.000165143
0.00427884,0.000165905
0.00428871,0.000166671
0.0042986,0.000167441
0.00430851,0.000168214
0.00431844,0.00016899
0.0043284,0.00016977
0.00433838,0.000170554
0.00434838,0.000171341
0.00435841,0.000172132
0.00436846,0.000172927
0.00437853,0.000173725
0.00438862,0.000174527
0.00439874,0.000175333
0.00440889,0.000176142
0.00441905,0.000176955
0.00442924,0.000177772
0.00443945,0.000178593
0.00444969,0.000179417
0.00445995,0.000180246
0.00447023,0.000181078
0.00448054,0.000181914
0.00449087,0.000182753
0.00450122,0.000183597
0.0045116,0.000184444
0.00452201,0.000185296
0.00453243,0.000186151
0.00454288,0.000187011
0.00455336,0.000187874
0.00456386,0.000188741
0.00457438,0.000189612
0.00458493,0.000190488
0.0045955,0.000191367
0.00460609,0.000192251
0.00461671,0.000193138
0.00462736,0.00019403
0.00463803,0.000194925
0.00464872,0.000195825
0.00465944,0.000196729
0.00467018,0.000197637
0.00468095,0.00019855
0.00469174,0.000199466
0.00470256,0.000200387
0.0047134,0.000201312
0.00472427,0.000202241
0.00473516,0.000203175
0.00474608,0.000204113
0.00475703,0.000205055
0.00476799,0.000206002
0.00477899,0.000206953
0.00479001,0.000207908
0.00480105,0.000208868
0.00481212,0.000209832
0.00482322,0.0002108
0.00483434,0.000211774
0.00484548,0.000212751
0.00485666,0.000213733
0.00486785,0.00021472
0.00487908,0.000215711
0.00489033,0.000216707
0.0049016,0.000217707
0.0049129,0.000218712
0.00492423,0.000219722
0.00493559,0.000220736
0.00494697,0.000221755
0.00495837,0.000222779
0.0049698,0.000223807
0.00498126,0.00022484
0.00499275,0.000225878
0.00500426,0.000226921
0.0050158,0.000227968
0.00502736,0.000229021
0.00503895,0.000230078
0.00505057,0.00023114
0.00506222,0.000232207
0.00507389,0.000233279
0.00508559,0.000234356
0.00509731,0.000235438
0.00510907,0.000236524
0.00512085,0.000237616
0.00513265,0.000238713
0.00514449,0.000239815
0.00515635,0.000240922
0.00516824,0.000242034
0.00518016,0.000243151
0.0051921,0.000244274
0.00520407,0.000245401
0.00521607,0.000246534
0.0052281,0.000247672
0.00524015,0.000248816
0.00525223,0.000249964
0.00526434,0.000251118
0.00527648,0.000252277
0.00528865,0.000253442
0.00530084,0.000254612
0.00531306,0.000255787
0.00532531,0.000256968
0.00533759,0.000258154
0.0053499,0.000259346
0.00536224,0.000260543
0.0053746,0.000261746
0.00538699,0.000262954
0.00539941,0.000264168
0.00541186,0.000265387
0.00542434,0.000266612
0.00543685,0.000267843
0.00544938,0.000269079
0.00546195,0.000270321
0.00547454,0.000271569
0.00548716,0.000272823
0.00549981,0.000274082
0.0055125,0.000275347
0.00552521,0.000276618
0.00553795,0.000277895
0.00555071,0.000279178
0.00556351,0.000280467
0.00557634,0.000281761
0.0055892,0.000283062
0.00560208,0.000284369
0.005615,0.000285681
0.00562795,0.000287
0.00564092,0.000288325
0.00565393,0.000289656
0.00566697,0.000290993
0.00568003,0.000292336
0.00569313,0.000293685
0.00570626,0.000295041
0.00571941,0.000296403
0.0057326,0.000297771
0.00574582,0.000299146
0.00575907,0.000300527
0.00577234,0.000301914
0.00578565,0.000303307
0.00579899,0.000304707
0.00581236,0.000306114
0.00582577,0.000307527
0.0058392,0.000308947
0.00585266,0.000310373
0.00586616,0.000311805
0.00587968,0.000313245
0.00589324,0.000314691
0.00590683,0.000316143
0.00592045,0.000317603
0.0059341,0.000319069
0.00594778,0.000320541
0.00596149,0.000322021
0.00597524,0.000323507
0.00598902,0.000325001
0.00600282,0.000326501
0.00601667,0.000328008
0.00603054,0.000329522
0.00604444,0.000331043
0.00605838,0.000332571
0.00607235,0.000334106
0.00608635,0.000335649
0.00610038,0.000337198
0.00611445,0.000338754
0.00612855,0.000340318
0.00614268,0.000341889
0.00615684,0.000343467
0.00617104,0.000345052
0.00618526,0.000346645
0.00619953,0.000348245
0.00621382,0.000349853
0.00622815,0.000351468
0.00624251,0.00035309
0.0062569,0.00035472
0.00627133,0.000356357
0.00628579,0.000358002
0.00630028,0.000359655
0.00631481,0.000361315
0.00632937,0.000362982
0.00634396,0.000364658
0.00635859,0.000366341
0.00637325,0.000368032
0.00638794,0.000369731
0.00640267,0.000371438
0.00641743,0.000373152
0.00643223,0.000374874
0.00644706,0.000376605
0.00646193,0.000378343
0.00647683,0.00038009
0.00649176,0.000381844
0.00650673,0.000383607
0.00652173,0.000385377
0.00653677,0.000387156
0.00655184,0.000388943
0.00656695,0.000390738
0.00658209,0.000392542
0.00659726,0.000394354
0.00661248,0.000396174
0.00662772,0.000398003
0.006643,0.00039984
0.00665832,0.000401685
0.00667367,0.00040354
0.00668906,0.000405402
0.00670448,0.000407273
0.00671994,0.000409153
0.00673544,0.000411042
0.00675097,0.000412939
0.00676653,0.000414845
0.00678213,0.00041676
0.00679777,0.000418684
0.00681344,0.000420616
0.00682915,0.000422558
0.0068449,0.000424508
0.00686068,0.000426467
0.0068765,0.000428436
0.00689236,0.000430413
0.00690825,0.0004324
0.00692418,0.000434396
0.00694014,0.000436401
0.00695614,0.000438415
0.00697218,0.000440439
0.00698826,0.000442472
0.00700437,0.000444514
0.00702052,0.000446566
0.00703671,0.000448627
0.00705293,0.000450698
0.00706919,0.000452778
0.00708549,0.000454868
0.00710183,0.000456967
0.0071182,0.000459077
0.00713462,0.000461196
0.00715107,0.000463324
0.00716756,0.000465463
0.00718408,0.000467611
0.00720065,0.00046977
0.00721725,0.000471938
0.00723389,0.000474116
0.00725057,0.000476304
0.00726729,0.000478503
0.00728404,0.000480711
0.00730084,0.00048293
0.00731767,0.000485159
0.00733454,0.000487399
0.00735145,0.000489648
0.0073684,0.000491908
0.00738539,0.000494179
0.00740242,0.00049646
0.00741949,0.000498751
0.0074366,0.000501053
0.00745374,0.000503366
0.00747093,0.000505689
0.00748816,0.000508023
0.00750542,0.000510368
0.00752273,0.000512723
0.00754007,0.00051509
0.00755746,0.000517467
0.00757488,0.000519856
0.00759235,0.000522255
0.00760985,0.000524666
0.0076274,0.000527087
0.00764499,0.00052952
0.00766261,0.000531964
0.00768028,0.000534419
0.00769799,0.000536886
0.00771574,0.000539364
0.00773353,0.000541853
0.00775136,0.000544354
0.00776923,0.000546867
0.00778715,0.000549391
0.0078051,0.000551926
0.0078231,0.000554474
0.00784113,0.000557033
0.00785921,0.000559604
0.00787733,0.000562186
0.0078955,0.000564781
0.0079137,0.000567388
0.00793195,0.000570007
0.00795024,0.000572637
0.00796857,0.00057528
0.00798694,0.000577936
0.00800536,0.000580603
0.00802381,0.000583283
0.00804231,0.000585975
0.00806086,0.000588679
0.00807944,0.000591396
0.00809807,0.000594126
0.00811674,0.000596868
0.00813546,0.000599622
0.00815422,0.00060239
0.00817302,0.00060517
0.00819186,0.000607963
0.00821075,0.000610769
0.00822968,0.000613588
0.00824866,0.00061642
0.00826768,0.000619265
0.00828674,0.000622123
0.00830585,0.000624994
0.008325,0.000627879
0.00834419,0.000630776
0.00836343,0.000633688
0.00838271,0.000636612
0.00840204,0.00063955
0.00842142,0.000642502
0.00844083,0.000645467
0.00846029,0.000648446
0.0084798,0.000651439
0.00849935,0.000654446
0.00851895,0.000657466
0.00853859,0.0006605
0.00855828,0.000663549
0.00857801,0.000666611
0.00859779,0.000669688
0.00861761,0.000672778
0.00863748,0.000675883
0.0086574,0.000679003
0.00867736,0.000682136
0.00869737,0.000685284
0.00871742,0.000688447
0.00873752,0.000691624
0.00875767,0.000694816
0.00877786,0.000698023
0.0087981,0.000701244
0.00881839,0.000704481
0.00883872,0.000707732
0.0088591,0.000710998
0.00887952,0.000714279
0.0089,0.000717576
0.00892052,0.000720888
0.00894109,0.000724214
0.0089617,0.000727557
0.00898236,0.000730914
0.00900308,0.000734288
0.00902383,0.000737676
0.00904464,0.000741081
0.00906549,0.000744501
0.0090864,0.000747937
0.00910735,0.000751388
0.00912835,0.000754856
0.00914939,0.00075834
0.00917049,0.000761839
0.00919163,0.000765355
0.00921283,0.000768887
0.00923407,0.000772436
0.00925536,0.000776
0.0092767,0.000779582
0.00929809,0.000783179
0.00931953,0.000786794
0.00934102,0.000790425
0.00936255,0.000794072
0.00938414,0.000797737
0.00940578,0.000801418
0.00942746,0.000805117
0.0094492,0.000808832
0.00947099,0.000812565
0.00949283,0.000816315
0.00951471,0.000820082
0.00953665,0.000823866
0.00955864,0.000827668
0.00958068,0.000831488
0.00960277,0.000835325
0.00962491,0.00083918
0.0096471,0.000843052
0.00966935,0.000846943
0.00969164,0.000850851
0.00971399,0.000854778
0.00973638,0.000858722
0.00975883,0.000862685
0.00978133,0.000866666
0.00980389,0.000870666
0.00982649,0.000874683
0.00984915,0.00087872
0.00987186,0.000882775
0.00989462,0.000886849
0.00991743,0.000890941
0.0099403,0.000895052
0.00996322,0.000899183
0.00998619,0.000903332
0.0100092,0.000907501
0.0100323,0.000911688
0.0100554,0.000915896
0.0100786,0.000920122
0.0101018,0.000924368
0.0101251,0.000928634
0.0101485,0.000932919
0.0101719,0.000937224
0.0101953,0.000941549
0.0102188,0.000945893
0.0102424,0.000950258
0.010266,0.000954643
0.0102897,0.000959049
0.0103134,0.000963474
0.0103372,0.00096792
0.010361,0.000972386
0.0103849,0.000976873
0.0104089,0.000981381
0.0104329,0.00098591
0.0104569,0.000990459
0.010481,0.000995029
0.0105052,0.000999621
0.0105294,0.00100423
0.0105537,0.00100887
0.010578,0.00101352
0.0106024,0.0010182
0.0106269,0.0010229
0.0106514,0.00102762
0.0106759,0.00103236
0.0107005,0.00103712
0.0107252,0.00104191
0.0107499,0.00104672
0.0107747,0.00105155
0.0107996,0.0010564
0.0108245,0.00106127
0.0108494,0.00106617
0.0108744,0.00107109
0.0108995,0.00107603
0.0109247,0.001081
0.0109498,0.00108598
0.0109751,0.001091
0.0110004,0.00109603
0.0110258,0.00110109
0.0110512,0.00110617
0.0110767,0.00111127
0.0111022,0.0011164
0.0111278,0.00112155
0.0111535,0.00112673
0.0111792,0.00113192
0.0112049,0.00113715
0.0112308,0.00114239
0.0112567,0.00114767
0.0112826,0.00115296
0.0113086,0.00115828
0.0113347,0.00116362
0.0113609,0.00116899
0.0113871,0.00117439
0.0114133,0.00117981
0.0114396,0.00118525
0.011466,0.00119072
0.0114924,0.00119621
0.0115189,0.00120173
0.0115455,0.00120728
0.0115721,0.00121285
0.0115988,0.00121844
0.0116255,0.00122406
0.0116523,0.00122971
0.0116792,0.00123539
0.0117061,0.00124109
0.0117331,0.00124681
0.0117602,0.00125256
0.0117873,0.00125834
0.0118145,0.00126415
0.0118417,0.00126998
0.011869,0.00127584
0.0118964,0.00128173
0.0119238,0.00128764
0.0119513,0.00129358
0.0119789,0.00129955
0.0120065,0.00130555
0.0120342,0.00131157
0.0120619,0.00131762
0.0120897,0.0013237
0.0121176,0.00132981
0.0121455,0.00133594
0.0121735,0.00134211
0.0122016,0.0013483
0.0122297,0.00135452
0.0122579,0.00136077
0.0122862,0.00136704
0.0123145,0.00137335
0.0123429,0.00137969
0.0123714,0.00138605
0.0123999,0.00139245
0.0124285,0.00139887
0.0124572,0.00140532
0.0124859,0.00141181
0.0125147,0.00141832
0.0125435,0.00142487
0.0125724,0.00143144
0.0126014,0.00143804
0.0126305,0.00144468
0.0126596,0.00145134
0.0126888,0.00145804
0.0127181,0.00146476
0.0127474,0.00147152
0.0127768,0.00147831
0.0128062,0.00148513
0.0128358,0.00149198
0.0128654,0.00149886
0.012895,0.00150578
0.0129248,0.00151272
0.0129546,0.0015197
0.0129844,0.00152671
0.0130144,0.00153376
0.0130444,0.00154083
0.0130744,0.00154794
0.0131046,0.00155508
0.0131348,0.00156225
0.0131651,0.00156946
0.0131954,0.0015767
0.0132259,0.00158398
0.0132564,0.00159128
0.0132869,0.00159862
0.0133176,0.001606
0.0133483,0.00161341
0.0133791,0.00162085
0.0134099,0.00162832
0.0134408,0.00163584
0.0134718,0.00164338
0.0135029,0.00165096
0.013534,0.00165858
0.0135652,0.00166623
0.0135965,0.00167392
0.0136278,0.00168164
0.0136593,0.00168939
0.0136908,0.00169719
0.0137223,0.00170502
0.013754,0.00171288
0.0137857,0.00172078
0.0138175,0.00172872
0.0138493,0.00173669
0.0138812,0.0017447
0.0139133,0.00175275
0.0139453,0.00176084
0.0139775,0.00176896
0.0140097,0.00177712
0.014042,0.00178532
0.0140744,0.00179355
0.0141068,0.00180182
0.0141394,0.00181013
0.014172,0.00181848
0.0142046,0.00182687
0.0142374,0.0018353
0.0142702,0.00184376
0.0143031,0.00185227
0.0143361,0.00186081
0.0143692,0.00186939
0.0144023,0.00187802
0.0144355,0.00188668
0.0144688,0.00189538
0.0145021,0.00190412
0.0145356,0.0019129
0.0145691,0.00192173
0.0146027,0.00193059
0.0146364,0.00193949
0.0146701,0.00194844
0.0147039,0.00195743
0.0147378,0.00196645
0.0147718,0.00197552
0.0148059,0.00198464
0.01484,0.00199379
0.0148742,0.00200298
0.0149085,0.00201222
0.0149429,0.0020215
0.0149774,0.00203083
0.0150119,0.00204019
0.0150465,0.0020496
0.0150812,0.00205905
0.015116,0.00206855
0.0151508,0.00207809
0.0151858,0.00208767
0.0152208,0.0020973
0.0152559,0.00210698
0.015291,0.00211669
0.0153263,0.00212645
0.0153616,0.00213626
0.015397,0.00214611
0.0154325,0.00215601
0.0154681,0.00216595
0.0155038,0.00217594
0.0155395,0.00218598
0.0155754,0.00219606
0.0156113,0.00220618
0.0156473,0.00221636
0.0156834,0.00222658
0.0157195,0.00223685
0.0157558,0.00224716
0.0157921,0.00225753
0.0158285,0.00226794
0.015865,0.00227839
0.0159016,0.0022889
0.0159382,0.00229946
0.015975,0.00231006
0.0160118,0.00232071
0.0160487,0.00233141
0.0160857,0.00234216
0.0161228,0.00235297
0.01616,0.00236382
0.0161973,0.00237472
0.0162346,0.00238567
0.0162721,0.00239667
0.0163096,0.00240772
0.0163472,0.00241882
0.0163849,0.00242997
0.0164226,0.00244118
0.0164605,0.00245243
0.0164985,0.00246374
0.0165365,0.0024751
0.0165746,0.00248652
0.0166128,0.00249798
0.0166512,0.0025095
0.0166895,0.00252107
0.016728,0.00253269
0.0167666,0.00254437
0.0168053,0.0025561
0.016844,0.00256789
0.0168828,0.00257973
0.0169218,0.00259162
0.0169608,0.00260357
0.0169999,0.00261558
0.0170391,0.00262764
0.0170784,0.00263975
0.0171178,0.00265192
0.0171572,0.00266415
0.0171968,0.00267643
0.0172364,0.00268877
0.0172762,0.00270117
0.017316,0.00271362
0.0173559,0.00272613
0.0173959,0.0027387
0.0174361,0.00275133
0.0174763,0.00276401
0.0175166,0.00277676
0.0175569,0.00278956
0.0175974,0.00280242
0.017638,0.00281534
0.0176787,0.00282832
0.0177194,0.00284136
0.0177603,0.00285445
0.0178012,0.00286761
0.0178423,0.00288083
0.0178834,0.00289411
0.0179247,0.00290746
0.017966,0.00292086
0.0180074,0.00293432
0.0180489,0.00294785
0.0180905,0.00296144
0.0181322,0.00297509
0.0181741,0.00298881
0.018216,0.00300258
0.018258,0.00301643
0.0183001,0.00303033
0.0183423,0.0030443
0.0183845,0.00305833
0.0184269,0.00307243
0.0184694,0.00308659
0.018512,0.00310082
0.0185547,0.00311511
0.0185975,0.00312947
0.0186404,0.0031439
0.0186833,0.00315839
0.0187264,0.00317295
0.0187696,0.00318757
0.0188129,0.00320227
0.0188562,0.00321703
0.0188997,0.00323185
0.0189433,0.00324675
0.018987,0.00326172
0.0190307,0.00327675
0.0190746,0.00329185
0.0191186,0.00330702
0.0191627,0.00332227
0.0192069,0.00333758
0.0192512,0.00335296
0.0192955,0.00336842
0.01934,0.00338394
0.0193846,0.00339954
0.0194293,0.0034152
0.0194741,0.00343094
0.019519,0.00344676
0.019564,0.00346264
0.0196091,0.0034786
0.0196544,0.00349463
0.0196997,0.00351074
0.0197451,0.00352692
0.0197906,0.00354317
0.0198362,0.0035595
0.019882,0.0035759
0.0199278,0.00359238
0.0199738,0.00360894
0.0200198,0.00362557
0.020066,0.00364228
0.0201123,0.00365906
0.0201586,0.00367592
0.0202051,0.00369286
0.0202517,0.00370988
0.0202984,0.00372697
0.0203452,0.00374415
0.0203921,0.0037614
0.0204391,0.00377873
0.0204862,0.00379615
0.0205335,0.00381364
0.0205808,0.00383121
0.0206283,0.00384886
0.0206758,0.0038666
0.0207235,0.00388442
0.0207713,0.00390231
0.0208192,0.00392029
0.0208672,0.00393836
0.0209153,0.0039565
0.0209635,0.00397473
0.0210119,0.00399305
0.0210603,0.00401144
0.0211089,0.00402993
0.0211575,0.00404849
0.0212063,0.00406715
0.0212552,0.00408589
0.0213042,0.00410471
0.0213533,0.00412362
0.0214026,0.00414262
0.0214519,0.0041617
0.0215014,0.00418088
0.021551,0.00420014
0.0216007,0.00421949
0.0216505,0.00423893
0.0217004,0.00425846
0.0217504,0.00427807
0.0218006,0.00429778
0.0218508,0.00431758
0.0219012,0.00433747
0.0219517,0.00435745
0.0220023,0.00437752
0.0220531,0.00439769
0.0221039,0.00441795
0.0221549,0.0044383
0.0222059,0.00445874
0.0222571,0.00447928
0.0223085,0.00449992
0.0223599,0.00452064
0.0224115,0.00454147
0.0224631,0.00456238
0.0225149,0.0045834
0.0225668,0.00460451
0.0226189,0.00462572
0.022671,0.00464703
0.0227233,0.00466843
0.0227757,0.00468993
0.0228282,0.00471153
0.0228808,0.00473323
0.0229336,0.00475503
0.0229865,0.00477693
0.0230395,0.00479893
0.0230926,0.00482104
0.0231458,0.00484324
0.0231992,0.00486554
0.0232527,0.00488795
0.0233063,0.00491046
0.02336,0.00493308
0.0234139,0.00495579
0.0234679,0.00497862
0.023522,0.00500154
0.0235762,0.00502458
0.0236306,0.00504772
0.0236851,0.00507096
0.0237397,0.00509431
0.0237944,0.00511777
0.0238493,0.00514134
0.0239043,0.00516501
0.0239594,0.0051888
0.0240146,0.00521269
0.02407,0.00523669
0.0241255,0.0052608
0.0241811,0.00528503
0.0242369,0.00530936
0.0242928,0.00533381
0.0243488,0.00535837
0.0244049,0.00538304
0.0244612,0.00540782
0.0245176,0.00543272
0.0245741,0.00545773
0.0246308,0.00548286
0.0246876,0.0055081
0.0247445,0.00553346
0.0248016,0.00555894
0.0248587,0.00558453
0.0249161,0.00561024
0.0249735,0.00563607
0.0250311,0.00566201
0.0250888,0.00568808
0.0251466,0.00571426
0.0252046,0.00574057
0.0252627,0.005767
0.025321,0.00579354
0.0253794,0.00582021
0.0254379,0.005847
0.0254965,0.00587392
0.0255553,0.00590096
0.0256143,0.00592812
0.0256733,0.0059554
0.0257325,0.00598282
0.0257918,0.00601035
0.0258513,0.00603802
0.0259109,0.00606581
0.0259707,0.00609373
0.0260305,0.00612177
0.0260906,0.00614995
0.0261507,0.00617825
0.026211,0.00620669
0.0262714,0.00623525
0.026332,0.00626395
0.0263927,0.00629278
0.0264536,0.00632174
0.0265146,0.00635083
0.0265757,0.00638006
0.026637,0.00640942
0.0266984,0.00643891
0.02676,0.00646854
0.0268217,0.00649831
0.0268835,0.00652821
0.0269455,0.00655825
0.0270076,0.00658843
0.0270699,0.00661875
0.0271323,0.0066492
0.0271949,0.00667979
0.0272576,0.00671053
0.0273204,0.00674141
0.0273834,0.00677242
0.0274465,0.00680358
0.0275098,0.00683489
0.0275733,0.00686633
0.0276368,0.00689792
0.0277006,0.00692966
0.0277644,0.00696154
0.0278284,0.00699356
0.0278926,0.00702574
0.0279569,0.00705806
0.0280214,0.00709053
0.028086,0.00712315
0.0281507,0.00715591
0.0282157,0.00718883
0.0282807,0.0072219
0.0283459,0.00725512
0.0284113,0.00728849
0.0284768,0.00732202
0.0285424,0.0073557
0.0286083,0.00738953
0.0286742,0.00742352
0.0287403,0.00745766
0.0288066,0.00749196
0.028873,0.00752642
0.0289396,0.00756104
0.0290063,0.00759581
0.0290732,0.00763075
0.0291402,0.00766584
0.0292074,0.00770109
0.0292748,0.00773651
0.0293423,0.00777209
0.0294099,0.00780783
0.0294777,0.00784373
0.0295457,0.0078798
0.0296138,0.00791604
0.0296821,0.00795244
0.0297505,0.007989
0.0298191,0.00802574
0.0298879,0.00806264
0.0299568,0.00809971
0.0300259,0.00813696
0.0300951,0.00817437
0.0301645,0.00821195
0.030234,0.00824971
0.0303037,0.00828763
0.0303736,0.00832574
0.0304436,0.00836401
0.0305138,0.00840246
0.0305842,0.00844109
0.0306547,0.0084799
0.0307254,0.00851888
0.0307962,0.00855804
0.0308672,0.00859738
0.0309384,0.0086369
0.0310098,0.0086766
0.0310813,0.00871648
0.0311529,0.00875655
0.0312247,0.00879679
0.0312967,0.00883723
0.0313689,0.00887784
0.0314412,0.00891865
0.0315137,0.00895964
0.0315864,0.00900081
0.0316592,0.00904218
0.0317322,0.00908373
0.0318054,0.00912548
0.0318787,0.00916742
0.0319522,0.00920954
0.0320259,0.00925186
0.0320997,0.00929438
0.0321737,0.00933709
0.0322479,0.00937999
0.0323223,0.00942309
0.0323968,0.00946639
0.0324715,0.00950988
0.0325464,0.00955358
0.0326214,0.00959747
0.0326966,0.00964157
0.032772,0.00968586
0.0328476,0.00973036
0.0329233,0.00977506
0.0329992,0.00981997
0.0330753,0.00986508
0.0331516,0.0099104
0.033228,0.00995592
0.0333046,0.0100017
0.0333814,0.0100476
0.0334584,0.0100937
0.0335355,0.0101401
0.0336128,0.0101867
0.0336903,0.0102335
0.033768,0.0102805
0.0338459,0.0103277
0.0339239,0.0103751
0.0340021,0.0104228
0.0340805,0.0104706
0.0341591,0.0105187
0.0342379,0.010567
0.0343168,0.0106156
0.0343959,0.0106643
0.0344753,0.0107133
0.0345547,0.0107625
0.0346344,0.0108119
0.0347143,0.0108615
0.0347943,0.0109114
0.0348745,0.0109615
0.034955,0.0110118
0.0350355,0.0110624
0.0351163,0.0111132
0.0351973,0.0111642
0.0352785,0.0112154
0.0353598,0.0112669
0.0354413,0.0113186
0.035523,0.0113706
0.0356049,0.0114228
0.035687,0.0114752
0.0357693,0.0115279
0.0358518,0.0115808
0.0359345,0.011634
0.0360173,0.0116874
0.0361004,0.011741
0.0361836,0.0117949
0.036267,0.011849
0.0363506,0.0119034
0.0364345,0.011958
0.0365185,0.0120129
0.0366027,0.012068
0.0366871,0.0121234
0.0367716,0.012179
0.0368564,0.0122349
0.0369414,0.012291
0.0370266,0.0123474
0.037112,0.0124041
0.0371975,0.012461
0.0372833,0.0125181
0.0373693,0.0125756
0.0374554,0.0126333
0.0375418,0.0126912
0.0376283,0.0127494
0.0377151,0.0128079
0.0378021,0.0128667
0.0378892,0.0129257
0.0379766,0.012985
0.0380641,0.0130445
0.0381519,0.0131043
0.0382399,0.0131644
0.038328,0.0132248
0.0384164,0.0132855
0.038505,0.0133464
0.0385938,0.0134076
0.0386828,0.0134691
0.038772,0.0135308
0.0388614,0.0135929
0.038951,0.0136552
0.0390408,0.0137178
0.0391308,0.0137807
0.039221,0.0138439
0.0393114,0.0139073
0.0394021,0.0139711
0.0394929,0.0140351
0.039584,0.0140995
0.0396753,0.0141641
0.0397667,0.014229
0.0398584,0.0142943
0.0399503,0.0143598
0.0400424,0.0144256
0.0401348,0.0144917
0.0402273,0.0145581
0.0403201,0.0146248
0.040413,0.0146918
0.0405062,0.0147592
0.0405996,0.0148268
0.0406932,0.0148947
0.040787,0.014963
0.0408811,0.0150315
0.0409753,0.0151004
0.0410698,0.0151696
0.0411645,0.0152391
0.0412594,0.0153089
0.0413546,0.015379
0.0414499,0.0154495
0.0415455,0.0155203
0.0416413,0.0155914
0.0417373,0.0156628
0.0418335,0.0157345
0.04193,0.0158066
0.0420266,0.015879
0.0421235,0.0159517
0.0422207,0.0160247
0.042318,0.0160981
0.0424156,0.0161718
0.0425134,0.0162459
0.0426114,0.0163203
0.0427097,0.016395
0.0428081,0.0164701
0.0429068,0.0165455
0.0430058,0.0166212
0.0431049,0.0166973
0.0432043,0.0167737
0.0433039,0.0168505
0.0434038,0.0169277
0.0435039,0.0170051
0.0436042,0.017083
0.0437047,0.0171612
0.0438055,0.0172397
0.0439065,0.0173186
0.0440077,0.0173979
0.0441092,0.0174775
0.0442109,0.0175574
0.0443128,0.0176378
0.044415,0.0177185
0.0445174,0.0177996
0.04462,0.017881
0.0447229,0.0179628
0.044826,0.018045
0.0449294,0.0181275
0.045033,0.0182104
0.0451368,0.0182937
0.0452409,0.0183774
0.0453452,0.0184615
0.0454498,0.0185459
0.0455545,0.0186307
0.0456596,0.0187159
0.0457649,0.0188015
0.0458704,0.0188875
0.0459761,0.0189739
0.0460821,0.0190606
0.0461884,0.0191478
0.0462949,0.0192353
0.0464016,0.0193233
0.0465086,0.0194116
0.0466159,0.0195003
0.0467233,0.0195895
0.0468311,0.019679
0.0469391,0.019769
0.0470473,0.0198593
0.0471558,0.0199501
0.0472645,0.0200413
0.0473735,0.0201328
0.0474827,0.0202248
0.0475922,0.0203173
0.0477019,0.0204101
0.0478119,0.0205033
0.0479221,0.020597
0.0480326,0.0206911
0.0481434,0.0207856
0.0482544,0.0208806
0.0483656,0.020976
0.0484772,0.0210718
0.0485889,0.021168
0.048701,0.0212647
0.0488132,0.0213618
0.0489258,0.0214594
0.0490386,0.0215574
0.0491517,0.0216558
0.049265,0.0217547
0.0493786,0.021854
0.0494924,0.0219538
0.0496066,0.022054
0.0497209,0.0221547
0.0498356,0.0222559
0.0499505,0.0223575
0.0500657,0.0224595
0.0501811,0.022562
0.0502968,0.022665
0.0504128,0.0227684
0.050529,0.0228723
0.0506455,0.0229767
0.0507623,0.0230815
0.0508793,0.0231869
0.0509966,0.0232927
0.0511142,0.0233989
0.0512321,0.0235057
0.0513502,0.0236129
0.0514686,0.0237206
0.0515873,0.0238288
0.0517062,0.0239375
0.0518254,0.0240467
0.0519449,0.0241563
0.0520647,0.0242665
0.0521847,0.0243771
0.0523051,0.0244883
0.0524257,0.0245999
0.0525465,0.0247121
0.0526677,0.0248248
0.0527891,0.0249379
0.0529108,0.0250516
0.0530328,0.0251658
0.0531551,0.0252805
0.0532777,0.0253957
0.0534005,0.0255114
0.0535236,0.0256277
0.0536471,0.0257445
0.0537708,0.0258618
0.0538947,0.0259796
0.054019,0.026098
0.0541435,0.0262169
0.0542684,0.0263363
0.0543935,0.0264563
0.0545189,0.0265768
0.0546446,0.0266978
0.0547706,0.0268194
0.0548969,0.0269415
0.0550235,0.0270642
0.0551504,0.0271875
0.0552775,0.0273112
0.055405,0.0274356
0.0555327,0.0275605
0.0556608,0.0276859
0.0557891,0.027812
0.0559177,0.0279386
0.0560467,0.0280657
0.0561759,0.0281934
0.0563054,0.0283217
0.0564352,0.0284506
0.0565654,0.0285801
0.0566958,0.0287101
0.0568265,0.0288407
0.0569575,0.0289719
0.0570889,0.0291037
0.0572205,0.0292361
0.0573524,0.0293691
0.0574847,0.0295026
0.0576172,0.0296368
0.05775,0.0297716
0.0578832,0.0299069
0.0580167,0.0300429
0.0581504,0.0301795
0.0582845,0.0303167
0.0584189,0.0304545
0.0585536,0.0305929
0.0586886,0.030732
0.0588239,0.0308717
0.0589595,0.0310119
0.0590955,0.0311529
0.0592317,0.0312944
0.0593683,0.0314366
0.0595052,0.0315794
0.0596424,0.0317229
0.0597799,0.031867
0.0599178,0.0320117
0.0600559,0.0321571
0.0601944,0.0323031
0.0603332,0.0324498
0.0604723,0.0325972
0.0606117,0.0327452
0.0607515,0.0328938
0.0608915,0.0330431
0.0610319,0.0331931
0.0611727,0.0333438
0.0613137,0.0334951
0.0614551,0.0336471
0.0615968,0.0337998
0.0617388,0.0339532
0.0618811,0.0341072
0.0620238,0.034262
0.0621668,0.0344174
0.0623102,0.0345735
0.0624538,0.0347303
0.0625978,0.0348878
0.0627422,0.035046
0.0628868,0.035205
0.0630318,0.0353646
0.0631772,0.0355249
0.0633228,0.035686
0.0634688,0.0358477
0.0636152,0.0360102
0.0637619,0.0361734
0.0639089,0.0363373
0.0640562,0.036502
0.0642039,0.0366674
0.064352,0.0368335
0.0645003,0.0370004
0.064649,0.037168
0.0647981,0.0373363
0.0649475,0.0375054
0.0650973,0.0376753
0.0652474,0.0378459
0.0653978,0.0380172
0.0655486,0.0381894
0.0656997,0.0383622
0.0658512,0.0385359
0.066003,0.0387103
0.0661552,0.0388855
0.0663078,0.0390615
0.0664606,0.0392382
0.0666139,0.0394158
0.0667675,0.0395941
0.0669214,0.0397732
0.0670757,0.0399531
0.0672304,0.0401338
0.0673854,0.0403153
0.0675408,0.0404976
0.0676965,0.0406807
0.0678526,0.0408646
0.068009,0.0410494
0.0681658,0.0412349
0.068323,0.0414213
0.0684805,0.0416085
0.0686384,0.0417965
0.0687967,0.0419854
0.0689553,0.042175
0.0691143,0.0423656
0.0692737,0.0425569
0.0694334,0.0427492
0.0695935,0.0429422
0.0697539,0.0431361
0.0699148,0.0433309
0.070076,0.0435265
0.0702375,0.043723
0.0703995,0.0439204
0.0705618,0.0441186
0.0707245,0.0443177
0.0708876,0.0445177
0.071051,0.0447185
0.0712148,0.0449203
0.071379,0.0451229
0.0715436,0.0453264
0.0717086,0.0455309
0.0718739,0.0457362
0.0720396,0.0459424
0.0722057,0.0461495
0.0723722,0.0463576
0.0725391,0.0465665
0.0727063,0.0467764
0.072874,0.0469872
0.073042,0.0471989
0.0732104,0.0474116
0.0733792,0.0476252
0.0735484,0.0478397
0.073718,0.0480552
0.073888,0.0482716
0.0740583,0.048489
0.0742291,0.0487073
0.0744002,0.0489265
0.0745718,0.0491468
0.0747437,0.049368
0.0749161,0.0495902
0.0750888,0.0498133
0.0752619,0.0500374
0.0754355,0.0502625
0.0756094,0.0504886
0.0757837,0.0507157
0.0759585,0.0509438
0.0761336,0.0511728
0.0763091,0.0514029
0.0764851,0.051634
0.0766614,0.0518661
0.0768382,0.0520992
0.0770154,0.0523333
0.0771929,0.0525684
0.0773709,0.0528046
0.0775493,0.0530418
0.0777281,0.05328
0.0779073,0.0535193
0.078087,0.0537596
0.078267,0.054001
0.0784475,0.0542434
0.0786283,0.0544869
0.0788096,0.0547314
0.0789913,0.054977
0.0791735,0.0552237
0.079356,0.0554715
0.079539,0.0557203
0.0797224,0.0559702
0.0799062,0.0562212
0.0800904,0.0564733
0.0802751,0.0567265
0.0804602,0.0569807
0.0806457,0.0572361
0.0808317,0.0574926
0.081018,0.0577502
0.0812048,0.058009
0.0813921,0.0582688
0.0815797,0.0585298
0.0817678,0.0587919
0.0819564,0.0590552
0.0821453,0.0593195
0.0823347,0.0595851
0.0825246,0.0598518
0.0827149,0.0601196
0.0829056,0.0603886
0.0830967,0.0606588
0.0832883,0.0609301
0.0834804,0.0612026
0.0836728,0.0614763
0.0838658,0.0617512
0.0840591,0.0620272
0.084253,0.0623045
0.0844472,0.0625829
0.0846419,0.0628626
0.0848371,0.0631434
0.0850327,0.0634255
0.0852287,0.0637088
0.0854253,0.0639933
0.0856222,0.064279
0.0858196,0.064566
0.0860175,0.0648542
0.0862159,0.0651436
0.0864146,0.0654343
0.0866139,0.0657263
0.0868136,0.0660195
0.0870138,0.0663139
0.0872144,0.0666096
0.0874155,0.0669066
0.087617,0.0672049
0.087819,0.0675044
0.0880215,0.0678053
0.0882245,0.0681074
0.0884279,0.0684108
0.0886318,0.0687156
0.0888361,0.0690216
0.089041,0.0693289
0.0892463,0.0696376
0.0894521,0.0699476
0.0896583,0.0702589
0.089865,0.0705715
0.0900722,0.0708855
0.0902799,0.0712008
0.0904881,0.0715175
0.0906967,0.0718355
0.0909058,0.0721549
0.0911154,0.0724756
0.0913255,0.0727977
0.0915361,0.0731212
0.0917471,0.0734461
0.0919587,0.0737724
0.0921707,0.0741
0.0923832,0.074429
0.0925962,0.0747595
0.0928097,0.0750913
0.0930237,0.0754246
0.0932382,0.0757593
0.0934532,0.0760954
0.0936687,0.0764329
0.0938846,0.0767719
0.0941011,0.0771123
0.0943181,0.0774541
0.0945355,0.0777974
0.0947535,0.0781422
0.094972,0.0784884
0.095191,0.0788361
0.0954104,0.0791852
0.0956304,0.0795359
0.0958509,0.079888
0.0960719,0.0802416
0.0962934,0.0805967
0.0965155,0.0809533
0.096738,0.0813114
0.0969611,0.081671
0.0971846,0.0820322
0.0974087,0.0823949
0.0976333,0.0827591
0.0978584,0.0831248
0.098084,0.0834921
0.0983102,0.0838609
0.0985369,0.0842313
0.0987641,0.0846032
0.0989918,0.0849767
0.09922,0.0853518
0.0994488,0.0857284
0.0996781,0.0861067
0.0999079,0.0864865
0.100138,0.0868679
0.100369,0.0872509
0.100601,0.0876355
0.100833,0.0880218
0.101065,0.0884096
0.101298,0.0887991
0.101532,0.0891902
0.101766,0.089583
0.102,0.0899774
0.102236,0.0903734
0.102471,0.0907711
0.102708,0.0911704
0.102944,0.0915715
0.103182,0.0919742
0.10342,0.0923785
0.103658,0.0927846
0.103897,0.0931923
0.104137,0.0936018
0.104377,0.0940129
0.104617,0.0944258
0.104859,0.0948404
0.1051,0.0952567
0.105343,0.0956747
0.105586,0.0960945
0.105829,0.096516
0.106073,0.0969392
0.106318,0.0973642
0.106563,0.097791
0.106808,0.0982196
0.107055,0.0986499
0.107302,0.099082
0.107549,0.0995158
0.107797,0.0999515
0.108046,0.100389
0.108295,0.100828
0.108544,0.101269
0.108795,0.101712
0.109045,0.102157
0.109297,0.102604
0.109549,0.103052
0.109801,0.103502
0.110055,0.103954
0.110308,0.104408
0.110563,0.104864
0.110818,0.105322
0.111073,0.105781
0.111329,0.106243
0.111586,0.106706
0.111843,0.107171
0.112101,0.107638
0.11236,0.108108
0.112619,0.108578
0.112878,0.109051
0.113139,0.109526
0.113399,0.110003
0.113661,0.110482
0.113923,0.110962
0.114186,0.111445
0.114449,0.11193
0.114713,0.112416
0.114977,0.112905
0.115242,0.113395
0.115508,0.113888
0.115774,0.114382
0.116041,0.114879
0.116309,0.115377
0.116577,0.115878
0.116846,0.11638
0.117115,0.116885
0.117385,0.117391
0.117656,0.1179
0.117927,0.118411
0.118199,0.118924
0.118472,0.119439
0.118745,0.119955
0.119019,0.120474
0.119293,0.120996
0.119568,0.121519
0.119844,0.122044
0.12012,0.122571
0.120397,0.123101
0.120675,0.123633
0.120953,0.124166
0.121232,0.124702
0.121511,0.12524
0.121792,0.125781
0.122072,0.126323
0.122354,0.126868
0.122636,0.127414
0.122919,0.127963
0.123202,0.128514
0.123486,0.129067
0.123771,0.129623
0.124056,0.130181
0.124342,0.13074
0.124629,0.131303
0.124916,0.131867
0.125204,0.132433
0.125493,0.133002
0.125782,0.133573
0.126072,0.134147
0.126363,0.134722
0.126654,0.1353
0.126946,0.13588
0.127239,0.136463
0.127533,0.137047
0.127827,0.137634
0.128121,0.138224
0.128417,0.138815
0.128713,0.139409
0.12901,0.140006
0.129307,0.140604
0.129605,0.141205
0.129904,0.141809
0.130204,0.142414
0.130504,0.143022
0.130805,0.143633
0.131106,0.144246
0.131409,0.144861
0.131712,0.145478
0.132015,0.146098
0.13232,0.146721
0.132625,0.147346
0.132931,0.147973
0.133237,0.148603
0.133544,0.149235
0.133852,0.149869
0.134161,0.150506
0.13447,0.151146
0.13478,0.151788
0.135091,0.152432
0.135402,0.153079
0.135715,0.153728
0.136028,0.15438
0.136341,0.155035
0.136656,0.155692
0.136971,0.156351
0.137286,0.157013
0.137603,0.157677
0.13792,0.158344
0.138238,0.159014
0.138557,0.159686
0.138876,0.160361
0.139197,0.161038
0.139518,0.161718
0.139839,0.1624
0.140162,0.163085
0.140485,0.163773
0.140809,0.164463
0.141133,0.165156
0.141459,0.165851
0.141785,0.166549
0.142112,0.16725
0.14244,0.167953
0.142768,0.168659
0.143097,0.169368
0.143427,0.170079
0.143758,0.170793
0.144089,0.17151
0.144422,0.172229
0.144755,0.172951
0.145088,0.173676
0.145423,0.174403
0.145758,0.175134
0.146094,0.175866
0.146431,0.176602
0.146769,0.17734
0.147107,0.178081
0.147446,0.178825
0.147786,0.179572
0.148127,0.180321
0.148469,0.181073
0.148811,0.181828
0.149154,0.182586
0.149498,0.183346
0.149843,0.18411
0.150188,0.184876
0.150534,0.185645
0.150881,0.186416
0.151229,0.187191
0.151578,0.187968
0.151927,0.188748
0.152278,0.189531
0.152629,0.190317
0.152981,0.191106
0.153334,0.191898
0.153687,0.192692
0.154041,0.19349
0.154397,0.19429
0.154753,0.195093
0.155109,0.195899
0.155467,0.196708
0.155825,0.19752
0.156185,0.198335
0.156545,0.199153
0.156906,0.199973
0.157268,0.200797
0.15763,0.201624
0.157994,0.202453
0.158358,0.203286
0.158723,0.204121
0.159089,0.204959
0.159456,0.205801
0.159824,0.206645
0.160192,0.207493
0.160561,0.208343
0.160932,0.209196
0.161303,0.210053
0.161675,0.210912
0.162047,0.211775
0.162421,0.21264
0.162795,0.213509
0.163171,0.21438
0.163547,0.215255
0.163924,0.216133
0.164302,0.217014
0.164681,0.217897
0.165061,0.218784
0.165441,0.219674
0.165823,0.220567
0.166205,0.221463
0.166588,0.222363
0.166972,0.223265
0.167357,0.224171
0.167743,0.225079
0.16813,0.225991
0.168518,0.226906
0.168906,0.227824
0.169296,0.228745
0.169686,0.229669
0.170077,0.230597
0.170469,0.231527
0.170862,0.232461
0.171256,0.233398
0.171651,0.234338
0.172047,0.235281
0.172444,0.236228
0.172841,0.237177
0.17324,0.23813
0.173639,0.239086
0.17404,0.240045
0.174441,0.241008
0.174843,0.241973
0.175246,0.242942
0.17565,0.243914
0.176055,0.24489
0.176461,0.245868
0.176868,0.24685
0.177276,0.247835
0.177685,0.248824
0.178094,0.249815
0.178505,0.25081
0.178917,0.251808
0.179329,0.252809
0.179743,0.253814
0.180157,0.254822
0.180572,0.255833
0.180989,0.256848
0.181406,0.257865
0.181824,0.258887
0.182244,0.259911
0.182664,0.260939
0.183085,0.26197
0.183507,0.263004
0.18393,0.264041
0.184354,0.265082
0.184779,0.266127
0.185205,0.267174
0.185632,0.268225
0.18606,0.269279
0.186489,0.270337
0.186919,0.271398
0.18735,0.272462
0.187782,0.27353
0.188215,0.274601
0.188649,0.275675
0.189084,0.276753
0.18952,0.277834
0.189957,0.278918
0.190395,0.280006
0.190834,0.281097
0.191274,0.282192
0.191715,0.283289
0.192157,0.284391
0.1926,0.285495
0.193044,0.286603
0.193489,0.287715
0.193936,0.28883
0.194383,0.289948
0.194831,0.291069
0.19528,0.292194
0.19573,0.293323
0.196182,0.294454
0.196634,0.29559
0.197087,0.296728
0.197542,0.29787
0.197997,0.299016
0.198454,0.300164
0.198911,0.301317
0.19937,0.302472
0.19983,0.303631
0.20029,0.304794
0.200752,0.305959
0.201215,0.307129
0.201679,0.308301
0.202144,0.309477
0.20261,0.310657
0.203077,0.31184
0.203546,0.313026
0.204015,0.314216
0.204485,0.315409
0.204957,0.316606
0.205429,0.317806
0.205903,0.319009
0.206378,0.320216
0.206854,0.321426
0.207331,0.32264
0.207809,0.323857
0.208288,0.325077
0.208768,0.326301
0.209249,0.327529
0.209732,0.328759
0.210215,0.329994
0.2107,0.331231
0.211186,0.332472
0.211673,0.333717
0.212161,0.334964
0.21265,0.336216
0.21314,0.33747
0.213632,0.338728
0.214124,0.33999
0.214618,0.341254
0.215113,0.342523
0.215609,0.343794
0.216106,0.345069
0.216604,0.346348
0.217104,0.34763
0.217604,0.348915
0.218106,0.350203
0.218609,0.351495
0.219113,0.352791
0.219618,0.354089
0.220125,0.355391
0.220632,0.356697
0.221141,0.358006
0.221651,0.359318
0.222162,0.360633
0.222674,0.361952
0.223187,0.363274
0.223702,0.3646
0.224218,0.365929
0.224735,0.367261
0.225253,0.368597
0.225772,0.369936
0.226293,0.371278
0.226815,0.372623
0.227338,0.373972
0.227862,0.375324
0.228387,0.37668
0.228914,0.378039
0.229442,0.379401
0.229971,0.380766
0.230501,0.382135
0.231032,0.383507
0.231565,0.384882
0.232099,0.38626
0.232634,0.387642
0.23317,0.389027
0.233708,0.390415
0.234247,0.391806
0.234787,0.393201
0.235328,0.394599
0.235871,0.396
0.236415,0.397404
0.23696,0.398811
0.237506,0.400222
0.238054,0.401636
0.238603,0.403053
0.239153,0.404473
0.239704,0.405896
0.240257,0.407323
0.240811,0.408752
0.241366,0.410185
0.241923,0.411621
0.242481,0.41306
0.24304,0.414502
0.2436,0.415947
0.244162,0.417395
0.244725,0.418846
0.245289,0.420301
0.245854,0.421758
0.246421,0.423219
0.24699,0.424682
0.247559,0.426148
0.24813,0.427618
0.248702,0.42909
0.249275,0.430566
0.24985,0.432044
0.250426,0.433526
0.251004,0.43501
0.251582,0.436497
0.252162,0.437987
0.252744,0.43948
0.253327,0.440976
0.253911,0.442475
0.254496,0.443977
0.255083,0.445482
0.255671,0.446989
0.256261,0.448499
0.256851,0.450013
0.257444,0.451529
0.258037,0.453047
0.258632,0.454569
0.259228,0.456093
0.259826,0.45762
0.260425,0.45915
0.261026,0.460682
0.261628,0.462217
0.262231,0.463755
0.262835,0.465296
0.263441,0.466839
0.264049,0.468385
0.264658,0.469933
0.265268,0.471484
0.26588,0.473038
0.266493,0.474594
0.267107,0.476153
0.267723,0.477714
0.26834,0.479278
0.268959,0.480844
0.269579,0.482413
0.270201,0.483984
0.270824,0.485558
0.271448,0.487134
0.272074,0.488713
0.272701,0.490293
0.27333,0.491877
0.27396,0.493463
0.274592,0.495051
0.275225,0.496641
0.27586,0.498234
0.276496,0.499828
0.277133,0.501426
0.277772,0.503025
0.278413,0.504627
0.279055,0.506231
0.279698,0.507837
0.280343,0.509445
0.280989,0.511055
0.281637,0.512667
0.282287,0.514282
0.282937,0.515899
0.28359,0.517517
0.284244,0.519138
0.284899,0.52076
0.285556,0.522385
0.286214,0.524012
0.286874,0.52564
0.287536,0.52727
0.288199,0.528903
0.288863,0.530537
0.289529,0.532173
0.290197,0.533811
0.290866,0.53545
0.291537,0.537092
0.292209,0.538735
0.292882,0.54038
0.293558,0.542026
0.294235,0.543674
0.294913,0.545324
0.295593,0.546975
0.296275,0.548628
0.296958,0.550283
0.297642,0.551939
0.298329,0.553596
0.299016,0.555255
0.299706,0.556916
0.300397,0.558578
0.30109,0.560241
0.301784,0.561906
0.30248,0.563572
0.303177,0.565239
0.303876,0.566908
0.304577,0.568578
0.305279,0.570249
0.305983,0.571921
0.306688,0.573595
0.307396,0.575269
0.308104,0.576945
0.308815,0.578622
0.309527,0.580299
0.31024,0.581978
0.310956,0.583658
0.311673,0.585339
0.312391,0.587021
0.313112,0.588703
0.313834,0.590387
0.314557,0.592071
0.315282,0.593756
0.316009,0.595442
0.316738,0.597129
0.317468,0.598816
0.3182,0.600504
0.318934,0.602193
0.319669,0.603882
0.320406,0.605572
0.321145,0.607262
0.321886,0.608953
0.322628,0.610644
0.323372,0.612336
0.324117,0.614028
0.324865,0.615721
0.325614,0.617414
0.326364,0.619107
0.327117,0.6208
0.327871,0.622494
0.328627,0.624188
0.329385,0.625882
0.330144,0.627576
0.330905,0.629271
0.331668,0.630965
0.332433,0.632659
0.3332,0.634354
0.333968,0.636048
0.334738,0.637742
0.33551,0.639437
0.336283,0.641131
0.337059,0.642824
0.337836,0.644518
0.338615,0.646211
0.339396,0.647904
0.340178,0.649597
0.340962,0.651289
0.341749,0.652981
0.342537,0.654672
0.343326,0.656363
0.344118,0.658053
0.344911,0.659743
0.345707,0.661432
0.346504,0.663121
0.347303,0.664809
0.348103,0.666496
0.348906,0.668182
0.349711,0.669868
0.350517,0.671552
0.351325,0.673236
0.352135,0.674919
0.352947,0.676601
0.353761,0.678282
0.354576,0.679962
0.355394,0.681641
0.356213,0.683319
0.357035,0.684995
0.357858,0.686671
0.358683,0.688345
0.35951,0.690017
0.360339,0.691689
0.36117,0.693359
0.362003,0.695028
0.362837,0.696695
0.363674,0.698361
0.364512,0.700025
0.365353,0.701688
0.366195,0.703349
0.36704,0.705009
0.367886,0.706667
0.368734,0.708323
0.369584,0.709977
0.370436,0.711629
0.371291,0.71328
0.372147,0.714929
0.373005,0.716576
0.373865,0.718221
0.374727,0.719863
0.375591,0.721504
0.376457,0.723143
0.377325,0.724779
0.378195,0.726414
0.379067,0.728046
0.379941,0.729675
0.380817,0.731303
0.381695,0.732928
0.382575,0.734551
0.383457,0.736171
0.384341,0.737789
0.385227,0.739404
0.386116,0.741017
0.387006,0.742627
0.387898,0.744235
0.388793,0.745839
0.389689,0.747442
0.390588,0.749041
0.391488,0.750637
0.392391,0.752231
0.393295,0.753822
0.394202,0.755409
0.395111,0.756994
0.396022,0.758576
0.396935,0.760155
0.397851,0.76173
0.398768,0.763303
0.399687,0.764872
0.400609,0.766438
0.401533,0.768001
0.402458,0.76956
0.403386,0.771116
0.404316,0.772669
0.405249,0.774218
0.406183,0.775764
0.40712,0.777306
0.408058,0.778845
0.408999,0.78038
0.409942,0.781911
0.410887,0.783439
0.411835,0.784963
0.412784,0.786483
0.413736,0.788
0.41469,0.789512
0.415646,0.791021
0.416604,0.792526
0.417565,0.794027
0.418528,0.795523
0.419493,0.797016
0.42046,0.798505
0.42143,0.799989
0.422401,0.80147
0.423375,0.802946
0.424351,0.804418
0.42533,0.805886
0.42631,0.807349
0.427293,0.808808
0.428279,0.810263
0.429266,0.811713
0.430256,0.813158
0.431248,0.8146
0.432242,0.816036
0.433239,0.817468
0.434238,0.818896
0.435239,0.820319
0.436242,0.821737
0.437248,0.82315
0.438256,0.824559
0.439267,0.825963
0.44028,0.827362
0.441295,0.828756
0.442312,0.830145
0.443332,0.831529
0.444354,0.832909
0.445379,0.834283
0.446406,0.835652
0.447435,0.837016
0.448467,0.838375
0.449501,0.839729
0.450537,0.841078
0.451576,0.842422
0.452617,0.84376
0.453661,0.845093
0.454707,0.846421
0.455755,0.847743
0.456806,0.84906
0.457859,0.850372
0.458915,0.851678
0.459973,0.852979
0.461034,0.854274
0.462097,0.855564
0.463162,0.856848
0.46423,0.858127
0.465301,0.8594
0.466373,0.860667
0.467449,0.861929
0.468526,0.863185
0.469607,0.864436
0.47069,0.86568
0.471775,0.866919
0.472863,0.868152
0.473953,0.86938
0.475046,0.870601
0.476141,0.871816
0.477239,0.873026
0.478339,0.87423
0.479442,0.875428
0.480548,0.87662
0.481656,0.877805
0.482766,0.878985
0.483879,0.880159
0.484995,0.881327
0.486113,0.882489
0.487234,0.883644
0.488357,0.884794
0.489483,0.885937
0.490612,0.887074
0.491743,0.888205
0.492877,0.88933
0.494013,0.890449
0.495152,0.891561
0.496294,0.892668
0.497438,0.893767
0.498585,0.894861
0.499735,0.895948
0.500887,0.897029
0.502042,0.898104
0.5032,0.899173
0.50436,0.900235
0.505523,0.90129
0.506688,0.90234
0.507857,0.903382
0.509028,0.904419
0.510201,0.905449
0.511378,0.906473
0.512557,0.90749
0.513739,0.908501
0.514923,0.909505
0.51611,0.910503
0.5173,0.911494
0.518493,0.912479
0.519689,0.913457
0.520887,0.914429
0.522088,0.915394
0.523292,0.916353
0.524498,0.917306
0.525707,0.918251
0.52692,0.919191
0.528135,0.920123
0.529352,0.921049
0.530573,0.921969
0.531796,0.922882
0.533022,0.923789
0.534251,0.924689
0.535483,0.925582
0.536718,0.926469
0.537955,0.927349
0.539196,0.928223
0.540439,0.92909
0.541685,0.929951
0.542934,0.930805
0.544186,0.931653
0.54544,0.932494
0.546698,0.933328
0.547959,0.934156
0.549222,0.934977
0.550488,0.935792
0.551758,0.9366
0.55303,0.937402
0.554305,0.938197
0.555583,0.938986
0.556864,0.939768
0.558148,0.940544
0.559435,0.941314
0.560725,0.942076
0.562018,0.942833
0.563313,0.943582
0.564612,0.944326
0.565914,0.945063
0.567219,0.945793
0.568527,0.946518
0.569838,0.947235
0.571152,0.947947
0.572468,0.948652
0.573788,0.94935
0.575111,0.950042
0.576437,0.950728
0.577766,0.951408
0.579099,0.952081
0.580434,0.952748
0.581772,0.953409
0.583114,0.954063
0.584458,0.954711
0.585806,0.955353
0.587156,0.955989
0.58851,0.956618
0.589867,0.957242
0.591227,0.957859
0.59259,0.95847
0.593957,0.959075
0.595326,0.959674
0.596699,0.960267
0.598075,0.960853
0.599454,0.961434
0.600836,0.962009
0.602221,0.962578
0.60361,0.96314
0.605001,0.963697
0.606396,0.964248
0.607794,0.964793
0.609196,0.965332
0.6106,0.965866
0.612008,0.966393
0.613419,0.966915
0.614834,0.967431
0.616251,0.967941
0.617672,0.968446
0.619097,0.968945
0.620524,0.969438
0.621955,0.969926
0.623389,0.970408
0.624826,0.970884
0.626267,0.971355
0.627711,0.97182
0.629158,0.97228
0.630609,0.972735
0.632063,0.973184
0.63352,0.973627
0.634981,0.974066
0.636445,0.974499
0.637912,0.974926
0.639383,0.975349
0.640857,0.975766
0.642335,0.976178
0.643816,0.976585
0.6453,0.976986
0.646788,0.977383
0.64828,0.977774
0.649774,0.978161
0.651273,0.978542
0.652774,0.978919
0.654279,0.979291
0.655788,0.979657
0.6573,0.980019
0.658815,0.980376
0.660334,0.980728
0.661857,0.981076
0.663383,0.981418
0.664913,0.981757
0.666446,0.98209
0.667982,0.982419
0.669522,0.982743
0.671066,0.983063
0.672613,0.983378
0.674164,0.983688
0.675719,0.983995
0.677277,0.984297
0.678838,0.984594
0.680404,0.984887
0.681972,0.985176
0.683545,0.985461
0.685121,0.985741
0.6867,0.986018
0.688284,0.98629
0.689871,0.986558
0.691461,0.986822
0.693056,0.987082
0.694654,0.987338
0.696255,0.98759
0.697861,0.987838
0.69947,0.988082
0.701083,0.988323
0.702699,0.988559
0.704319,0.988792
0.705943,0.989021
0.707571,0.989247
0.709202,0.989469
0.710838,0.989687
0.712477,0.989901
0.714119,0.990113
0.715766,0.99032
0.717416,0.990524
0.71907,0.990725
0.720728,0.990922
0.72239,0.991117
0.724056,0.991307
0.725725,0.991495
0.727398,0.991679
0.729076,0.99186
0.730757,0.992038
0.732442,0.992213
0.73413,0.992384
0.735823,0.992553
0.73752,0.992719
0.73922,0.992881
0.740924,0.993041
0.742633,0.993198
0.744345,0.993352
0.746061,0.993503
0.747782,0.993651
0.749506,0.993797
0.751234,0.99394
0.752966,0.99408
0.754702,0.994217
0.756442,0.994352
0.758186,0.994485
0.759934,0.994615
0.761687,0.994742
0.763443,0.994867
0.765203,0.994989
0.766967,0.995109
0.768736,0.995227
0.770508,0.995342
0.772285,0.995455
0.774066,0.995566
0.77585,0.995674
0.777639,0.995781
0.779432,0.995885
0.781229,0.995987
0.783031,0.996086
0.784836,0.996184
0.786646,0.99628
0.788459,0.996374
0.790277,0.996465
0.7921,0.996555
0.793926,0.996643
0.795756,0.996729
0.797591,0.996813
0.79943,0.996896
0.801273,0.996976
0.803121,0.997055
0.804973,0.997132
0.806829,0.997207
0.808689,0.997281
0.810554,0.997353
0.812423,0.997423
0.814296,0.997492
0.816173,0.997559
0.818055,0.997625
0.819941,0.997689
0.821832,0.997752
0.823727,0.997813
0.825626,0.997873
0.82753,0.997931
0.829438,0.997988
0.83135,0.998043
0.833267,0.998098
0.835188,0.998151
0.837114,0.998202
0.839044,0.998253
0.840979,0.998302
0.842918,0.99835
0.844861,0.998397
0.846809,0.998442
0.848762,0.998487
0.850719,0.99853
0.85268,0.998572
0.854646,0.998614
0.856617,0.998654
0.858592,0.998693
0.860571,0.998731
0.862556,0.998768
0.864545,0.998804
0.866538,0.998839
0.868536,0.998874
0.870538,0.998907
0.872546,0.99894
0.874557,0.998971
0.876574,0.999002
0.878595,0.999032
0.880621,0.999061
0.882651,0.999089
0.884686,0.999117
0.886726,0.999144
0.888771,0.99917
0.89082,0.999195
0.892874,0.999219
0.894933,0.999243
0.896996,0.999266
0.899064,0.999289
0.901137,0.999311
0.903215,0.999332
0.905298,0.999353
0.907385,0.999373
0.909477,0.999392
0.911574,0.999411
0.913676,0.99943
0.915783,0.999447
0.917894,0.999465
0.92001,0.999481
0.922132,0.999497
0.924258,0.999513
0.926389,0.999528
0.928525,0.999543
0.930666,0.999558
0.932812,0.999571
0.934962,0.999585
0.937118,0.999598
0.939279,0.999611
0.941445,0.999623
0.943615,0.999635
0.945791,0.999646
0.947972,0.999657
0.950157,0.999668
0.952348,0.999678
0.954544,0.999688
0.956745,0.999698
0.958951,0.999707
0.961162,0.999716
0.963378,0.999725
0.965599,0.999734
0.967826,0.999742
0.970057,0.99975
0.972294,0.999757
0.974536,0.999765
0.976783,0.999772
0.979035,0.999779
0.981292,0.999785
0.983555,0.999792
0.985823,0.999798
0.988096,0.999804
0.990374,0.99981
0.992657,0.999815
0.994946,0.99982
0.99724,0.999826
0.999539,0.999831
1.00184,0.999835
1.00415,0.99984
1.00647,0.999844
1.00879,0.999849
1.01112,0.999853
1.01345,0.999857
1.01578,0.999861
1.01813,0.999864
1.02047,0.999868
1.02283,0.999871
1.02518,0.999874
1.02755,0.999878
1.02992,0.999881
1.03229,0.999883
1.03467,0.999886
1.03706,0.999889
1.03945,0.999892
1.04185,0.999894
1.04425,0.999896
1.04666,0.999899
1.04907,0.999901
1.05149,0.999903
1.05391,0.999905
1.05634,0.999907
1.05878,0.999909
1.06122,0.99991
1.06367,0.999912
1.06612,0.999914
1.06858,0.999915
1.07104,0.999917
1.07351,0.999918
1.07599,0.99992
1.07847,0.999921
1.08095,0.999922
1.08345,0.999923
1.08594,0.999925
1.08845,0.999926
1.09096,0.999927
1.09347,0.999928
1.09599,0.999929
1.09852,0.99993
1.10105,0.99993
1.10359,0.999931
1.10614,0.999932
1.10869,0.999933
1.11124,0.999934
1.11381,0.999934
1.11637,0.999935
1.11895,0.999936
1.12153,0.999936
1.12411,0.999937
1.12671,0.999937
1.1293,0.999938
1.13191,0.999938
1.13452,0.999939
1.13713,0.999939
1.13975,0.99994
1.14238,0.99994
1.14502,0.99994
1.14766,0.999941
1.1503,0.999941
1.15296,0.999942
1.15561,0.999942
1.15828,0.999942
1.16095,0.999942
1.16363,0.999943
1.16631,0.999943
1.169,0.999943
1.17169,0.999943
1.17439,0.999944
1.1771,0.999944
1.17982,0.999944
1.18254,0.999944
1.18526,0.999944
1.188,0.999945
1.19074,0.999945
1.19348,0.999945
1.19623,0.999945
1.19899,0.999945
1.20176,0.999945
1.20453,0.999945
1.2073,0.999946
1.21009,0.999946
1.21288,0.999946
1.21567,0.999946
1.21848,0.999946
1.22129,0.999946
1.2241,0.999946
1.22692,0.999946
1.22975,0.999946
1.23259,0.999946
1.23543,0.999946
1.23828,0.999946
1.24113,0.999947
1.244,0.999947
1.24686,0.999947
1.24974,0.999947
1.25262,0.999947
1.25551,0.999947
1.2584,0.999947
1.26131,0.999947
1.26421,0.999947
1.26713,0.999947
1.27005,0.999947
1.27298,0.999947
1.27591,0.999947
1.27886,0.999947
1.2818,0.999947
1.28476,0.999947
1.28772,0.999947
1.29069,0.999947
1.29367,0.999947
1.29665,0.999947
1.29964,0.999947
1.30264,0.999947
1.30564,0.999947
1.30865,0.999947
1.31167,0.999947
1.31469,0.999947
1.31772,0.999947
1.32076,0.999947
1.32381,0.999947
1.32686,0.999947
1.32992,0.999947
1.33298,0.999947
1.33606,0.999947
1.33914,0.999947
1.34223,0.999947
1.34532,0.999947
1.34842,0.999947
1.35153,0.999947
1.35465,0.999947
1.35777,0.999947
1.3609,0.999947
1.36404,0.999947
1.36718,0.999947
1.37034,0.999947
1.3735,0.999947
1.37666,0.999947
1.37984,0.999947
1.38302,0.999947
1.38621,0.999947
1.3894,0.999947
1.39261,0.999947
1.39582,0.999947
1.39904,0.999947
1.40226,0.999947
1.4055,0.999947
1.40874,0.999947
1.41198,0.999947
1.41524,0.999947
1.4185,0.999947
1.42177,0.999947
1.42505,0.999947
1.42834,0.999947
1.43163,0.999947
1.43493,0.999947
1.43824,0.999947
1.44156,0.999947
1.44488,0.999947
1.44821,0.999947
1.45155,0.999947
1.4549,0.999947
1.45825,0.999947
1.46161,0.999947
1.46498,0.999947
1.46836,0.999947
1.47175,0.999947
1.47514,0.999947
1.47854,0.999947
1.48195,0.999947
1.48537,0.999947
1.48879,0.999947
1.49223,0.999947
1.49567,0.999947
1.49912,0.999947
1.50257,0.999947
1.50604,0.999947
1.50951,0.999947
1.51299,0.999947
1.51648,0.999947
1.51997,0.999947
1.52348,0.999947
1.52699,0.999947
1.53051,0.999947
1.53404,0.999947
1.53758,0.999947
1.54112,0.999947
1.54468,0.999947
1.54824,0.999947
1.55181,0.999947
1.55539,0.999947
1.55897,0.999947
1.56257,0.999947
1.56617,0.999947
1.56978,0.999947
1.5734,0.999947
1.57703,0.999947
1.58066,0.999947
1.58431,0.999947
1.58796,0.999947
1.59162,0.999947
1.59529,0.999947
1.59897,0.999947
1.60266,0.999947
1.60635,0.999947
1.61006,0.999947
1.61377,0.999947
1.61749,0.999947
1.62122,0.999947
1.62496,0.999947
1.6287,0.999947
1.63246,0.999947
1.63622,0.999947
1.64,0.999947
1.64378,0.999947
1.64757,0.999947
1.65137,0.999947
1.65517,0.999947
1.65899,0.999947
1.66282,0.999947
1.66665,0.999947
1.67049,0.999947
1.67434,0.999947
1.6782,0.999947
1.68207,0.999947
1.68595,0.999947
1.68984,0.999947
1.69374,0.999947
1.69764,0.999947
1.70156,0.999947
1.70548,0.999947
1.70941,0.999947
1.71335,0.999947
1.7173,0.999947
1.72126,0.999947
1.72523,0.999947
1.72921,0.999947
1.7332,0.999947
1.73719,0.999947
1.7412,0.999947
1.74521,0.999947
1.74924,0.999947
1.75327,0.999947
1.75731,0.999947
1.76136,0.999947
1.76543,0.999947
1.7695,0.999947
1.77358,0.999947
1.77767,0.999947
1.78176,0.999947
1.78587,0.999947
1.78999,0.999947
1.79412,0.999947
1.79825,0.999947
1.8024,0.999947
1.80656,0.999947
1.81072,0.999947
1.8149,0.999947
1.81908,0.999947
1.82327,0.999947
1.82748,0.999947
1.83169,0.999947
1.83592,0.999947
1.84015,0.999947
1.84439,0.999947
1.84864,0.999947
1.85291,0.999947
1.85718,0.999947
1.86146,0.999947
1.86575,0.999947
1.87005,0.999947
1.87437,0.999947
1.87869,0.999947
1.88302,0.999947
1.88736,0.999947
1.89171,0.999947
1.89608,0.999947
1.90045,0.999947
1.90483,0.999947
1.90922,0.999947
1.91362,0.999947
1.91804,0.999947
1.92246,0.999947
1.92689,0.999947
1.93133,0.999947
1.93579,0.999947
1.94025,0.999947
1.94472,0.999947
1.94921,0.999947
1.9537,0.999947
1.95821,0.999947
1.96272,0.999947
1.96725,0.999947
1.97178,0.999947
1.97633,0.999947
1.98089,0.999947
1.98545,0.999947
1.99003,0.999947
1.99462,0.999947
1.99922,0.999947
2.00383,0.999947
2.00845,0.999947
2.01308,0.999947
2.01772,0.999947
2.02237,0.999947
2.02704,0.999947
2.03171,0.999947
2.03639,0.999947
2.04109,0.999947
2.0458,0.999947
2.05051,0.999947
2.05524,0.999947
2.05998,0.999947
2.06473,0.999947
2.06949,0.999947
2.07426,0.999947
2.07904,0.999947
2.08384,0.999947
2.08864,0.999947
2.09346,0.999947
2.09828,0.999947
2.10312,0.999947
2.10797,0.999947
2.11283,0.999947
2.1177,0.999947
2.12259,0.999947
2.12748,0.999947
2.13239,0.999947
2.1373,0.999947
2.14223,0.999947
2.14717,0.999947
2.15212,0.999947
2.15708,0.999947
2.16206,0.999947
2.16704,0.999947
2.17204,0.999947
2.17705,0.999947
2.18207,0.999947
2.1871,0.999947
2.19214,0.999947
2.19719,0.999947
2.20226,0.999947
2.20734,0.999947
2.21243,0.999947
2.21753,0.999947
2.22264,0.999947
2.22777,0.999947
2.2329,0.999947
2.23805,0.999947
2.24321,0.999947
2.24838,0.999947
2.25357,0.999947
2.25876,0.999947
2.26397,0.999947
2.26919,0.999947
2.27442,0.999947
2.27967,0.999947
2.28492,0.999947
2.29019,0.999947
2.29547,0.999947
2.30077,0.999947
2.30607,0.999947
2.31139,0.999947
2.31672,0.999947
2.32206,0.999947
2.32741,0.999947
2.33278,0.999947
2.33816,0.999947
2.34355,0.999947
2.34895,0.999947
2.35437,0.999947
2.3598,0.999947
2.36524,0.999947
2.37069,0.999947
2.37616,0.999947
2.38164,0.999947
2.38713,0.999947
2.39263,0.999947
2.39815,0.999947
2.40368,0.999947
2.40922,0.999947
2.41477,0.999947
2.42034,0.999947
2.42592,0.999947
2.43152,0.999947
2.43712,0.999947
2.44274,0.999947
2.44837,0.999947
2.45402,0.999947
2.45968,0.999947
2.46535,0.999947
2.47103,0.999947
2.47673,0.999947
2.48244,0.999947
2.48816,0.999947
2.4939,0.999947
2.49965,0.999947
2.50542,0.999947
2.51119,0.999947
2.51698,0.999947
2.52279,0.999947
2.5286,0.999947
2.53443,0.999947
2.54028,0.999947
2.54613,0.999947
2.552,0.999947
2.55789,0.999947
2.56379,0.999947
2.5697,0.999947
2.57562,0.999947
2.58156,0.999947
2.58751,0.999947
2.59348,0.999947
2.59946,0.999947
2.60545,0.999947
2.61146,0.999947
2.61748,0.999947
2.62352,0.999947
2.62957,0.999947
2.63563,0.999947
2.64171,0.999947
2.6478,0.999947
2.6539,0.999947
2.66002,0.999947
2.66615,0.999947
2.6723,0.999947
2.67846,0.999947
2.68464,0.999947
2.69083,0.999947
2.69703,0.999947
2.70325,0.999947
2.70948,0.999947
2.71573,0.999947
2.72199,0.999947
2.72827,0.999947
2.73456,0.999947
2.74086,0.999947
2.74718,0.999947
2.75352,0.999947
2.75987,0.999947
2.76623,0.999947
2.77261,0.999947
2.779,0.999947
2.78541,0.999947
2.79183,0.999947
2.79827,0.999947
2.80472,0.999947
2.81119,0.999947
2.81767,0.999947
2.82417,0.999947
2.83068,0.999947
2.8372,0.999947
2.84375,0.999947
2.8503,0.999947
2.85687,0.999947
2.86346,0.999947
2.87006,0.999947
2.87668,0.999947
2.88331,0.999947
2.88996,0.999947
2.89663,0.999947
2.9033,0.999947
2.91,0.999947
2.91671,0.999947
2.92343,0.999947
2.93017,0.999947
2.93693,0.999947
2.9437,0.999947
2.95049,0.999947
2.95729,0.999947
2.96411,0.999947
2.97094,0.999947
2.97779,0.999947
2.98466,0.999947
2.99154,0.999947
2.99844,0.999947
3.00535,0.999947
3.01228,0.999947
3.01923,0.999947
3.02619,0.999947
3.03317,0.999947
3.04016,0.999947
3.04717,0.999947
3.0542,0.999947
3.06124,0.999947
3.0683,0.999947
3.07537,0.999947
3.08246,0.999947
3.08957,0.999947
3.09669,0.999947
3.10383,0.999947
3.11099,0.999947
3.11816,0.999947
3.12535,0.999947
3.13256,0.999947
3.13978,0.999947
3.14702,0.999947
3.15428,0.999947
3.16155,0.999947
3.16884,0.999947
3.17615,0.999947
3.18347,0.999947
3.19081,0.999947
3.19817,0.999947
3.20554,0.999947
3.21293,0.999947
3.22034,0.999947
3.22776,0.999947
3.23521,0.999947
3.24267,0.999947
3.25014,0.999947
3.25764,0.999947
3.26515,0.999947
3.27268,0.999947
3.28022,0.999947
3.28778,0.999947
3.29537,0.999947
3.30296,0.999947
3.31058,0.999947
3.31821,0.999947
3.32586,0.999947
3.33353,0.999947
3.34122,0.999947
3.34892,0.999947
3.35664,0.999947
3.36438,0.999947
3.37214,0.999947
3.37992,0.999947
3.38771,0.999947
3.39552,0.999947
3.40335,0.999947
3.4112,0.999947
3.41906,0.999947
3.42694,0.999947
3.43485,0.999947
3.44277,0.999947
3.4507,0.999947
3.45866,0.999947
3.46663,0.999947
3.47463,0.999947
3.48264,0.999947
3.49067,0.999947
3.49872,0.999947
3.50678,0.999947
3.51487,0.999947
3.52297,0.999947
3.5311,0.999947
3.53924,0.999947
3.5474,0.999947
3.55558,0.999947
3.56378,0.999947
3.57199,0.999947
3.58023,0.999947
3.58848,0.999947
3.59676,0.999947
3.60505,0.999947
3.61336,0.999947
3.62169,0.999947
3.63004,0.999947
3.63841,0.999947
3.6468,0.999947
3.65521,0.999947
3.66364,0.999947
3.67209,0.999947
3.68055,0.999947
3.68904,0.999947
3.69755,0.999947
3.70607,0.999947
3.71462,0.999947
3.72318,0.999947
3.73177,0.999947
3.74037,0.999947
3.74899,0.999947
3.75764,0.999947
3.7663,0.999947
3.77499,0.999947
3.78369,0.999947
3.79241,0.999947
3.80116,0.999947
3.80992,0.999947
3.81871,0.999947
3.82751,0.999947
3.83634,0.999947
3.84518,0.999947
3.85405,0.999947
3.86293,0.999947
3.87184,0.999947
3.88077,0.999947
3.88972,0.999947
3.89869,0.999947
3.90767,0.999947
3.91668,0.999947
3.92572,0.999947
3.93477,0.999947
3.94384,0.999947
3.95293,0.999947
3.96205,0.999947
3.97118,0.999947
3.98034,0.999947
3.98952,0.999947
3.99871,0.999947
4.00793,0.999947
4.01718,0.999947
4.02644,0.999947
4.03572,0.999947
4.04503,0.999947
4.05435,0.999947
4.0637,0.999947
4.07307,0.999947
4.08246,0.999947
4.09188,0.999947
4.10131,0.999947
4.11077,0.999947
4.12024,0.999947
4.12974,0.999947
4.13927,0.999947
4.14881,0.999947
4.15838,0.999947
4.16796,0.999947
4.17757,0.999947
4.18721,0.999947
4.19686,0.999947
4.20654,0.999947
4.21624,0.999947
4.22596,0.999947
4.2357,0.999947
4.24547,0.999947
4.25526,0.999947
4.26507,0.999947
4.2749,0.999947
4.28476,0.999947
4.29464,0.999947
4.30454,0.999947
4.31447,0.999947
4.32441,0.999947
4.33438,0.999947
4.34438,0.999947
4.35439,0.999947
4.36443,0.999947
4.3745,0.999947
4.38458,0.999947
4.39469,0.999947
4.40483,0.999947
4.41498,0.999947
4.42516,0.999947
4.43537,0.999947
4.44559,0.999947
4.45584,0.999947
4.46612,0.999947
4.47641,0.999947
4.48673,0.999947
4.49708,0.999947
4.50745,0.999947
4.51784,0.999947
4.52826,0.999947
4.5387,0.999947
4.54916,0.999947
4.55965,0.999947
4.57017,0.999947
4.5807,0.999947
4.59127,0.999947
4.60185,0.999947
4.61246,0.999947
4.6231,0.999947
4.63376,0.999947
4.64444,0.999947
4.65515,0.999947
4.66588,0.999947
4.67664,0.999947
4.68742,0.999947
4.69823,0.999947
4.70906,0.999947
4.71992,0.999947
4.7308,0.999947
4.74171,0.999947
4.75265,0.999947
4.7636,0.999947
4.77459,0.999947
4.7856,0.999947
4.79663,0.999947
4.80769,0.999947
4.81877,0.999947
4.82988,0.999947
4.84102,0.999947
4.85218,0.999947
4.86337,0.999947
4.87458,0.999947
4.88582,0.999947
4.89709,0.999947
4.90838,0.999947
4.9197,0.999947
4.93104,0.999947
4.94241,0.999947
4.95381,0.999947
4.96523,0.999947
4.97668,0.999947
4.98815,0.999947
4.99965,0.999947
5.01118,0.999947
5.02273,0.999947
5.03432,0.999947
5.04592,0.999947
5.05756,0.999947
5.06922,0.999947
5.08091,0.999947
5.09262,0.999947
5.10436,0.999947
5.11613,0.999947
5.12793,0.999947
5.13975,0.999947
5.1516,0.999947
5.16348,0.999947
5.17539,0.999947
5.18732,0.999947
5.19928,0.999947
5.21127,0.999947
5.22328,0.999947
5.23533,0.999947
5.2474,0.999947
5.2595,0.999947
5.27162,0.999947
5.28378,0.999947
5.29596,0.999947
5.30817,0.999947
5.32041,0.999947
5.33268,0.999947
5.34497,0.999947
5.3573,0.999947
5.36965,0.999947
5.38203,0.999947
5.39444,0.999947
5.40688,0.999947
5.41934,0.999947
5.43184,0.999947
5.44436,0.999947
5.45692,0.999947
5.4695,0.999947
5.48211,0.999947
5.49475,0.999947
5.50742,0.999947
5.52012,0.999947
5.53285,0.999947
5.5456,0.999947
5.55839,0.999947
5.57121,0.999947
5.58405,0.999947
5.59693,0.999947
5.60983,0.999947
5.62277,0.999947
5.63573,0.999947
5.64872,0.999947
5.66175,0.999947
5.6748,0.999947
5.68789,0.999947
5.701,0.999947
5.71415,0.999947
5.72732,0.999947
5.74053,0.999947
5.75376,0.999947
5.76703,0.999947
5.78033,0.999947
5.79365,0.999947
5.80701,0.999947
5.8204,0.999947
5.83382,0.999947
5.84727,0.999947
5.86076,0.999947
5.87427,0.999947
5.88781,0.999947
5.90139,0.999947
5.915,0.999947
5.92863,0.999947
5.9423,0.999947
5.956,0.999947
5.96974,0.999947
5.9835,0.999947
5.9973,0.999947
6.01113,0.999947
6.02499,0.999947
6.03888,0.999947
6.0528,0.999947
6.06676,0.999947
6.08074,0.999947
6.09477,0.999947
6.10882,0.999947
6.1229,0.999947
6.13702,0.999947
6.15117,0.999947
6.16535,0.999947
6.17957,0.999947
6.19382,0.999947
6.2081,0.999947
6.22241,0.999947
6.23676,0.999947
6.25114,0.999947
6.26555,0.999947
6.28,0.999947
6.29448,0.999947
6.30899,0.999947
6.32354,0.999947
6.33812,0.999947
6.35273,0.999947
6.36738,0.999947
6.38206,0.999947
6.39678,0.999947
6.41153,0.999947
6.42631,0.999947
6.44113,0.999947
6.45598,0.999947
6.47086,0.999947
6.48578,0.999947
6.50074,0.999947
6.51573,0.999947
6.53075,0.999947
6.54581,0.999947
6.5609,0.999947
6.57603,0.999947
6.59119,0.999947
6.60639,0.999947
6.62162,0.999947
6.63689,0.999947
6.65219,0.999947
6.66753,0.999947
6.6829,0.999947
6.69831,0.999947
6.71375,0.999947
6.72923,0.999947
6.74475,0.999947
6.7603,0.999947
6.77589,0.999947
6.79151,0.999947
6.80717,0.999947
6.82287,0.999947
6.8386,0.999947
6.85436,0.999947
6.87017,0.999947
6.88601,0.999947
6.90189,0.999947
6.9178,0.999947
6.93375,0.999947
6.94974,0.999947
6.96576,0.999947
6.98182,0.999947
6.99792,0.999947
7.01406,0.999947
7.03023,0.999947
7.04644,0.999947
7.06268,0.999947
7.07897,0.999947
7.09529,0.999947
7.11165,0.999947
7.12805,0.999947
7.14448,0.999947
7.16096,0.999947
7.17747,0.999947
7.19402,0.999947
7.2106,0.999947
7.22723,0.999947
7.24389,0.999947
7.26059,0.999947
7.27734,0.999947
7.29411,0.999947
7.31093,0.999947
7.32779,0.999947
7.34469,0.999947
7.36162,0.999947
7.37859,0.999947
7.39561,0.999947
7.41266,0.999947
7.42975,0.999947
7.44688,0.999947
7.46405,0.999947
7.48126,0.999947
7.49851,0.999947
7.5158,0.999947
7.53313,0.999947
7.5505,0.999947
7.56791,0.999947
7.58536,0.999947
7.60285,0.999947
7.62038,0.999947
7.63795,0.999947
7.65556,0.999947
7.67321,0.999947
7.6909,0.999947
7.70863,0.999947
7.72641,0.999947
7.74422,0.999947
7.76208,0.999947
7.77997,0.999947
7.79791,0.999947
7.81589,0.999947
7.83391,0.999947
7.85198,0.999947
7.87008,0.999947
7.88823,0.999947
7.90641,0.999947
7.92464,0.999947
7.94292,0.999947
7.96123,0.999947
7.97959,0.999947
7.99799,0.999947
8.01643,0.999947
8.03491,0.999947
8.05344,0.999947
8.072,0.999947
8.09062,0.999947
8.10927,0.999947
8.12797,0.999947
8.14671,0.999947
8.16549,0.999947
8.18432,0.999947
8.20319,0.999947
8.2221,0.999947
8.24106,0.999947
8.26006,0.999947
8.27911,0.999947
8.2982,0.999947
8.31733,0.999947
8.33651,0.999947
8.35573,0.999947
8.375,0.999947
8.39431,0.999947
8.41366,0.999947
8.43306,0.999947
8.4525,0.999947
8.47199,0.999947
8.49153,0.999947
8.51111,0.999947
8.53073,0.999947
8.5504,0.999947
8.57011,0.999947
8.58987,0.999947
8.60968,0.999947
8.62953,0.999947
8.64943,0.999947
8.66937,0.999947
8.68936,0.999947
8.7094,0.999947
8.72948,0.999947
8.7496,0.999947
8.76978,0.999947
8.79,0.999947
8.81027,0.999947
8.83058,0.999947
8.85094,0.999947
8.87135,0.999947
8.8918,0.999947
8.9123,0.999947
8.93285,0.999947
8.95345,0.999947
8.97409,0.999947
8.99479,0.999947
9.01552,0.999947
9.03631,0.999947
9.05715,0.999947
9.07803,0.999947
9.09896,0.999947
9.11994,0.999947
9.14097,0.999947
9.16204,0.999947
9.18317,0.999947
9.20434,0.999947
9.22557,0.999947
9.24684,0.999947
9.26816,0.999947
9.28953,0.999947
9.31095,0.999947
9.33241,0.999947
9.35393,0.999947
9.3755,0.999947
9.39712,0.999947
9.41878,0.999947
9.4405,0.999947
9.46227,0.999947
9.48408,0.999947
9.50595,0.999947
9.52787,0.999947
9.54984,0.999947
9.57186,0.999947
9.59393,0.999947
9.61605,0.999947
9.63822,0.999947
9.66044,0.999947
9.68272,0.999947
9.70504,0.999947
9.72742,0.999947
9.74985,0.999947
9.77233,0.999947
9.79486,0.999947
9.81744,0.999947
9.84008,0.999947
9.86277,0.999947
9.88551,0.999947
9.9083,0.999947
9.93115,0.999947
9.95405,0.999947
9.977,0.999947
10,0.999947
