r,N
0.0001,1.72305e-07
0.000100231,1.73101e-07
0.000100462,1.739e-07
0.000100693,1.74703e-07
0.000100925,1.75509e-07
0.000101158,1.76319e-07
0.000101391,1.77133e-07
0.000101625,1.77951e-07
0.00010186,1.78773e-07
0.000102094,1.79598e-07
0.00010233,1.80427e-07
0.000102566,1.8126e-07
0.000102802,1.82097e-07
0.000103039,1.82938e-07
0.000103277,1.83782e-07
0.000103515,1.84631e-07
0.000103754,1.85483e-07
0.000103993,1.8634e-07
0.000104233,1.872e-07
0.000104473,1.88064e-07
0.000104714,1.88932e-07
0.000104955,1.89805e-07
0.000105197,1.90681e-07
0.00010544,1.91561e-07
0.000105683,1.92446e-07
0.000105927,1.93334e-07
0.000106171,1.94227e-07
0.000106416,1.95123e-07
0.000106661,1.96024e-07
0.000106907,1.96929e-07
0.000107153,1.97838e-07
0.0001074,1.98752e-07
0.000107648,1.99669e-07
0.000107896,2.00591e-07
0.000108145,2.01517e-07
0.000108394,2.02447e-07
0.000108644,2.03382e-07
0.000108895,2.04321e-07
0.000109146,2.05264e-07
0.000109398,2.06212e-07
0.00010965,2.07164e-07
0.000109903,2.0812e-07
0.000110156,2.09081e-07
0.00011041,2.10046e-07
0.000110665,2.11016e-07
0.00011092,2.1199e-07
0.000111176,2.12969e-07
0.000111432,2.13952e-07
0.000111689,2.1494e-07
0.000111946,2.15932e-07
0.000112204,2.16929e-07
0.000112463,2.17931e-07
0.000112722,2.18937e-07
0.000112982,2.19948e-07
0.000113243,2.20963e-07
0.000113504,2.21983e-07
0.000113766,2.23008e-07
0.000114028,2.24038e-07
0.000114291,2.25072e-07
0.000114554,2.26111e-07
0.000114819,2.27155e-07
0.000115083,2.28204e-07
0.000115349,2.29257e-07
0.000115615,2.30316e-07
0.000115881,2.31379e-07
0.000116148,2.32447e-07
0.000116416,2.3352e-07
0.000116685,2.34598e-07
0.000116954,2.35681e-07
0.000117223,2.3677e-07
0.000117494,2.37863e-07
0.000117764,2.38961e-07
0.000118036,2.40064e-07
0.000118308,2.41172e-07
0.000118581,2.42286e-07
0.000118854,2.43404e-07
0.000119128,2.44528e-07
0.000119403,2.45657e-07
0.000119678,2.46791e-07
0.000119954,2.4793e-07
0.000120231,2.49075e-07
0.000120508,2.50225e-07
0.000120786,2.5138e-07
0.000121064,2.52541e-07
0.000121344,2.53707e-07
0.000121623,2.54878e-07
0.000121904,2.56055e-07
0.000122185,2.57237e-07
0.000122467,2.58424e-07
0.000122749,2.59617e-07
0.000123032,2.60816e-07
0.000123316,2.6202e-07
0.0001236,2.6323e-07
0.000123885,2.64445e-07
0.000124171,2.65666e-07
0.000124457,2.66892e-07
0.000124744,2.68125e-07
0.000125031,2.69362e-07
0.00012532,2.70606e-07
0.000125609,2.71855e-07
0.000125898,2.7311e-07
0.000126189,2.74371e-07
0.00012648,2.75638e-07
0.000126771,2.7691e-07
0.000127063,2.78189e-07
0.000127356,2.79473e-07
0.00012765,2.80763e-07
0.000127944,2.8206e-07
0.000128239,2.83362e-07
0.000128535,2.8467e-07
0.000128831,2.85984e-07
0.000129129,2.87305e-07
0.000129426,2.88631e-07
0.000129725,2.89964e-07
0.000130024,2.91302e-07
0.000130324,2.92647e-07
0.000130624,2.93998e-07
0.000130925,2.95355e-07
0.000131227,2.96719e-07
0.00013153,2.98089e-07
0.000131833,2.99465e-07
0.000132137,3.00848e-07
0.000132442,3.02237e-07
0.000132747,3.03632e-07
0.000133053,3.05034e-07
0.00013336,3.06442e-07
0.000133667,3.07857e-07
0.000133976,3.09278e-07
0.000134284,3.10706e-07
0.000134594,3.1214e-07
0.000134904,3.13581e-07
0.000135215,3.15029e-07
0.000135527,3.16483e-07
0.00013584,3.17945e-07
0.000136153,3.19412e-07
0.000136467,3.20887e-07
0.000136781,3.22368e-07
0.000137097,3.23857e-07
0.000137413,3.25352e-07
0.00013773,3.26854e-07
0.000138047,3.28363e-07
0.000138366,3.29879e-07
0.000138685,3.31402e-07
0.000139004,3.32932e-07
0.000139325,3.34469e-07
0.000139646,3.36013e-07
0.000139968,3.37564e-07
0.000140291,3.39123e-07
0.000140614,3.40688e-07
0.000140939,3.42261e-07
0.000141264,3.43841e-07
0.000141589,3.45429e-07
0.000141916,3.47024e-07
0.000142243,3.48626e-07
0.000142571,3.50235e-07
0.0001429,3.51852e-07
0.000143229,3.53477e-07
0.000143559,3.55108e-07
0.00014389,3.56748e-07
0.000144222,3.58395e-07
0.000144555,3.60049e-07
0.000144888,3.61712e-07
0.000145222,3.63382e-07
0.000145557,3.65059e-07
0.000145892,3.66745e-07
0.000146229,3.68438e-07
0.000146566,3.70139e-07
0.000146904,3.71848e-07
0.000147243,3.73564e-07
0.000147582,3.75289e-07
0.000147922,3.77022e-07
0.000148263,3.78762e-07
0.000148605,3.80511e-07
0.000148948,3.82268e-07
0.000149291,3.84032e-07
0.000149636,3.85805e-07
0.000149981,3.87586e-07
0.000150326,3.89376e-07
0.000150673,3.91173e-07
0.00015102,3.92979e-07
0.000151369,3.94794e-07
0.000151718,3.96616e-07
0.000152068,3.98447e-07
0.000152418,4.00287e-07
0.00015277,4.02135e-07
0.000153122,4.03991e-07
0.000153475,4.05857e-07
0.000153829,4.0773e-07
0.000154183,4.09613e-07
0.000154539,4.11504e-07
0.000154895,4.13404e-07
0.000155252,4.15312e-07
0.00015561,4.17229e-07
0.000155969,4.19156e-07
0.000156329,4.21091e-07
0.000156689,4.23035e-07
0.00015705,4.24988e-07
0.000157413,4.2695e-07
0.000157776,4.28921e-07
0.000158139,4.30901e-07
0.000158504,4.32891e-07
0.000158869,4.34889e-07
0.000159236,4.36897e-07
0.000159603,4.38914e-07
0.000159971,4.4094e-07
0.00016034,4.42976e-07
0.000160709,4.45021e-07
0.00016108,4.47076e-07
0.000161451,4.4914e-07
0.000161824,4.51213e-07
0.000162197,4.53296e-07
0.000162571,4.55389e-07
0.000162946,4.57491e-07
0.000163321,4.59604e-07
0.000163698,4.61725e-07
0.000164075,4.63857e-07
0.000164454,4.65999e-07
0.000164833,4.6815e-07
0.000165213,4.70311e-07
0.000165594,4.72483e-07
0.000165976,4.74664e-07
0.000166358,4.76855e-07
0.000166742,4.79057e-07
0.000167126,4.81268e-07
0.000167512,4.8349e-07
0.000167898,4.85722e-07
0.000168285,4.87965e-07
0.000168673,4.90218e-07
0.000169062,4.92481e-07
0.000169452,4.94755e-07
0.000169842,4.97039e-07
0.000170234,4.99333e-07
0.000170626,5.01639e-07
0.00017102,5.03955e-07
0.000171414,5.06281e-07
0.000171809,5.08619e-07
0.000172206,5.10967e-07
0.000172603,5.13326e-07
0.000173001,5.15696e-07
0.000173399,5.18076e-07
0.000173799,5.20468e-07
0.0001742,5.22871e-07
0.000174602,5.25285e-07
0.000175004,5.2771e-07
0.000175408,5.30146e-07
0.000175812,5.32594e-07
0.000176218,5.35053e-07
0.000176624,5.37523e-07
0.000177031,5.40004e-07
0.000177439,5.42498e-07
0.000177848,5.45002e-07
0.000178258,5.47518e-07
0.000178669,5.50046e-07
0.000179081,5.52585e-07
0.000179494,5.55136e-07
0.000179908,5.57699e-07
0.000180323,5.60274e-07
0.000180739,5.62861e-07
0.000181156,5.65459e-07
0.000181573,5.6807e-07
0.000181992,5.70692e-07
0.000182411,5.73327e-07
0.000182832,5.75974e-07
0.000183254,5.78633e-07
0.000183676,5.81305e-07
0.0001841,5.83988e-07
0.000184524,5.86684e-07
0.00018495,5.89393e-07
0.000185376,5.92114e-07
0.000185803,5.94848e-07
0.000186232,5.97594e-07
0.000186661,6.00353e-07
0.000187092,6.03124e-07
0.000187523,6.05909e-07
0.000187955,6.08706e-07
0.000188389,6.11516e-07
0.000188823,6.1434e-07
0.000189259,6.17176e-07
0.000189695,6.20025e-07
0.000190132,6.22888e-07
0.000190571,6.25763e-07
0.00019101,6.28652e-07
0.00019145,6.31555e-07
0.000191892,6.3447e-07
0.000192334,6.374e-07
0.000192778,6.40342e-07
0.000193222,6.43298e-07
0.000193668,6.46268e-07
0.000194114,6.49252e-07
0.000194562,6.52249e-07
0.000195011,6.55261e-07
0.00019546,6.58286e-07
0.000195911,6.61325e-07
0.000196363,6.64378e-07
0.000196815,6.67445e-07
0.000197269,6.70527e-07
0.000197724,6.73622e-07
0.00019818,6.76732e-07
0.000198637,6.79857e-07
0.000199095,6.82995e-07
0.000199554,6.86149e-07
0.000200014,6.89316e-07
0.000200475,6.92499e-07
0.000200937,6.95696e-07
0.000201401,6.98908e-07
0.000201865,7.02134e-07
0.00020233,7.05376e-07
0.000202797,7.08632e-07
0.000203265,7.11904e-07
0.000203733,7.1519e-07
0.000204203,7.18492e-07
0.000204674,7.21809e-07
0.000205146,7.25142e-07
0.000205619,7.2849e-07
0.000206093,7.31853e-07
0.000206568,7.35232e-07
0.000207044,7.38626e-07
0.000207522,7.42036e-07
0.000208,7.45462e-07
0.00020848,7.48903e-07
0.00020896,7.52361e-07
0.000209442,7.55834e-07
0.000209925,7.59324e-07
0.000210409,7.62829e-07
0.000210894,7.66351e-07
0.000211381,7.69889e-07
0.000211868,7.73443e-07
0.000212356,7.77014e-07
0.000212846,7.80601e-07
0.000213337,7.84205e-07
0.000213829,7.87826e-07
0.000214322,7.91463e-07
0.000214816,7.95117e-07
0.000215311,7.98788e-07
0.000215808,8.02475e-07
0.000216305,8.0618e-07
0.000216804,8.09902e-07
0.000217304,8.13641e-07
0.000217805,8.17397e-07
0.000218307,8.21171e-07
0.00021881,8.24962e-07
0.000219315,8.28771e-07
0.000219821,8.32597e-07
0.000220327,8.36441e-07
0.000220835,8.40303e-07
0.000221345,8.44182e-07
0.000221855,8.48079e-07
0.000222367,8.51995e-07
0.000222879,8.55928e-07
0.000223393,8.5988e-07
0.000223908,8.6385e-07
0.000224424,8.67838e-07
0.000224942,8.71844e-07
0.000225461,8.75869e-07
0.00022598,8.79913e-07
0.000226501,8.83975e-07
0.000227024,8.88056e-07
0.000227547,8.92156e-07
0.000228072,8.96275e-07
0.000228598,9.00413e-07
0.000229125,9.0457e-07
0.000229653,9.08746e-07
0.000230183,9.12941e-07
0.000230713,9.17156e-07
0.000231245,9.2139e-07
0.000231778,9.25644e-07
0.000232313,9.29918e-07
0.000232848,9.34211e-07
0.000233385,9.38524e-07
0.000233923,9.42857e-07
0.000234463,9.4721e-07
0.000235003,9.51583e-07
0.000235545,9.55976e-07
0.000236088,9.60389e-07
0.000236633,9.64823e-07
0.000237178,9.69277e-07
0.000237725,9.73752e-07
0.000238273,9.78248e-07
0.000238823,9.82764e-07
0.000239373,9.87301e-07
0.000239925,9.91859e-07
0.000240478,9.96438e-07
0.000241033,1.00104e-06
0.000241589,1.00566e-06
0.000242146,1.0103e-06
0.000242704,1.01497e-06
0.000243264,1.01965e-06
0.000243825,1.02436e-06
0.000244387,1.02909e-06
0.00024495,1.03384e-06
0.000245515,1.03861e-06
0.000246081,1.04341e-06
0.000246648,1.04823e-06
0.000247217,1.05307e-06
0.000247787,1.05793e-06
0.000248358,1.06281e-06
0.000248931,1.06772e-06
0.000249505,1.07265e-06
0.00025008,1.0776e-06
0.000250657,1.08257e-06
0.000251235,1.08757e-06
0.000251814,1.09259e-06
0.000252395,1.09764e-06
0.000252977,1.1027e-06
0.00025356,1.1078e-06
0.000254145,1.11291e-06
0.000254731,1.11805e-06
0.000255318,1.12321e-06
0.000255907,1.1284e-06
0.000256497,1.1336e-06
0.000257088,1.13884e-06
0.000257681,1.1441e-06
0.000258275,1.14938e-06
0.000258871,1.15468e-06
0.000259467,1.16002e-06
0.000260066,1.16537e-06
0.000260665,1.17075e-06
0.000261266,1.17616e-06
0.000261869,1.18159e-06
0.000262473,1.18704e-06
0.000263078,1.19252e-06
0.000263684,1.19803e-06
0.000264292,1.20356e-06
0.000264902,1.20911e-06
0.000265512,1.2147e-06
0.000266125,1.2203e-06
0.000266738,1.22594e-06
0.000267353,1.2316e-06
0.00026797,1.23728e-06
0.000268588,1.243e-06
0.000269207,1.24873e-06
0.000269828,1.2545e-06
0.00027045,1.26029e-06
0.000271073,1.26611e-06
0.000271698,1.27195e-06
0.000272325,1.27783e-06
0.000272953,1.28373e-06
0.000273582,1.28965e-06
0.000274213,1.29561e-06
0.000274845,1.30159e-06
0.000275479,1.3076e-06
0.000276114,1.31363e-06
0.000276751,1.3197e-06
0.000277389,1.32579e-06
0.000278028,1.33191e-06
0.000278669,1.33806e-06
0.000279312,1.34424e-06
0.000279956,1.35044e-06
0.000280601,1.35668e-06
0.000281248,1.36294e-06
0.000281897,1.36923e-06
0.000282547,1.37556e-06
0.000283198,1.38191e-06
0.000283851,1.38829e-06
0.000284506,1.3947e-06
0.000285162,1.40113e-06
0.000285819,1.4076e-06
0.000286478,1.4141e-06
0.000287139,1.42063e-06
0.000287801,1.42719e-06
0.000288464,1.43378e-06
0.000289129,1.4404e-06
0.000289796,1.44705e-06
0.000290464,1.45373e-06
0.000291134,1.46044e-06
0.000291805,1.46718e-06
0.000292478,1.47396e-06
0.000293152,1.48076e-06
0.000293828,1.4876e-06
0.000294506,1.49446e-06
0.000295185,1.50136e-06
0.000295865,1.5083e-06
0.000296548,1.51526e-06
0.000297231,1.52225e-06
0.000297917,1.52928e-06
0.000298604,1.53634e-06
0.000299292,1.54344e-06
0.000299982,1.55056e-06
0.000300674,1.55772e-06
0.000301367,1.56491e-06
0.000302062,1.57214e-06
0.000302758,1.57939e-06
0.000303456,1.58669e-06
0.000304156,1.59401e-06
0.000304857,1.60137e-06
0.00030556,1.60876e-06
0.000306265,1.61619e-06
0.000306971,1.62365e-06
0.000307679,1.63115e-06
0.000308388,1.63868e-06
0.000309099,1.64624e-06
0.000309812,1.65384e-06
0.000310526,1.66148e-06
0.000311242,1.66915e-06
0.00031196,1.67686e-06
0.000312679,1.6846e-06
0.0003134,1.69237e-06
0.000314123,1.70019e-06
0.000314847,1.70804e-06
0.000315573,1.71592e-06
0.000316301,1.72384e-06
0.00031703,1.7318e-06
0.000317761,1.7398e-06
0.000318494,1.74783e-06
0.000319228,1.7559e-06
0.000319964,1.76401e-06
0.000320702,1.77215e-06
0.000321441,1.78033e-06
0.000322182,1.78855e-06
0.000322925,1.79681e-06
0.00032367,1.8051e-06
0.000324416,1.81344e-06
0.000325164,1.82181e-06
0.000325914,1.83022e-06
0.000326665,1.83867e-06
0.000327418,1.84716e-06
0.000328173,1.85569e-06
0.00032893,1.86425e-06
0.000329688,1.87286e-06
0.000330449,1.88151e-06
0.00033121,1.89019e-06
0.000331974,1.89892e-06
0.00033274,1.90769e-06
0.000333507,1.91649e-06
0.000334276,1.92534e-06
0.000335046,1.93423e-06
0.000335819,1.94316e-06
0.000336593,1.95213e-06
0.000337369,1.96114e-06
0.000338147,1.9702e-06
0.000338927,1.97929e-06
0.000339708,1.98843e-06
0.000340492,1.99761e-06
0.000341277,2.00683e-06
0.000342064,2.0161e-06
0.000342852,2.0254e-06
0.000343643,2.03476e-06
0.000344435,2.04415e-06
0.000345229,2.05359e-06
0.000346025,2.06307e-06
0.000346823,2.07259e-06
0.000347623,2.08216e-06
0.000348424,2.09177e-06
0.000349228,2.10143e-06
0.000350033,2.11113e-06
0.00035084,2.12088e-06
0.000351649,2.13067e-06
0.00035246,2.14051e-06
0.000353272,2.15039e-06
0.000354087,2.16032e-06
0.000354903,2.17029e-06
0.000355722,2.18031e-06
0.000356542,2.19038e-06
0.000357364,2.20049e-06
0.000358188,2.21065e-06
0.000359014,2.22085e-06
0.000359841,2.23111e-06
0.000360671,2.24141e-06
0.000361503,2.25175e-06
0.000362336,2.26215e-06
0.000363172,2.27259e-06
0.000364009,2.28309e-06
0.000364848,2.29363e-06
0.00036569,2.30421e-06
0.000366533,2.31485e-06
0.000367378,2.32554e-06
0.000368225,2.33628e-06
0.000369074,2.34706e-06
0.000369925,2.3579e-06
0.000370778,2.36878e-06
0.000371633,2.37972e-06
0.00037249,2.39071e-06
0.000373349,2.40174e-06
0.000374209,2.41283e-06
0.000375072,2.42397e-06
0.000375937,2.43516e-06
0.000376804,2.4464e-06
0.000377673,2.4577e-06
0.000378543,2.46904e-06
0.000379416,2.48044e-06
0.000380291,2.4919e-06
0.000381168,2.5034e-06
0.000382047,2.51496e-06
0.000382928,2.52657e-06
0.00038381,2.53823e-06
0.000384695,2.54995e-06
0.000385582,2.56172e-06
0.000386471,2.57355e-06
0.000387363,2.58543e-06
0.000388256,2.59737e-06
0.000389151,2.60936e-06
0.000390048,2.62141e-06
0.000390947,2.63351e-06
0.000391849,2.64567e-06
0.000392752,2.65788e-06
0.000393658,2.67015e-06
0.000394566,2.68248e-06
0.000395475,2.69486e-06
0.000396387,2.7073e-06
0.000397301,2.7198e-06
0.000398217,2.73236e-06
0.000399135,2.74497e-06
0.000400056,2.75765e-06
0.000400978,2.77038e-06
0.000401903,2.78317e-06
0.000402829,2.79602e-06
0.000403758,2.80892e-06
0.000404689,2.82189e-06
0.000405622,2.83492e-06
0.000406557,2.84801e-06
0.000407495,2.86116e-06
0.000408434,2.87437e-06
0.000409376,2.88764e-06
0.00041032,2.90097e-06
0.000411266,2.91436e-06
0.000412214,2.92782e-06
0.000413165,2.94133e-06
0.000414117,2.95491e-06
0.000415072,2.96855e-06
0.000416029,2.98226e-06
0.000416988,2.99603e-06
0.00041795,3.00986e-06
0.000418914,3.02375e-06
0.000419879,3.03771e-06
0.000420848,3.05174e-06
0.000421818,3.06583e-06
0.000422791,3.07998e-06
0.000423765,3.0942e-06
0.000424742,3.10849e-06
0.000425722,3.12284e-06
0.000426703,3.13725e-06
0.000427687,3.15174e-06
0.000428673,3.16629e-06
0.000429662,3.18091e-06
0.000430652,3.19559e-06
0.000431645,3.21034e-06
0.000432641,3.22517e-06
0.000433638,3.24006e-06
0.000434638,3.25501e-06
0.00043564,3.27004e-06
0.000436645,3.28514e-06
0.000437651,3.3003e-06
0.00043866,3.31554e-06
0.000439672,3.33085e-06
0.000440686,3.34623e-06
0.000441702,3.36167e-06
0.00044272,3.37719e-06
0.000443741,3.39279e-06
0.000444764,3.40845e-06
0.000445789,3.42418e-06
0.000446817,3.43999e-06
0.000447848,3.45587e-06
0.00044888,3.47183e-06
0.000449915,3.48786e-06
0.000450953,3.50396e-06
0.000451992,3.52014e-06
0.000453034,3.53639e-06
0.000454079,3.55271e-06
0.000455126,3.56912e-06
0.000456175,3.58559e-06
0.000457227,3.60215e-06
0.000458281,3.61878e-06
0.000459338,3.63548e-06
0.000460397,3.65227e-06
0.000461459,3.66913e-06
0.000462523,3.68607e-06
0.000463589,3.70309e-06
0.000464658,3.72018e-06
0.000465729,3.73736e-06
0.000466803,3.75461e-06
0.00046788,3.77195e-06
0.000468958,3.78936e-06
0.00047004,3.80685e-06
0.000471123,3.82443e-06
0.00047221,3.84209e-06
0.000473298,3.85982e-06
0.00047439,3.87764e-06
0.000475483,3.89555e-06
0.00047658,3.91353e-06
0.000477679,3.9316e-06
0.00047878,3.94975e-06
0.000479884,3.96798e-06
0.00048099,3.9863e-06
0.000482099,4.00471e-06
0.000483211,4.02319e-06
0.000484325,4.04177e-06
0.000485442,4.06043e-06
0.000486561,4.07917e-06
0.000487683,4.09801e-06
0.000488807,4.11693e-06
0.000489935,4.13593e-06
0.000491064,4.15503e-06
0.000492196,4.17421e-06
0.000493331,4.19348e-06
0.000494469,4.21284e-06
0.000495609,4.23229e-06
0.000496752,4.25183e-06
0.000497897,4.27146e-06
0.000499045,4.29118e-06
0.000500196,4.31099e-06
0.000501349,4.33089e-06
0.000502505,4.35089e-06
0.000503663,4.37097e-06
0.000504825,4.39115e-06
0.000505989,4.41143e-06
0.000507155,4.43179e-06
0.000508325,4.45225e-06
0.000509497,4.47281e-06
0.000510672,4.49346e-06
0.000511849,4.5142e-06
0.000513029,4.53504e-06
0.000514212,4.55598e-06
0.000515398,4.57701e-06
0.000516586,4.59814e-06
0.000517777,4.61937e-06
0.000518971,4.6407e-06
0.000520168,4.66212e-06
0.000521367,4.68365e-06
0.000522569,4.70527e-06
0.000523774,4.72699e-06
0.000524982,4.74882e-06
0.000526192,4.77074e-06
0.000527405,4.79276e-06
0.000528621,4.81489e-06
0.00052984,4.83712e-06
0.000531062,4.85945e-06
0.000532286,4.88189e-06
0.000533514,4.90442e-06
0.000534744,4.92707e-06
0.000535977,4.94981e-06
0.000537212,4.97267e-06
0.000538451,4.99562e-06
0.000539693,5.01869e-06
0.000540937,5.04186e-06
0.000542184,5.06513e-06
0.000543434,5.08852e-06
0.000544687,5.11201e-06
0.000545943,5.13561e-06
0.000547202,5.15932e-06
0.000548464,5.18314e-06
0.000549728,5.20707e-06
0.000550996,5.23111e-06
0.000552266,5.25526e-06
0.00055354,5.27952e-06
0.000554816,5.30389e-06
0.000556095,5.32838e-06
0.000557377,5.35298e-06
0.000558662,5.37769e-06
0.00055995,5.40252e-06
0.000561242,5.42746e-06
0.000562536,5.45252e-06
0.000563833,5.47769e-06
0.000565133,5.50298e-06
0.000566436,5.52839e-06
0.000567742,5.55391e-06
0.000569051,5.57955e-06
0.000570363,5.60531e-06
0.000571678,5.63119e-06
0.000572996,5.65718e-06
0.000574317,5.6833e-06
0.000575641,5.70954e-06
0.000576969,5.7359e-06
0.000578299,5.76238e-06
0.000579632,5.78898e-06
0.000580969,5.81571e-06
0.000582308,5.84256e-06
0.000583651,5.86953e-06
0.000584997,5.89663e-06
0.000586346,5.92385e-06
0.000587697,5.9512e-06
0.000589053,5.97868e-06
0.000590411,6.00628e-06
0.000591772,6.03401e-06
0.000593136,6.06186e-06
0.000594504,6.08985e-06
0.000595875,6.11796e-06
0.000597249,6.14621e-06
0.000598626,6.17458e-06
0.000600006,6.20309e-06
0.000601389,6.23173e-06
0.000602776,6.2605e-06
0.000604166,6.2894e-06
0.000605559,6.31844e-06
0.000606955,6.34761e-06
0.000608355,6.37691e-06
0.000609757,6.40635e-06
0.000611163,6.43593e-06
0.000612572,6.46564e-06
0.000613985,6.49549e-06
0.0006154,6.52548e-06
0.000616819,6.55561e-06
0.000618242,6.58587e-06
0.000619667,6.61628e-06
0.000621096,6.64682e-06
0.000622528,6.67751e-06
0.000623963,6.70834e-06
0.000625402,6.73931e-06
0.000626844,6.77042e-06
0.000628289,6.80168e-06
0.000629738,6.83308e-06
0.00063119,6.86463e-06
0.000632645,6.89632e-06
0.000634104,6.92816e-06
0.000635566,6.96014e-06
0.000637031,6.99227e-06
0.0006385,7.02455e-06
0.000639972,7.05698e-06
0.000641448,7.08956e-06
0.000642927,7.1223e-06
0.000644409,7.15518e-06
0.000645895,7.18821e-06
0.000647384,7.2214e-06
0.000648877,7.25473e-06
0.000650373,7.28823e-06
0.000651873,7.32188e-06
0.000653376,7.35568e-06
0.000654882,7.38964e-06
0.000656392,7.42375e-06
0.000657906,7.45803e-06
0.000659423,7.49246e-06
0.000660943,7.52705e-06
0.000662467,7.5618e-06
0.000663994,7.59671e-06
0.000665525,7.63178e-06
0.00066706,7.66701e-06
0.000668598,7.70241e-06
0.00067014,7.73797e-06
0.000671685,7.77369e-06
0.000673233,7.80958e-06
0.000674786,7.84564e-06
0.000676341,7.88186e-06
0.000677901,7.91825e-06
0.000679464,7.9548e-06
0.000681031,7.99153e-06
0.000682601,8.02842e-06
0.000684175,8.06549e-06
0.000685752,8.10272e-06
0.000687333,8.14013e-06
0.000688918,8.17771e-06
0.000690507,8.21546e-06
0.000692099,8.25339e-06
0.000693694,8.2915e-06
0.000695294,8.32978e-06
0.000696897,8.36823e-06
0.000698504,8.40687e-06
0.000700114,8.44568e-06
0.000701729,8.48467e-06
0.000703347,8.52384e-06
0.000704968,8.56319e-06
0.000706594,8.60273e-06
0.000708223,8.64244e-06
0.000709856,8.68234e-06
0.000711493,8.72242e-06
0.000713133,8.76269e-06
0.000714777,8.80315e-06
0.000716425,8.84379e-06
0.000718077,8.88462e-06
0.000719733,8.92564e-06
0.000721393,8.96684e-06
0.000723056,9.00824e-06
0.000724723,9.04983e-06
0.000726394,9.09161e-06
0.000728069,9.13358e-06
0.000729748,9.17575e-06
0.00073143,9.21811e-06
0.000733117,9.26067e-06
0.000734807,9.30342e-06
0.000736501,9.34637e-06
0.000738199,9.38952e-06
0.000739901,9.43287e-06
0.000741607,9.47642e-06
0.000743317,9.52017e-06
0.000745031,9.56412e-06
0.000746749,9.60828e-06
0.000748471,9.65263e-06
0.000750197,9.6972e-06
0.000751926,9.74197e-06
0.00075366,9.78694e-06
0.000755398,9.83212e-06
0.000757139,9.87752e-06
0.000758885,9.92312e-06
0.000760635,9.96893e-06
0.000762389,1.0015e-05
0.000764147,1.00612e-05
0.000765908,1.01076e-05
0.000767674,1.01543e-05
0.000769444,1.02012e-05
0.000771218,1.02483e-05
0.000772997,1.02956e-05
0.000774779,1.03431e-05
0.000776565,1.03909e-05
0.000778356,1.04388e-05
0.000780151,1.0487e-05
0.000781949,1.05355e-05
0.000783752,1.05841e-05
0.000785559,1.0633e-05
0.000787371,1.0682e-05
0.000789186,1.07314e-05
0.000791006,1.07809e-05
0.00079283,1.08307e-05
0.000794658,1.08807e-05
0.00079649,1.09309e-05
0.000798326,1.09814e-05
0.000800167,1.10321e-05
0.000802012,1.1083e-05
0.000803861,1.11342e-05
0.000805715,1.11856e-05
0.000807572,1.12372e-05
0.000809434,1.12891e-05
0.000811301,1.13412e-05
0.000813171,1.13936e-05
0.000815046,1.14462e-05
0.000816925,1.1499e-05
0.000818809,1.15521e-05
0.000820697,1.16054e-05
0.000822589,1.1659e-05
0.000824486,1.17128e-05
0.000826387,1.17669e-05
0.000828292,1.18212e-05
0.000830202,1.18758e-05
0.000832116,1.19306e-05
0.000834035,1.19857e-05
0.000835958,1.20411e-05
0.000837885,1.20966e-05
0.000839817,1.21525e-05
0.000841754,1.22086e-05
0.000843695,1.2265e-05
0.00084564,1.23216e-05
0.00084759,1.23785e-05
0.000849544,1.24356e-05
0.000851503,1.2493e-05
0.000853466,1.25507e-05
0.000855434,1.26086e-05
0.000857406,1.26669e-05
0.000859383,1.27253e-05
0.000861365,1.27841e-05
0.000863351,1.28431e-05
0.000865341,1.29024e-05
0.000867337,1.2962e-05
0.000869336,1.30218e-05
0.000871341,1.30819e-05
0.00087335,1.31423e-05
0.000875364,1.3203e-05
0.000877382,1.32639e-05
0.000879405,1.33252e-05
0.000881432,1.33867e-05
0.000883465,1.34485e-05
0.000885502,1.35106e-05
0.000887543,1.3573e-05
0.00088959,1.36356e-05
0.000891641,1.36986e-05
0.000893697,1.37618e-05
0.000895757,1.38253e-05
0.000897823,1.38892e-05
0.000899893,1.39533e-05
0.000901968,1.40177e-05
0.000904047,1.40824e-05
0.000906132,1.41474e-05
0.000908221,1.42128e-05
0.000910315,1.42784e-05
0.000912414,1.43443e-05
0.000914518,1.44105e-05
0.000916627,1.4477e-05
0.00091874,1.45439e-05
0.000920858,1.4611e-05
0.000922982,1.46785e-05
0.00092511,1.47462e-05
0.000927243,1.48143e-05
0.000929381,1.48827e-05
0.000931524,1.49514e-05
0.000933671,1.50205e-05
0.000935824,1.50898e-05
0.000937982,1.51595e-05
0.000940145,1.52294e-05
0.000942312,1.52998e-05
0.000944485,1.53704e-05
0.000946663,1.54414e-05
0.000948845,1.55126e-05
0.000951033,1.55843e-05
0.000953226,1.56562e-05
0.000955424,1.57285e-05
0.000957627,1.58011e-05
0.000959835,1.5874e-05
0.000962048,1.59473e-05
0.000964266,1.6021e-05
0.000966489,1.60949e-05
0.000968718,1.61692e-05
0.000970951,1.62439e-05
0.00097319,1.63189e-05
0.000975434,1.63942e-05
0.000977683,1.64699e-05
0.000979937,1.65459e-05
0.000982197,1.66223e-05
0.000984461,1.66991e-05
0.000986731,1.67761e-05
0.000989006,1.68536e-05
0.000991287,1.69314e-05
0.000993572,1.70096e-05
0.000995863,1.70881e-05
0.000998159,1.7167e-05
0.00100046,1.72462e-05
0.00100277,1.73259e-05
0.00100508,1.74059e-05
0.0010074,1.74862e-05
0.00100972,1.75669e-05
0.00101205,1.7648e-05
0.00101438,1.77295e-05
0.00101672,1.78114e-05
0.00101906,1.78936e-05
0.00102141,1.79762e-05
0.00102377,1.80592e-05
0.00102613,1.81426e-05
0.0010285,1.82263e-05
0.00103087,1.83105e-05
0.00103324,1.8395e-05
0.00103563,1.84799e-05
0.00103801,1.85652e-05
0.00104041,1.8651e-05
0.00104281,1.87371e-05
0.00104521,1.88236e-05
0.00104762,1.89105e-05
0.00105004,1.89978e-05
0.00105246,1.90855e-05
0.00105488,1.91736e-05
0.00105732,1.92621e-05
0.00105975,1.9351e-05
0.0010622,1.94404e-05
0.00106465,1.95301e-05
0.0010671,1.96203e-05
0.00106956,1.97109e-05
0.00107203,1.98019e-05
0.0010745,1.98933e-05
0.00107698,1.99851e-05
0.00107946,2.00774e-05
0.00108195,2.01701e-05
0.00108444,2.02632e-05
0.00108694,2.03567e-05
0.00108945,2.04507e-05
0.00109196,2.05451e-05
0.00109448,2.064e-05
0.001097,2.07353e-05
0.00109953,2.0831e-05
0.00110207,2.09272e-05
0.00110461,2.10238e-05
0.00110716,2.11208e-05
0.00110971,2.12184e-05
0.00111227,2.13163e-05
0.00111483,2.14147e-05
0.0011174,2.15136e-05
0.00111998,2.16129e-05
0.00112256,2.17127e-05
0.00112515,2.18129e-05
0.00112774,2.19136e-05
0.00113034,2.20148e-05
0.00113295,2.21164e-05
0.00113556,2.22185e-05
0.00113818,2.23211e-05
0.00114081,2.24242e-05
0.00114344,2.25277e-05
0.00114607,2.26317e-05
0.00114871,2.27362e-05
0.00115136,2.28411e-05
0.00115402,2.29466e-05
0.00115668,2.30525e-05
0.00115935,2.3159e-05
0.00116202,2.32659e-05
0.0011647,2.33733e-05
0.00116738,2.34812e-05
0.00117007,2.35896e-05
0.00117277,2.36985e-05
0.00117548,2.38079e-05
0.00117819,2.39178e-05
0.0011809,2.40282e-05
0.00118363,2.41392e-05
0.00118636,2.42506e-05
0.00118909,2.43626e-05
0.00119183,2.4475e-05
0.00119458,2.4588e-05
0.00119733,2.47015e-05
0.0012001,2.48156e-05
0.00120286,2.49302e-05
0.00120564,2.50452e-05
0.00120842,2.51609e-05
0.0012112,2.5277e-05
0.00121399,2.53937e-05
0.00121679,2.5511e-05
0.0012196,2.56287e-05
0.00122241,2.57471e-05
0.00122523,2.58659e-05
0.00122806,2.59853e-05
0.00123089,2.61053e-05
0.00123372,2.62258e-05
0.00123657,2.63469e-05
0.00123942,2.64685e-05
0.00124228,2.65907e-05
0.00124514,2.67135e-05
0.00124801,2.68368e-05
0.00125089,2.69607e-05
0.00125378,2.70852e-05
0.00125667,2.72102e-05
0.00125956,2.73358e-05
0.00126247,2.7462e-05
0.00126538,2.75888e-05
0.0012683,2.77162e-05
0.00127122,2.78441e-05
0.00127415,2.79727e-05
0.00127709,2.81018e-05
0.00128003,2.82316e-05
0.00128299,2.83619e-05
0.00128594,2.84928e-05
0.00128891,2.86244e-05
0.00129188,2.87565e-05
0.00129486,2.88893e-05
0.00129784,2.90227e-05
0.00130084,2.91566e-05
0.00130384,2.92913e-05
0.00130684,2.94265e-05
0.00130986,2.95623e-05
0.00131288,2.96988e-05
0.0013159,2.98359e-05
0.00131894,2.99737e-05
0.00132198,3.0112e-05
0.00132503,3.02511e-05
0.00132808,3.03907e-05
0.00133114,3.0531e-05
0.00133421,3.0672e-05
0.00133729,3.08136e-05
0.00134037,3.09558e-05
0.00134346,3.10987e-05
0.00134656,3.12423e-05
0.00134967,3.13865e-05
0.00135278,3.15314e-05
0.0013559,3.1677e-05
0.00135902,3.18233e-05
0.00136216,3.19702e-05
0.0013653,3.21178e-05
0.00136844,3.2266e-05
0.0013716,3.2415e-05
0.00137476,3.25647e-05
0.00137793,3.2715e-05
0.00138111,3.2866e-05
0.00138429,3.30178e-05
0.00138749,3.31702e-05
0.00139068,3.33233e-05
0.00139389,3.34772e-05
0.0013971,3.36317e-05
0.00140033,3.3787e-05
0.00140356,3.3943e-05
0.00140679,3.40997e-05
0.00141003,3.42571e-05
0.00141329,3.44152e-05
0.00141654,3.45741e-05
0.00141981,3.47337e-05
0.00142308,3.48941e-05
0.00142637,3.50552e-05
0.00142965,3.5217e-05
0.00143295,3.53796e-05
0.00143625,3.55429e-05
0.00143957,3.5707e-05
0.00144289,3.58719e-05
0.00144621,3.60375e-05
0.00144955,3.62039e-05
0.00145289,3.6371e-05
0.00145624,3.65389e-05
0.0014596,3.67076e-05
0.00146296,3.68771e-05
0.00146634,3.70473e-05
0.00146972,3.72183e-05
0.0014731,3.73902e-05
0.0014765,3.75628e-05
0.00147991,3.77362e-05
0.00148332,3.79104e-05
0.00148674,3.80854e-05
0.00149017,3.82613e-05
0.0014936,3.84379e-05
0.00149705,3.86153e-05
0.0015005,3.87936e-05
0.00150396,3.89727e-05
0.00150742,3.91526e-05
0.0015109,3.93334e-05
0.00151438,3.9515e-05
0.00151788,3.96974e-05
0.00152138,3.98807e-05
0.00152488,4.00648e-05
0.0015284,4.02498e-05
0.00153192,4.04356e-05
0.00153546,4.06222e-05
0.001539,4.08098e-05
0.00154254,4.09982e-05
0.0015461,4.11875e-05
0.00154967,4.13776e-05
0.00155324,4.15686e-05
0.00155682,4.17605e-05
0.00156041,4.19533e-05
0.00156401,4.2147e-05
0.00156761,4.23416e-05
0.00157123,4.25371e-05
0.00157485,4.27334e-05
0.00157848,4.29307e-05
0.00158212,4.31289e-05
0.00158577,4.3328e-05
0.00158943,4.35281e-05
0.00159309,4.3729e-05
0.00159676,4.39309e-05
0.00160045,4.41337e-05
0.00160414,4.43375e-05
0.00160783,4.45421e-05
0.00161154,4.47478e-05
0.00161526,4.49544e-05
0.00161898,4.51619e-05
0.00162271,4.53704e-05
0.00162646,4.55798e-05
0.00163021,4.57903e-05
0.00163396,4.60017e-05
0.00163773,4.6214e-05
0.00164151,4.64274e-05
0.00164529,4.66417e-05
0.00164909,4.68571e-05
0.00165289,4.70734e-05
0.0016567,4.72907e-05
0.00166052,4.7509e-05
0.00166435,4.77283e-05
0.00166819,4.79487e-05
0.00167203,4.817e-05
0.00167589,4.83924e-05
0.00167975,4.86158e-05
0.00168362,4.88403e-05
0.00168751,4.90658e-05
0.0016914,4.92923e-05
0.0016953,4.95198e-05
0.00169921,4.97484e-05
0.00170312,4.99781e-05
0.00170705,5.02088e-05
0.00171099,5.04406e-05
0.00171493,5.06735e-05
0.00171889,5.09074e-05
0.00172285,5.11425e-05
0.00172682,5.13786e-05
0.0017308,5.16158e-05
0.00173479,5.18541e-05
0.00173879,5.20934e-05
0.0017428,5.23339e-05
0.00174682,5.25755e-05
0.00175085,5.28183e-05
0.00175489,5.30621e-05
0.00175893,5.33071e-05
0.00176299,5.35532e-05
0.00176705,5.38004e-05
0.00177113,5.40488e-05
0.00177521,5.42983e-05
0.0017793,5.4549e-05
0.00178341,5.48008e-05
0.00178752,5.50538e-05
0.00179164,5.53079e-05
0.00179577,5.55633e-05
0.00179991,5.58198e-05
0.00180406,5.60775e-05
0.00180822,5.63364e-05
0.00181239,5.65965e-05
0.00181657,5.68577e-05
0.00182076,5.71202e-05
0.00182496,5.73839e-05
0.00182916,5.76488e-05
0.00183338,5.7915e-05
0.00183761,5.81824e-05
0.00184184,5.8451e-05
0.00184609,5.87208e-05
0.00185035,5.89919e-05
0.00185461,5.92642e-05
0.00185889,5.95378e-05
0.00186318,5.98127e-05
0.00186747,6.00888e-05
0.00187178,6.03662e-05
0.00187609,6.06449e-05
0.00188042,6.09249e-05
0.00188476,6.12061e-05
0.0018891,6.14887e-05
0.00189346,6.17726e-05
0.00189782,6.20578e-05
0.0019022,6.23443e-05
0.00190658,6.26321e-05
0.00191098,6.29212e-05
0.00191539,6.32117e-05
0.0019198,6.35035e-05
0.00192423,6.37967e-05
0.00192867,6.40912e-05
0.00193311,6.43871e-05
0.00193757,6.46843e-05
0.00194204,6.4983e-05
0.00194652,6.5283e-05
0.001951,6.55843e-05
0.0019555,6.58871e-05
0.00196001,6.61913e-05
0.00196453,6.64969e-05
0.00196906,6.68038e-05
0.0019736,6.71122e-05
0.00197815,6.74221e-05
0.00198271,6.77333e-05
0.00198728,6.8046e-05
0.00199186,6.83602e-05
0.00199646,6.86758e-05
0.00200106,6.89928e-05
0.00200567,6.93113e-05
0.0020103,6.96313e-05
0.00201493,6.99527e-05
0.00201958,7.02757e-05
0.00202424,7.06001e-05
0.0020289,7.0926e-05
0.00203358,7.12535e-05
0.00203827,7.15824e-05
0.00204297,7.19129e-05
0.00204768,7.22449e-05
0.0020524,7.25784e-05
0.00205713,7.29135e-05
0.00206188,7.32501e-05
0.00206663,7.35882e-05
0.0020714,7.3928e-05
0.00207617,7.42692e-05
0.00208096,7.46121e-05
0.00208576,7.49566e-05
0.00209057,7.53026e-05
0.00209539,7.56502e-05
0.00210022,7.59995e-05
0.00210506,7.63503e-05
0.00210991,7.67028e-05
0.00211478,7.70569e-05
0.00211966,7.74127e-05
0.00212454,7.777e-05
0.00212944,7.81291e-05
0.00213435,7.84897e-05
0.00213927,7.88521e-05
0.0021442,7.92161e-05
0.00214915,7.95818e-05
0.0021541,7.99492e-05
0.00215907,8.03183e-05
0.00216405,8.06891e-05
0.00216904,8.10616e-05
0.00217404,8.14358e-05
0.00217905,8.18118e-05
0.00218408,8.21895e-05
0.00218911,8.25689e-05
0.00219416,8.29501e-05
0.00219922,8.3333e-05
0.00220429,8.37177e-05
0.00220937,8.41042e-05
0.00221447,8.44925e-05
0.00221957,8.48825e-05
0.00222469,8.52744e-05
0.00222982,8.56681e-05
0.00223496,8.60636e-05
0.00224011,8.64609e-05
0.00224528,8.686e-05
0.00225046,8.7261e-05
0.00225564,8.76638e-05
0.00226085,8.80685e-05
0.00226606,8.84751e-05
0.00227128,8.88836e-05
0.00227652,8.92939e-05
0.00228177,8.97061e-05
0.00228703,9.01202e-05
0.0022923,9.05363e-05
0.00229759,9.09543e-05
0.00230289,9.13741e-05
0.0023082,9.1796e-05
0.00231352,9.22197e-05
0.00231885,9.26455e-05
0.0023242,9.30732e-05
0.00232956,9.35029e-05
0.00233493,9.39345e-05
0.00234031,9.43682e-05
0.00234571,9.48038e-05
0.00235112,9.52415e-05
0.00235654,9.56811e-05
0.00236197,9.61229e-05
0.00236742,9.65666e-05
0.00237288,9.70124e-05
0.00237835,9.74603e-05
0.00238383,9.79102e-05
0.00238933,9.83622e-05
0.00239484,9.88163e-05
0.00240036,9.92725e-05
0.00240589,9.97308e-05
0.00241144,0.000100191
0.002417,0.000100654
0.00242257,0.000101118
0.00242816,0.000101585
0.00243376,0.000102054
0.00243937,0.000102525
0.00244499,0.000102999
0.00245063,0.000103474
0.00245628,0.000103952
0.00246194,0.000104432
0.00246762,0.000104914
0.00247331,0.000105398
0.00247901,0.000105885
0.00248473,0.000106373
0.00249046,0.000106865
0.0024962,0.000107358
0.00250196,0.000107853
0.00250772,0.000108351
0.00251351,0.000108852
0.0025193,0.000109354
0.00252511,0.000109859
0.00253093,0.000110366
0.00253677,0.000110876
0.00254262,0.000111387
0.00254848,0.000111902
0.00255436,0.000112418
0.00256025,0.000112937
0.00256615,0.000113459
0.00257207,0.000113982
0.002578,0.000114509
0.00258394,0.000115037
0.0025899,0.000115568
0.00259587,0.000116102
0.00260185,0.000116638
0.00260785,0.000117176
0.00261387,0.000117717
0.00261989,0.000118261
0.00262593,0.000118806
0.00263199,0.000119355
0.00263806,0.000119906
0.00264414,0.000120459
0.00265024,0.000121016
0.00265635,0.000121574
0.00266247,0.000122135
0.00266861,0.000122699
0.00267476,0.000123266
0.00268093,0.000123835
0.00268711,0.000124406
0.00269331,0.000124981
0.00269952,0.000125558
0.00270574,0.000126137
0.00271198,0.00012672
0.00271823,0.000127305
0.0027245,0.000127892
0.00273078,0.000128483
0.00273708,0.000129076
0.00274339,0.000129672
0.00274972,0.00013027
0.00275606,0.000130872
0.00276241,0.000131476
0.00276878,0.000132083
0.00277516,0.000132693
0.00278156,0.000133305
0.00278798,0.000133921
0.0027944,0.000134539
0.00280085,0.00013516
0.00280731,0.000135784
0.00281378,0.000136411
0.00282027,0.00013704
0.00282677,0.000137673
0.00283329,0.000138309
0.00283982,0.000138947
0.00284637,0.000139589
0.00285293,0.000140233
0.00285951,0.00014088
0.0028661,0.000141531
0.00287271,0.000142184
0.00287933,0.00014284
0.00288597,0.0001435
0.00289263,0.000144162
0.0028993,0.000144828
0.00290598,0.000145496
0.00291268,0.000146168
0.0029194,0.000146843
0.00292613,0.000147521
0.00293287,0.000148202
0.00293964,0.000148886
0.00294641,0.000149573
0.00295321,0.000150264
0.00296002,0.000150957
0.00296684,0.000151654
0.00297368,0.000152354
0.00298054,0.000153058
0.00298741,0.000153764
0.0029943,0.000154474
0.0030012,0.000155187
0.00300812,0.000155903
0.00301506,0.000156623
0.00302201,0.000157346
0.00302898,0.000158073
0.00303596,0.000158802
0.00304296,0.000159535
0.00304998,0.000160272
0.00305701,0.000161012
0.00306406,0.000161755
0.00307112,0.000162502
0.00307821,0.000163252
0.0030853,0.000164005
0.00309242,0.000164763
0.00309955,0.000165523
0.00310669,0.000166287
0.00311386,0.000167055
0.00312104,0.000167826
0.00312823,0.000168601
0.00313545,0.000169379
0.00314267,0.000170161
0.00314992,0.000170947
0.00315718,0.000171736
0.00316446,0.000172529
0.00317176,0.000173325
0.00317907,0.000174125
0.0031864,0.000174929
0.00319375,0.000175736
0.00320111,0.000176548
0.00320849,0.000177363
0.00321589,0.000178181
0.00322331,0.000179004
0.00323074,0.00017983
0.00323819,0.00018066
0.00324565,0.000181494
0.00325314,0.000182332
0.00326064,0.000183174
0.00326816,0.00018402
0.00327569,0.000184869
0.00328324,0.000185722
0.00329081,0.00018658
0.0032984,0.000187441
0.00330601,0.000188306
0.00331363,0.000189176
0.00332127,0.000190049
0.00332893,0.000190926
0.0033366,0.000191808
0.0033443,0.000192693
0.00335201,0.000193583
0.00335974,0.000194476
0.00336748,0.000195374
0.00337525,0.000196276
0.00338303,0.000197182
0.00339083,0.000198092
0.00339865,0.000199007
0.00340648,0.000199925
0.00341434,0.000200848
0.00342221,0.000201775
0.0034301,0.000202707
0.00343801,0.000203643
0.00344594,0.000204583
0.00345388,0.000205527
0.00346185,0.000206476
0.00346983,0.000207429
0.00347783,0.000208386
0.00348585,0.000209348
0.00349389,0.000210315
0.00350194,0.000211286
0.00351002,0.000212261
0.00351811,0.000213241
0.00352622,0.000214225
0.00353435,0.000215214
0.0035425,0.000216208
0.00355067,0.000217206
0.00355885,0.000218208
0.00356706,0.000219216
0.00357528,0.000220228
0.00358353,0.000221244
0.00359179,0.000222266
0.00360007,0.000223292
0.00360837,0.000224322
0.00361669,0.000225358
0.00362503,0.000226398
0.00363339,0.000227443
0.00364177,0.000228493
0.00365016,0.000229548
0.00365858,0.000230608
0.00366702,0.000231672
0.00367547,0.000232741
0.00368395,0.000233816
0.00369244,0.000234895
0.00370095,0.00023598
0.00370949,0.000237069
0.00371804,0.000238163
0.00372661,0.000239263
0.00373521,0.000240367
0.00374382,0.000241477
0.00375245,0.000242591
0.0037611,0.000243711
0.00376977,0.000244836
0.00377847,0.000245966
0.00378718,0.000247102
0.00379591,0.000248242
0.00380466,0.000249388
0.00381343,0.00025054
0.00382223,0.000251696
0.00383104,0.000252858
0.00383987,0.000254025
0.00384873,0.000255198
0.0038576,0.000256376
0.0038665,0.000257559
0.00387541,0.000258748
0.00388435,0.000259943
0.0038933,0.000261143
0.00390228,0.000262348
0.00391128,0.000263559
0.00392029,0.000264776
0.00392933,0.000265998
0.00393839,0.000267226
0.00394747,0.000268459
0.00395658,0.000269699
0.0039657,0.000270943
0.00397484,0.000272194
0.00398401,0.000273451
0.00399319,0.000274713
0.0040024,0.000275981
0.00401163,0.000277255
0.00402088,0.000278535
0.00403015,0.000279821
0.00403944,0.000281112
0.00404875,0.00028241
0.00405809,0.000283713
0.00406745,0.000285023
0.00407682,0.000286339
0.00408622,0.000287661
0.00409565,0.000288988
0.00410509,0.000290322
0.00411455,0.000291663
0.00412404,0.000293009
0.00413355,0.000294361
0.00414308,0.00029572
0.00415263,0.000297085
0.00416221,0.000298457
0.00417181,0.000299834
0.00418142,0.000301218
0.00419107,0.000302609
0.00420073,0.000304006
0.00421041,0.000305409
0.00422012,0.000306819
0.00422985,0.000308235
0.00423961,0.000309658
0.00424938,0.000311087
0.00425918,0.000312523
0.004269,0.000313966
0.00427884,0.000315415
0.00428871,0.000316871
0.0042986,0.000318334
0.00430851,0.000319803
0.00431844,0.000321279
0.0043284,0.000322762
0.00433838,0.000324252
0.00434838,0.000325749
0.00435841,0.000327252
0.00436846,0.000328763
0.00437853,0.000330281
0.00438862,0.000331805
0.00439874,0.000333337
0.00440889,0.000334875
0.00441905,0.000336421
0.00442924,0.000337974
0.00443945,0.000339534
0.00444969,0.000341101
0.00445995,0.000342676
0.00447023,0.000344258
0.00448054,0.000345847
0.00449087,0.000347443
0.00450122,0.000349047
0.0045116,0.000350658
0.00452201,0.000352277
0.00453243,0.000353903
0.00454288,0.000355536
0.00455336,0.000357177
0.00456386,0.000358826
0.00457438,0.000360482
0.00458493,0.000362146
0.0045955,0.000363818
0.00460609,0.000365497
0.00461671,0.000367184
0.00462736,0.000368879
0.00463803,0.000370582
0.00464872,0.000372293
0.00465944,0.000374011
0.00467018,0.000375737
0.00468095,0.000377472
0.00469174,0.000379214
0.00470256,0.000380964
0.0047134,0.000382723
0.00472427,0.000384489
0.00473516,0.000386264
0.00474608,0.000388047
0.00475703,0.000389838
0.00476799,0.000391638
0.00477899,0.000393445
0.00479001,0.000395262
0.00480105,0.000397086
0.00481212,0.000398919
0.00482322,0.00040076
0.00483434,0.00040261
0.00484548,0.000404468
0.00485666,0.000406335
0.00486785,0.000408211
0.00487908,0.000410095
0.00489033,0.000411988
0.0049016,0.00041389
0.0049129,0.0004158
0.00492423,0.000417719
0.00493559,0.000419647
0.00494697,0.000421584
0.00495837,0.00042353
0.0049698,0.000425485
0.00498126,0.000427449
0.00499275,0.000429422
0.00500426,0.000431404
0.0050158,0.000433395
0.00502736,0.000435396
0.00503895,0.000437405
0.00505057,0.000439424
0.00506222,0.000441453
0.00507389,0.00044349
0.00508559,0.000445537
0.00509731,0.000447594
0.00510907,0.00044966
0.00512085,0.000451735
0.00513265,0.00045382
0.00514449,0.000455915
0.00515635,0.000458019
0.00516824,0.000460133
0.00518016,0.000462257
0.0051921,0.000464391
0.00520407,0.000466534
0.00521607,0.000468688
0.0052281,0.000470851
0.00524015,0.000473024
0.00525223,0.000475207
0.00526434,0.000477401
0.00527648,0.000479604
0.00528865,0.000481818
0.00530084,0.000484042
0.00531306,0.000486276
0.00532531,0.00048852
0.00533759,0.000490775
0.0053499,0.00049304
0.00536224,0.000495316
0.0053746,0.000497602
0.00538699,0.000499899
0.00539941,0.000502206
0.00541186,0.000504524
0.00542434,0.000506853
0.00543685,0.000509192
0.00544938,0.000511542
0.00546195,0.000513903
0.00547454,0.000516275
0.00548716,0.000518658
0.00549981,0.000521052
0.0055125,0.000523457
0.00552521,0.000525873
0.00553795,0.0005283
0.00555071,0.000530739
0.00556351,0.000533188
0.00557634,0.000535649
0.0055892,0.000538121
0.00560208,0.000540605
0.005615,0.0005431
0.00562795,0.000545607
0.00564092,0.000548125
0.00565393,0.000550655
0.00566697,0.000553197
0.00568003,0.00055575
0.00569313,0.000558315
0.00570626,0.000560892
0.00571941,0.00056348
0.0057326,0.000566081
0.00574582,0.000568694
0.00575907,0.000571319
0.00577234,0.000573955
0.00578565,0.000576604
0.00579899,0.000579266
0.00581236,0.000581939
0.00582577,0.000584625
0.0058392,0.000587323
0.00585266,0.000590034
0.00586616,0.000592757
0.00587968,0.000595493
0.00589324,0.000598241
0.00590683,0.000601002
0.00592045,0.000603776
0.0059341,0.000606563
0.00594778,0.000609362
0.00596149,0.000612175
0.00597524,0.000615
0.00598902,0.000617839
0.00600282,0.00062069
0.00601667,0.000623555
0.00603054,0.000626433
0.00604444,0.000629324
0.00605838,0.000632228
0.00607235,0.000635146
0.00608635,0.000638077
0.00610038,0.000641022
0.00611445,0.000643981
0.00612855,0.000646953
0.00614268,0.000649939
0.00615684,0.000652938
0.00617104,0.000655952
0.00618526,0.000658979
0.00619953,0.00066202
0.00621382,0.000665076
0.00622815,0.000668145
0.00624251,0.000671229
0.0062569,0.000674327
0.00627133,0.000677439
0.00628579,0.000680565
0.00630028,0.000683706
0.00631481,0.000686862
0.00632937,0.000690031
0.00634396,0.000693216
0.00635859,0.000696415
0.00637325,0.000699629
0.00638794,0.000702858
0.00640267,0.000706102
0.00641743,0.000709361
0.00643223,0.000712634
0.00644706,0.000715923
0.00646193,0.000719227
0.00647683,0.000722547
0.00649176,0.000725881
0.00650673,0.000729231
0.00652173,0.000732597
0.00653677,0.000735977
0.00655184,0.000739374
0.00656695,0.000742786
0.00658209,0.000746214
0.00659726,0.000749658
0.00661248,0.000753118
0.00662772,0.000756593
0.006643,0.000760085
0.00665832,0.000763593
0.00667367,0.000767117
0.00668906,0.000770657
0.00670448,0.000774213
0.00671994,0.000777786
0.00673544,0.000781376
0.00675097,0.000784982
0.00676653,0.000788604
0.00678213,0.000792244
0.00679777,0.0007959
0.00681344,0.000799573
0.00682915,0.000803263
0.0068449,0.000806969
0.00686068,0.000810693
0.0068765,0.000814435
0.00689236,0.000818193
0.00690825,0.000821969
0.00692418,0.000825762
0.00694014,0.000829573
0.00695614,0.000833401
0.00697218,0.000837247
0.00698826,0.000841111
0.00700437,0.000844992
0.00702052,0.000848892
0.00703671,0.000852809
0.00705293,0.000856745
0.00706919,0.000860698
0.00708549,0.00086467
0.00710183,0.000868661
0.0071182,0.000872669
0.00713462,0.000876696
0.00715107,0.000880742
0.00716756,0.000884806
0.00718408,0.000888889
0.00720065,0.000892991
0.00721725,0.000897112
0.00723389,0.000901252
0.00725057,0.000905411
0.00726729,0.000909589
0.00728404,0.000913786
0.00730084,0.000918003
0.00731767,0.000922239
0.00733454,0.000926495
0.00735145,0.00093077
0.0073684,0.000935066
0.00738539,0.00093938
0.00740242,0.000943715
0.00741949,0.00094807
0.0074366,0.000952445
0.00745374,0.00095684
0.00747093,0.000961255
0.00748816,0.000965691
0.00750542,0.000970147
0.00752273,0.000974624
0.00754007,0.000979121
0.00755746,0.000983639
0.00757488,0.000988178
0.00759235,0.000992738
0.00760985,0.000997319
0.0076274,0.00100192
0.00764499,0.00100654
0.00766261,0.00101119
0.00768028,0.00101585
0.00769799,0.00102054
0.00771574,0.00102525
0.00773353,0.00102998
0.00775136,0.00103474
0.00776923,0.00103951
0.00778715,0.00104431
0.0078051,0.00104913
0.0078231,0.00105397
0.00784113,0.00105883
0.00785921,0.00106372
0.00787733,0.00106862
0.0078955,0.00107355
0.0079137,0.00107851
0.00793195,0.00108348
0.00795024,0.00108848
0.00796857,0.00109351
0.00798694,0.00109855
0.00800536,0.00110362
0.00802381,0.00110871
0.00804231,0.00111383
0.00806086,0.00111897
0.00807944,0.00112413
0.00809807,0.00112932
0.00811674,0.00113453
0.00813546,0.00113976
0.00815422,0.00114502
0.00817302,0.00115031
0.00819186,0.00115561
0.00821075,0.00116095
0.00822968,0.0011663
0.00824866,0.00117168
0.00826768,0.00117709
0.00828674,0.00118252
0.00830585,0.00118798
0.008325,0.00119346
0.00834419,0.00119896
0.00836343,0.0012045
0.00838271,0.00121005
0.00840204,0.00121564
0.00842142,0.00122125
0.00844083,0.00122688
0.00846029,0.00123254
0.0084798,0.00123823
0.00849935,0.00124394
0.00851895,0.00124968
0.00853859,0.00125545
0.00855828,0.00126124
0.00857801,0.00126706
0.00859779,0.0012729
0.00861761,0.00127878
0.00863748,0.00128468
0.0086574,0.0012906
0.00867736,0.00129656
0.00869737,0.00130254
0.00871742,0.00130855
0.00873752,0.00131459
0.00875767,0.00132065
0.00877786,0.00132674
0.0087981,0.00133287
0.00881839,0.00133902
0.00883872,0.00134519
0.0088591,0.0013514
0.00887952,0.00135763
0.0089,0.0013639
0.00892052,0.00137019
0.00894109,0.00137651
0.0089617,0.00138286
0.00898236,0.00138924
0.00900308,0.00139565
0.00902383,0.00140209
0.00904464,0.00140856
0.00906549,0.00141506
0.0090864,0.00142158
0.00910735,0.00142814
0.00912835,0.00143473
0.00914939,0.00144135
0.00917049,0.001448
0.00919163,0.00145468
0.00921283,0.00146139
0.00923407,0.00146813
0.00925536,0.00147491
0.0092767,0.00148171
0.00929809,0.00148855
0.00931953,0.00149541
0.00934102,0.00150231
0.00936255,0.00150924
0.00938414,0.0015162
0.00940578,0.0015232
0.00942746,0.00153023
0.0094492,0.00153728
0.00947099,0.00154438
0.00949283,0.0015515
0.00951471,0.00155866
0.00953665,0.00156585
0.00955864,0.00157307
0.00958068,0.00158033
0.00960277,0.00158762
0.00962491,0.00159494
0.0096471,0.0016023
0.00966935,0.00160969
0.00969164,0.00161712
0.00971399,0.00162458
0.00973638,0.00163207
0.00975883,0.0016396
0.00978133,0.00164716
0.00980389,0.00165476
0.00982649,0.00166239
0.00984915,0.00167006
0.00987186,0.00167777
0.00989462,0.00168551
0.00991743,0.00169328
0.0099403,0.00170109
0.00996322,0.00170894
0.00998619,0.00171682
0.0100092,0.00172474
0.0100323,0.0017327
0.0100554,0.00174069
0.0100786,0.00174872
0.0101018,0.00175678
0.0101251,0.00176489
0.0101485,0.00177303
0.0101719,0.00178121
0.0101953,0.00178942
0.0102188,0.00179768
0.0102424,0.00180597
0.010266,0.0018143
0.0102897,0.00182267
0.0103134,0.00183107
0.0103372,0.00183952
0.010361,0.001848
0.0103849,0.00185653
0.0104089,0.00186509
0.0104329,0.00187369
0.0104569,0.00188234
0.010481,0.00189102
0.0105052,0.00189974
0.0105294,0.0019085
0.0105537,0.0019173
0.010578,0.00192615
0.0106024,0.00193503
0.0106269,0.00194396
0.0106514,0.00195292
0.0106759,0.00196193
0.0107005,0.00197098
0.0107252,0.00198007
0.0107499,0.0019892
0.0107747,0.00199837
0.0107996,0.00200759
0.0108245,0.00201685
0.0108494,0.00202615
0.0108744,0.0020355
0.0108995,0.00204488
0.0109247,0.00205432
0.0109498,0.00206379
0.0109751,0.00207331
0.0110004,0.00208287
0.0110258,0.00209248
0.0110512,0.00210213
0.0110767,0.00211182
0.0111022,0.00212156
0.0111278,0.00213134
0.0111535,0.00214117
0.0111792,0.00215105
0.0112049,0.00216097
0.0112308,0.00217093
0.0112567,0.00218095
0.0112826,0.002191
0.0113086,0.00220111
0.0113347,0.00221126
0.0113609,0.00222146
0.0113871,0.0022317
0.0114133,0.00224199
0.0114396,0.00225233
0.011466,0.00226272
0.0114924,0.00227315
0.0115189,0.00228363
0.0115455,0.00229416
0.0115721,0.00230474
0.0115988,0.00231537
0.0116255,0.00232605
0.0116523,0.00233677
0.0116792,0.00234755
0.0117061,0.00235838
0.0117331,0.00236925
0.0117602,0.00238018
0.0117873,0.00239115
0.0118145,0.00240218
0.0118417,0.00241325
0.011869,0.00242438
0.0118964,0.00243556
0.0119238,0.00244679
0.0119513,0.00245807
0.0119789,0.00246941
0.0120065,0.00248079
0.0120342,0.00249223
0.0120619,0.00250372
0.0120897,0.00251527
0.0121176,0.00252687
0.0121455,0.00253852
0.0121735,0.00255022
0.0122016,0.00256198
0.0122297,0.00257379
0.0122579,0.00258566
0.0122862,0.00259758
0.0123145,0.00260956
0.0123429,0.00262159
0.0123714,0.00263368
0.0123999,0.00264582
0.0124285,0.00265802
0.0124572,0.00267027
0.0124859,0.00268259
0.0125147,0.00269495
0.0125435,0.00270738
0.0125724,0.00271986
0.0126014,0.0027324
0.0126305,0.002745
0.0126596,0.00275765
0.0126888,0.00277037
0.0127181,0.00278314
0.0127474,0.00279597
0.0127768,0.00280886
0.0128062,0.00282181
0.0128358,0.00283482
0.0128654,0.00284789
0.012895,0.00286102
0.0129248,0.00287421
0.0129546,0.00288746
0.0129844,0.00290077
0.0130144,0.00291414
0.0130444,0.00292757
0.0130744,0.00294107
0.0131046,0.00295463
0.0131348,0.00296825
0.0131651,0.00298193
0.0131954,0.00299568
0.0132259,0.00300949
0.0132564,0.00302336
0.0132869,0.0030373
0.0133176,0.0030513
0.0133483,0.00306536
0.0133791,0.00307949
0.0134099,0.00309369
0.0134408,0.00310795
0.0134718,0.00312227
0.0135029,0.00313667
0.013534,0.00315112
0.0135652,0.00316565
0.0135965,0.00318024
0.0136278,0.0031949
0.0136593,0.00320963
0.0136908,0.00322442
0.0137223,0.00323928
0.013754,0.00325421
0.0137857,0.00326921
0.0138175,0.00328428
0.0138493,0.00329942
0.0138812,0.00331463
0.0139133,0.0033299
0.0139453,0.00334525
0.0139775,0.00336067
0.0140097,0.00337616
0.014042,0.00339172
0.0140744,0.00340735
0.0141068,0.00342305
0.0141394,0.00343883
0.014172,0.00345468
0.0142046,0.0034706
0.0142374,0.00348659
0.0142702,0.00350266
0.0143031,0.0035188
0.0143361,0.00353502
0.0143692,0.00355131
0.0144023,0.00356768
0.0144355,0.00358412
0.0144688,0.00360064
0.0145021,0.00361723
0.0145356,0.0036339
0.0145691,0.00365065
0.0146027,0.00366747
0.0146364,0.00368437
0.0146701,0.00370135
0.0147039,0.0037184
0.0147378,0.00373554
0.0147718,0.00375275
0.0148059,0.00377004
0.01484,0.00378742
0.0148742,0.00380487
0.0149085,0.0038224
0.0149429,0.00384001
0.0149774,0.00385771
0.0150119,0.00387548
0.0150465,0.00389334
0.0150812,0.00391128
0.015116,0.0039293
0.0151508,0.00394741
0.0151858,0.00396559
0.0152208,0.00398387
0.0152559,0.00400222
0.015291,0.00402066
0.0153263,0.00403919
0.0153616,0.0040578
0.015397,0.00407649
0.0154325,0.00409527
0.0154681,0.00411414
0.0155038,0.00413309
0.0155395,0.00415214
0.0155754,0.00417127
0.0156113,0.00419048
0.0156473,0.00420979
0.0156834,0.00422918
0.0157195,0.00424867
0.0157558,0.00426824
0.0157921,0.0042879
0.0158285,0.00430765
0.015865,0.0043275
0.0159016,0.00434743
0.0159382,0.00436746
0.015975,0.00438758
0.0160118,0.00440779
0.0160487,0.0044281
0.0160857,0.00444849
0.0161228,0.00446899
0.01616,0.00448957
0.0161973,0.00451025
0.0162346,0.00453103
0.0162721,0.0045519
0.0163096,0.00457286
0.0163472,0.00459393
0.0163849,0.00461509
0.0164226,0.00463634
0.0164605,0.0046577
0.0164985,0.00467915
0.0165365,0.0047007
0.0165746,0.00472235
0.0166128,0.0047441
0.0166512,0.00476595
0.0166895,0.0047879
0.016728,0.00480995
0.0167666,0.00483211
0.0168053,0.00485436
0.016844,0.00487672
0.0168828,0.00489918
0.0169218,0.00492174
0.0169608,0.00494441
0.0169999,0.00496718
0.0170391,0.00499005
0.0170784,0.00501303
0.0171178,0.00503612
0.0171572,0.00505931
0.0171968,0.0050826
0.0172364,0.00510601
0.0172762,0.00512952
0.017316,0.00515314
0.0173559,0.00517687
0.0173959,0.00520071
0.0174361,0.00522466
0.0174763,0.00524871
0.0175166,0.00527288
0.0175569,0.00529716
0.0175974,0.00532155
0.017638,0.00534605
0.0176787,0.00537067
0.0177194,0.0053954
0.0177603,0.00542024
0.0178012,0.00544519
0.0178423,0.00547026
0.0178834,0.00549545
0.0179247,0.00552075
0.017966,0.00554617
0.0180074,0.0055717
0.0180489,0.00559735
0.0180905,0.00562312
0.0181322,0.00564901
0.0181741,0.00567501
0.018216,0.00570114
0.018258,0.00572738
0.0183001,0.00575375
0.0183423,0.00578023
0.0183845,0.00580684
0.0184269,0.00583357
0.0184694,0.00586042
0.018512,0.0058874
0.0185547,0.0059145
0.0185975,0.00594172
0.0186404,0.00596907
0.0186833,0.00599655
0.0187264,0.00602415
0.0187696,0.00605188
0.0188129,0.00607973
0.0188562,0.00610771
0.0188997,0.00613582
0.0189433,0.00616406
0.018987,0.00619243
0.0190307,0.00622093
0.0190746,0.00624956
0.0191186,0.00627833
0.0191627,0.00630722
0.0192069,0.00633625
0.0192512,0.00636541
0.0192955,0.0063947
0.01934,0.00642413
0.0193846,0.00645369
0.0194293,0.00648339
0.0194741,0.00651322
0.019519,0.00654319
0.019564,0.0065733
0.0196091,0.00660355
0.0196544,0.00663393
0.0196997,0.00666446
0.0197451,0.00669512
0.0197906,0.00672593
0.0198362,0.00675687
0.019882,0.00678796
0.0199278,0.00681919
0.0199738,0.00685057
0.0200198,0.00688208
0.020066,0.00691375
0.0201123,0.00694556
0.0201586,0.00697751
0.0202051,0.00700961
0.0202517,0.00704186
0.0202984,0.00707425
0.0203452,0.00710679
0.0203921,0.00713949
0.0204391,0.00717233
0.0204862,0.00720532
0.0205335,0.00723847
0.0205808,0.00727176
0.0206283,0.00730521
0.0206758,0.00733881
0.0207235,0.00737257
0.0207713,0.00740648
0.0208192,0.00744055
0.0208672,0.00747477
0.0209153,0.00750915
0.0209635,0.00754368
0.0210119,0.00757838
0.0210603,0.00761323
0.0211089,0.00764825
0.0211575,0.00768342
0.0212063,0.00771875
0.0212552,0.00775425
0.0213042,0.00778991
0.0213533,0.00782573
0.0214026,0.00786172
0.0214519,0.00789787
0.0215014,0.00793419
0.021551,0.00797067
0.0216007,0.00800732
0.0216505,0.00804414
0.0217004,0.00808113
0.0217504,0.00811828
0.0218006,0.00815561
0.0218508,0.00819311
0.0219012,0.00823078
0.0219517,0.00826862
0.0220023,0.00830663
0.0220531,0.00834482
0.0221039,0.00838319
0.0221549,0.00842173
0.0222059,0.00846044
0.0222571,0.00849934
0.0223085,0.00853841
0.0223599,0.00857766
0.0224115,0.00861709
0.0224631,0.0086567
0.0225149,0.00869649
0.0225668,0.00873646
0.0226189,0.00877662
0.022671,0.00881696
0.0227233,0.00885748
0.0227757,0.00889819
0.0228282,0.00893909
0.0228808,0.00898017
0.0229336,0.00902144
0.0229865,0.0090629
0.0230395,0.00910455
0.0230926,0.00914639
0.0231458,0.00918842
0.0231992,0.00923065
0.0232527,0.00927306
0.0233063,0.00931568
0.02336,0.00935848
0.0234139,0.00940148
0.0234679,0.00944468
0.023522,0.00948808
0.0235762,0.00953167
0.0236306,0.00957547
0.0236851,0.00961946
0.0237397,0.00966365
0.0237944,0.00970805
0.0238493,0.00975265
0.0239043,0.00979746
0.0239594,0.00984246
0.0240146,0.00988768
0.02407,0.0099331
0.0241255,0.00997873
0.0241811,0.0100246
0.0242369,0.0100706
0.0242928,0.0101169
0.0243488,0.0101633
0.0244049,0.01021
0.0244612,0.0102569
0.0245176,0.010304
0.0245741,0.0103513
0.0246308,0.0103989
0.0246876,0.0104466
0.0247445,0.0104946
0.0248016,0.0105428
0.0248587,0.0105912
0.0249161,0.0106399
0.0249735,0.0106887
0.0250311,0.0107378
0.0250888,0.0107871
0.0251466,0.0108366
0.0252046,0.0108864
0.0252627,0.0109364
0.025321,0.0109866
0.0253794,0.011037
0.0254379,0.0110877
0.0254965,0.0111386
0.0255553,0.0111897
0.0256143,0.0112411
0.0256733,0.0112927
0.0257325,0.0113445
0.0257918,0.0113966
0.0258513,0.0114489
0.0259109,0.0115015
0.0259707,0.0115543
0.0260305,0.0116073
0.0260906,0.0116606
0.0261507,0.0117141
0.026211,0.0117679
0.0262714,0.0118219
0.026332,0.0118761
0.0263927,0.0119306
0.0264536,0.0119854
0.0265146,0.0120404
0.0265757,0.0120956
0.026637,0.0121511
0.0266984,0.0122069
0.02676,0.0122629
0.0268217,0.0123191
0.0268835,0.0123757
0.0269455,0.0124324
0.0270076,0.0124895
0.0270699,0.0125468
0.0271323,0.0126043
0.0271949,0.0126622
0.0272576,0.0127202
0.0273204,0.0127786
0.0273834,0.0128372
0.0274465,0.0128961
0.0275098,0.0129552
0.0275733,0.0130147
0.0276368,0.0130743
0.0277006,0.0131343
0.0277644,0.0131945
0.0278284,0.0132551
0.0278926,0.0133158
0.0279569,0.0133769
0.0280214,0.0134382
0.028086,0.0134999
0.0281507,0.0135618
0.0282157,0.0136239
0.0282807,0.0136864
0.0283459,0.0137492
0.0284113,0.0138122
0.0284768,0.0138755
0.0285424,0.0139391
0.0286083,0.014003
0.0286742,0.0140672
0.0287403,0.0141317
0.0288066,0.0141965
0.028873,0.0142616
0.0289396,0.0143269
0.0290063,0.0143926
0.0290732,0.0144586
0.0291402,0.0145248
0.0292074,0.0145914
0.0292748,0.0146582
0.0293423,0.0147254
0.0294099,0.0147929
0.0294777,0.0148607
0.0295457,0.0149288
0.0296138,0.0149972
0.0296821,0.0150659
0.0297505,0.0151349
0.0298191,0.0152043
0.0298879,0.0152739
0.0299568,0.0153439
0.0300259,0.0154142
0.0300951,0.0154848
0.0301645,0.0155557
0.030234,0.015627
0.0303037,0.0156985
0.0303736,0.0157704
0.0304436,0.0158427
0.0305138,0.0159152
0.0305842,0.0159881
0.0306547,0.0160613
0.0307254,0.0161349
0.0307962,0.0162088
0.0308672,0.016283
0.0309384,0.0163575
0.0310098,0.0164324
0.0310813,0.0165077
0.0311529,0.0165832
0.0312247,0.0166592
0.0312967,0.0167354
0.0313689,0.016812
0.0314412,0.016889
0.0315137,0.0169663
0.0315864,0.0170439
0.0316592,0.017122
0.0317322,0.0172003
0.0318054,0.017279
0.0318787,0.0173581
0.0319522,0.0174376
0.0320259,0.0175173
0.0320997,0.0175975
0.0321737,0.017678
0.0322479,0.0177589
0.0323223,0.0178402
0.0323968,0.0179218
0.0324715,0.0180038
0.0325464,0.0180861
0.0326214,0.0181689
0.0326966,0.018252
0.032772,0.0183355
0.0328476,0.0184193
0.0329233,0.0185036
0.0329992,0.0185882
0.0330753,0.0186732
0.0331516,0.0187586
0.033228,0.0188444
0.0333046,0.0189306
0.0333814,0.0190171
0.0334584,0.0191041
0.0335355,0.0191914
0.0336128,0.0192792
0.0336903,0.0193673
0.033768,0.0194558
0.0338459,0.0195448
0.0339239,0.0196341
0.0340021,0.0197239
0.0340805,0.019814
0.0341591,0.0199046
0.0342379,0.0199955
0.0343168,0.0200869
0.0343959,0.0201787
0.0344753,0.0202709
0.0345547,0.0203636
0.0346344,0.0204566
0.0347143,0.0205501
0.0347943,0.0206439
0.0348745,0.0207383
0.034955,0.020833
0.0350355,0.0209282
0.0351163,0.0210238
0.0351973,0.0211198
0.0352785,0.0212163
0.0353598,0.0213132
0.0354413,0.0214105
0.035523,0.0215083
0.0356049,0.0216065
0.035687,0.0217051
0.0357693,0.0218042
0.0358518,0.0219038
0.0359345,0.0220038
0.0360173,0.0221043
0.0361004,0.0222052
0.0361836,0.0223065
0.036267,0.0224083
0.0363506,0.0225106
0.0364345,0.0226134
0.0365185,0.0227166
0.0366027,0.0228202
0.0366871,0.0229244
0.0367716,0.023029
0.0368564,0.0231341
0.0369414,0.0232396
0.0370266,0.0233456
0.037112,0.0234522
0.0371975,0.0235591
0.0372833,0.0236666
0.0373693,0.0237746
0.0374554,0.023883
0.0375418,0.0239919
0.0376283,0.0241013
0.0377151,0.0242113
0.0378021,0.0243217
0.0378892,0.0244326
0.0379766,0.024544
0.0380641,0.0246559
0.0381519,0.0247683
0.0382399,0.0248812
0.038328,0.0249946
0.0384164,0.0251085
0.038505,0.025223
0.0385938,0.025338
0.0386828,0.0254534
0.038772,0.0255694
0.0388614,0.0256859
0.038951,0.025803
0.0390408,0.0259206
0.0391308,0.0260386
0.039221,0.0261573
0.0393114,0.0262764
0.0394021,0.0263961
0.0394929,0.0265164
0.039584,0.0266371
0.0396753,0.0267585
0.0397667,0.0268803
0.0398584,0.0270027
0.0399503,0.0271257
0.0400424,0.0272492
0.0401348,0.0273733
0.0402273,0.0274979
0.0403201,0.0276231
0.040413,0.0277488
0.0405062,0.0278751
0.0405996,0.028002
0.0406932,0.0281294
0.040787,0.0282574
0.0408811,0.028386
0.0409753,0.0285152
0.0410698,0.0286449
0.0411645,0.0287752
0.0412594,0.0289062
0.0413546,0.0290376
0.0414499,0.0291697
0.0415455,0.0293024
0.0416413,0.0294357
0.0417373,0.0295695
0.0418335,0.029704
0.04193,0.0298391
0.0420266,0.0299748
0.0421235,0.030111
0.0422207,0.0302479
0.042318,0.0303854
0.0424156,0.0305235
0.0425134,0.0306623
0.0426114,0.0308016
0.0427097,0.0309416
0.0428081,0.0310822
0.0429068,0.0312235
0.0430058,0.0313653
0.0431049,0.0315078
0.0432043,0.031651
0.0433039,0.0317947
0.0434038,0.0319391
0.0435039,0.0320842
0.0436042,0.0322299
0.0437047,0.0323763
0.0438055,0.0325233
0.0439065,0.032671
0.0440077,0.0328193
0.0441092,0.0329683
0.0442109,0.0331179
0.0443128,0.0332683
0.044415,0.0334193
0.0445174,0.0335709
0.04462,0.0337233
0.0447229,0.0338763
0.044826,0.03403
0.0449294,0.0341844
0.045033,0.0343395
0.0451368,0.0344952
0.0452409,0.0346517
0.0453452,0.0348089
0.0454498,0.0349667
0.0455545,0.0351253
0.0456596,0.0352846
0.0457649,0.0354445
0.0458704,0.0356052
0.0459761,0.0357666
0.0460821,0.0359287
0.0461884,0.0360916
0.0462949,0.0362552
0.0464016,0.0364194
0.0465086,0.0365845
0.0466159,0.0367502
0.0467233,0.0369167
0.0468311,0.037084
0.0469391,0.0372519
0.0470473,0.0374207
0.0471558,0.0375901
0.0472645,0.0377604
0.0473735,0.0379313
0.0474827,0.0381031
0.0475922,0.0382756
0.0477019,0.0384488
0.0478119,0.0386229
0.0479221,0.0387977
0.0480326,0.0389733
0.0481434,0.0391496
0.0482544,0.0393268
0.0483656,0.0395047
0.0484772,0.0396834
0.0485889,0.0398629
0.048701,0.0400432
0.0488132,0.0402243
0.0489258,0.0404062
0.0490386,0.0405889
0.0491517,0.0407724
0.049265,0.0409568
0.0493786,0.0411419
0.0494924,0.0413279
0.0496066,0.0415146
0.0497209,0.0417022
0.0498356,0.0418907
0.0499505,0.04208
0.0500657,0.0422701
0.0501811,0.042461
0.0502968,0.0426528
0.0504128,0.0428454
0.050529,0.0430389
0.0506455,0.0432333
0.0507623,0.0434285
0.0508793,0.0436245
0.0509966,0.0438214
0.0511142,0.0440192
0.0512321,0.0442179
0.0513502,0.0444174
0.0514686,0.0446178
0.0515873,0.0448191
0.0517062,0.0450213
0.0518254,0.0452244
0.0519449,0.0454284
0.0520647,0.0456333
0.0521847,0.045839
0.0523051,0.0460457
0.0524257,0.0462533
0.0525465,0.0464618
0.0526677,0.0466712
0.0527891,0.0468815
0.0529108,0.0470928
0.0530328,0.047305
0.0531551,0.0475181
0.0532777,0.0477322
0.0534005,0.0479472
0.0535236,0.0481631
0.0536471,0.04838
0.0537708,0.0485978
0.0538947,0.0488166
0.054019,0.0490364
0.0541435,0.0492571
0.0542684,0.0494788
0.0543935,0.0497014
0.0545189,0.0499251
0.0546446,0.0501497
0.0547706,0.0503753
0.0548969,0.0506019
0.0550235,0.0508294
0.0551504,0.051058
0.0552775,0.0512876
0.055405,0.0515181
0.0555327,0.0517497
0.0556608,0.0519823
0.0557891,0.0522159
0.0559177,0.0524506
0.0560467,0.0526862
0.0561759,0.0529229
0.0563054,0.0531606
0.0564352,0.0533994
0.0565654,0.0536392
0.0566958,0.05388
0.0568265,0.0541219
0.0569575,0.0543648
0.0570889,0.0546089
0.0572205,0.0548539
0.0573524,0.0551001
0.0574847,0.0553473
0.0576172,0.0555955
0.05775,0.0558449
0.0578832,0.0560954
0.0580167,0.0563469
0.0581504,0.0565995
0.0582845,0.0568533
0.0584189,0.0571081
0.0585536,0.057364
0.0586886,0.0576211
0.0588239,0.0578793
0.0589595,0.0581386
0.0590955,0.058399
0.0592317,0.0586605
0.0593683,0.0589232
0.0595052,0.059187
0.0596424,0.059452
0.0597799,0.0597181
0.0599178,0.0599853
0.0600559,0.0602538
0.0601944,0.0605233
0.0603332,0.0607941
0.0604723,0.061066
0.0606117,0.0613391
0.0607515,0.0616134
0.0608915,0.0618888
0.0610319,0.0621655
0.0611727,0.0624433
0.0613137,0.0627224
0.0614551,0.0630026
0.0615968,0.0632841
0.0617388,0.0635668
0.0618811,0.0638507
0.0620238,0.0641358
0.0621668,0.0644221
0.0623102,0.0647097
0.0624538,0.0649985
0.0625978,0.0652886
0.0627422,0.0655799
0.0628868,0.0658725
0.0630318,0.0661663
0.0631772,0.0664614
0.0633228,0.0667577
0.0634688,0.0670554
0.0636152,0.0673543
0.0637619,0.0676545
0.0639089,0.0679559
0.0640562,0.0682587
0.0642039,0.0685628
0.064352,0.0688682
0.0645003,0.0691749
0.064649,0.0694829
0.0647981,0.0697922
0.0649475,0.0701028
0.0650973,0.0704148
0.0652474,0.0707281
0.0653978,0.0710427
0.0655486,0.0713587
0.0656997,0.0716761
0.0658512,0.0719948
0.066003,0.0723148
0.0661552,0.0726363
0.0663078,0.0729591
0.0664606,0.0732832
0.0666139,0.0736088
0.0667675,0.0739358
0.0669214,0.0742641
0.0670757,0.0745938
0.0672304,0.074925
0.0673854,0.0752575
0.0675408,0.0755915
0.0676965,0.0759269
0.0678526,0.0762637
0.068009,0.0766019
0.0681658,0.0769416
0.068323,0.0772827
0.0684805,0.0776253
0.0686384,0.0779693
0.0687967,0.0783148
0.0689553,0.0786618
0.0691143,0.0790102
0.0692737,0.0793601
0.0694334,0.0797115
0.0695935,0.0800643
0.0697539,0.0804187
0.0699148,0.0807745
0.070076,0.0811319
0.0702375,0.0814908
0.0703995,0.0818511
0.0705618,0.0822131
0.0707245,0.0825765
0.0708876,0.0829415
0.071051,0.083308
0.0712148,0.083676
0.071379,0.0840456
0.0715436,0.0844168
0.0717086,0.0847895
0.0718739,0.0851638
0.0720396,0.0855396
0.0722057,0.0859171
0.0723722,0.0862961
0.0725391,0.0866767
0.0727063,0.0870589
0.072874,0.0874427
0.073042,0.0878282
0.0732104,0.0882152
0.0733792,0.0886039
0.0735484,0.0889942
0.073718,0.0893861
0.073888,0.0897797
0.0740583,0.0901749
0.0742291,0.0905717
0.0744002,0.0909703
0.0745718,0.0913704
0.0747437,0.0917723
0.0749161,0.0921758
0.0750888,0.092581
0.0752619,0.0929879
0.0754355,0.0933965
0.0756094,0.0938068
0.0757837,0.0942188
0.0759585,0.0946326
0.0761336,0.095048
0.0763091,0.0954652
0.0764851,0.0958841
0.0766614,0.0963047
0.0768382,0.0967271
0.0770154,0.0971512
0.0771929,0.0975771
0.0773709,0.0980047
0.0775493,0.0984342
0.0777281,0.0988654
0.0779073,0.0992983
0.078087,0.0997331
0.078267,0.10017
0.0784475,0.100608
0.0786283,0.101048
0.0788096,0.10149
0.0789913,0.101934
0.0791735,0.10238
0.079356,0.102827
0.079539,0.103276
0.0797224,0.103728
0.0799062,0.104181
0.0800904,0.104636
0.0802751,0.105092
0.0804602,0.105551
0.0806457,0.106011
0.0808317,0.106474
0.081018,0.106938
0.0812048,0.107404
0.0813921,0.107872
0.0815797,0.108342
0.0817678,0.108814
0.0819564,0.109288
0.0821453,0.109764
0.0823347,0.110242
0.0825246,0.110721
0.0827149,0.111203
0.0829056,0.111687
0.0830967,0.112172
0.0832883,0.11266
0.0834804,0.113149
0.0836728,0.113641
0.0838658,0.114134
0.0840591,0.11463
0.084253,0.115127
0.0844472,0.115627
0.0846419,0.116128
0.0848371,0.116632
0.0850327,0.117138
0.0852287,0.117645
0.0854253,0.118155
0.0856222,0.118667
0.0858196,0.11918
0.0860175,0.119696
0.0862159,0.120214
0.0864146,0.120734
0.0866139,0.121257
0.0868136,0.121781
0.0870138,0.122307
0.0872144,0.122836
0.0874155,0.123366
0.087617,0.123899
0.087819,0.124434
0.0880215,0.124971
0.0882245,0.12551
0.0884279,0.126051
0.0886318,0.126595
0.0888361,0.12714
0.089041,0.127688
0.0892463,0.128238
0.0894521,0.12879
0.0896583,0.129344
0.089865,0.129901
0.0900722,0.13046
0.0902799,0.131021
0.0904881,0.131584
0.0906967,0.132149
0.0909058,0.132717
0.0911154,0.133287
0.0913255,0.133859
0.0915361,0.134434
0.0917471,0.135011
0.0919587,0.13559
0.0921707,0.136171
0.0923832,0.136754
0.0925962,0.13734
0.0928097,0.137928
0.0930237,0.138519
0.0932382,0.139112
0.0934532,0.139707
0.0936687,0.140304
0.0938846,0.140904
0.0941011,0.141506
0.0943181,0.142111
0.0945355,0.142718
0.0947535,0.143327
0.094972,0.143938
0.095191,0.144552
0.0954104,0.145169
0.0956304,0.145788
0.0958509,0.146409
0.0960719,0.147032
0.0962934,0.147658
0.0965155,0.148287
0.096738,0.148918
0.0969611,0.149551
0.0971846,0.150187
0.0974087,0.150825
0.0976333,0.151466
0.0978584,0.152109
0.098084,0.152755
0.0983102,0.153403
0.0985369,0.154053
0.0987641,0.154707
0.0989918,0.155362
0.09922,0.15602
0.0994488,0.156681
0.0996781,0.157344
0.0999079,0.15801
0.100138,0.158678
0.100369,0.159349
0.100601,0.160023
0.100833,0.160698
0.101065,0.161377
0.101298,0.162058
0.101532,0.162742
0.101766,0.163428
0.102,0.164117
0.102236,0.164809
0.102471,0.165503
0.102708,0.166199
0.102944,0.166899
0.103182,0.167601
0.10342,0.168305
0.103658,0.169013
0.103897,0.169723
0.104137,0.170435
0.104377,0.171151
0.104617,0.171869
0.104859,0.172589
0.1051,0.173313
0.105343,0.174039
0.105586,0.174768
0.105829,0.175499
0.106073,0.176233
0.106318,0.17697
0.106563,0.17771
0.106808,0.178452
0.107055,0.179198
0.107302,0.179946
0.107549,0.180696
0.107797,0.18145
0.108046,0.182206
0.108295,0.182965
0.108544,0.183727
0.108795,0.184492
0.109045,0.185259
0.109297,0.18603
0.109549,0.186803
0.109801,0.187579
0.110055,0.188357
0.110308,0.189139
0.110563,0.189923
0.110818,0.190711
0.111073,0.191501
0.111329,0.192294
0.111586,0.19309
0.111843,0.193889
0.112101,0.194691
0.11236,0.195495
0.112619,0.196303
0.112878,0.197113
0.113139,0.197927
0.113399,0.198743
0.113661,0.199562
0.113923,0.200384
0.114186,0.201209
0.114449,0.202037
0.114713,0.202868
0.114977,0.203702
0.115242,0.204539
0.115508,0.205379
0.115774,0.206222
0.116041,0.207068
0.116309,0.207917
0.116577,0.208769
0.116846,0.209624
0.117115,0.210482
0.117385,0.211343
0.117656,0.212207
0.117927,0.213074
0.118199,0.213944
0.118472,0.214817
0.118745,0.215693
0.119019,0.216572
0.119293,0.217454
0.119568,0.21834
0.119844,0.219228
0.12012,0.22012
0.120397,0.221014
0.120675,0.221912
0.120953,0.222813
0.121232,0.223717
0.121511,0.224624
0.121792,0.225534
0.122072,0.226447
0.122354,0.227364
0.122636,0.228283
0.122919,0.229206
0.123202,0.230132
0.123486,0.231061
0.123771,0.231993
0.124056,0.232928
0.124342,0.233867
0.124629,0.234808
0.124916,0.235753
0.125204,0.236701
0.125493,0.237653
0.125782,0.238607
0.126072,0.239565
0.126363,0.240525
0.126654,0.241489
0.126946,0.242457
0.127239,0.243427
0.127533,0.244401
0.127827,0.245378
0.128121,0.246358
0.128417,0.247342
0.128713,0.248328
0.12901,0.249318
0.129307,0.250311
0.129605,0.251308
0.129904,0.252308
0.130204,0.253311
0.130504,0.254317
0.130805,0.255326
0.131106,0.256339
0.131409,0.257355
0.131712,0.258375
0.132015,0.259398
0.13232,0.260424
0.132625,0.261453
0.132931,0.262486
0.133237,0.263521
0.133544,0.264561
0.133852,0.265603
0.134161,0.266649
0.13447,0.267698
0.13478,0.268751
0.135091,0.269807
0.135402,0.270866
0.135715,0.271929
0.136028,0.272995
0.136341,0.274064
0.136656,0.275137
0.136971,0.276213
0.137286,0.277292
0.137603,0.278375
0.13792,0.279461
0.138238,0.28055
0.138557,0.281643
0.138876,0.282739
0.139197,0.283839
0.139518,0.284942
0.139839,0.286048
0.140162,0.287158
0.140485,0.288271
0.140809,0.289387
0.141133,0.290507
0.141459,0.291631
0.141785,0.292757
0.142112,0.293887
0.14244,0.295021
0.142768,0.296158
0.143097,0.297298
0.143427,0.298442
0.143758,0.299589
0.144089,0.300739
0.144422,0.301893
0.144755,0.30305
0.145088,0.304211
0.145423,0.305375
0.145758,0.306543
0.146094,0.307714
0.146431,0.308888
0.146769,0.310066
0.147107,0.311247
0.147446,0.312432
0.147786,0.31362
0.148127,0.314811
0.148469,0.316006
0.148811,0.317204
0.149154,0.318406
0.149498,0.319611
0.149843,0.32082
0.150188,0.322032
0.150534,0.323247
0.150881,0.324466
0.151229,0.325688
0.151578,0.326914
0.151927,0.328143
0.152278,0.329375
0.152629,0.330611
0.152981,0.33185
0.153334,0.333093
0.153687,0.334339
0.154041,0.335589
0.154397,0.336841
0.154753,0.338098
0.155109,0.339358
0.155467,0.340621
0.155825,0.341887
0.156185,0.343157
0.156545,0.34443
0.156906,0.345707
0.157268,0.346987
0.15763,0.348271
0.157994,0.349558
0.158358,0.350848
0.158723,0.352141
0.159089,0.353439
0.159456,0.354739
0.159824,0.356043
0.160192,0.35735
0.160561,0.35866
0.160932,0.359974
0.161303,0.361291
0.161675,0.362612
0.162047,0.363936
0.162421,0.365263
0.162795,0.366594
0.163171,0.367927
0.163547,0.369265
0.163924,0.370605
0.164302,0.371949
0.164681,0.373296
0.165061,0.374647
0.165441,0.376001
0.165823,0.377358
0.166205,0.378718
0.166588,0.380082
0.166972,0.381449
0.167357,0.382819
0.167743,0.384193
0.16813,0.385569
0.168518,0.386949
0.168906,0.388333
0.169296,0.389719
0.169686,0.391109
0.170077,0.392502
0.170469,0.393898
0.170862,0.395298
0.171256,0.3967
0.171651,0.398106
0.172047,0.399515
0.172444,0.400927
0.172841,0.402343
0.17324,0.403761
0.173639,0.405183
0.17404,0.406608
0.174441,0.408036
0.174843,0.409467
0.175246,0.410901
0.17565,0.412339
0.176055,0.413779
0.176461,0.415223
0.176868,0.41667
0.177276,0.418119
0.177685,0.419572
0.178094,0.421028
0.178505,0.422487
0.178917,0.423949
0.179329,0.425414
0.179743,0.426882
0.180157,0.428353
0.180572,0.429827
0.180989,0.431304
0.181406,0.432783
0.181824,0.434266
0.182244,0.435752
0.182664,0.437241
0.183085,0.438732
0.183507,0.440227
0.18393,0.441724
0.184354,0.443225
0.184779,0.444728
0.185205,0.446234
0.185632,0.447743
0.18606,0.449255
0.186489,0.450769
0.186919,0.452286
0.18735,0.453806
0.187782,0.455329
0.188215,0.456855
0.188649,0.458383
0.189084,0.459914
0.18952,0.461448
0.189957,0.462985
0.190395,0.464524
0.190834,0.466066
0.191274,0.46761
0.191715,0.469157
0.192157,0.470707
0.1926,0.472259
0.193044,0.473814
0.193489,0.475372
0.193936,0.476932
0.194383,0.478494
0.194831,0.480059
0.19528,0.481627
0.19573,0.483197
0.196182,0.484769
0.196634,0.486344
0.197087,0.487922
0.197542,0.489502
0.197997,0.491084
0.198454,0.492668
0.198911,0.494255
0.19937,0.495844
0.19983,0.497436
0.20029,0.49903
0.200752,0.500626
0.201215,0.502224
0.201679,0.503824
0.202144,0.505427
0.20261,0.507032
0.203077,0.508639
0.203546,0.510248
0.204015,0.51186
0.204485,0.513473
0.204957,0.515089
0.205429,0.516706
0.205903,0.518326
0.206378,0.519948
0.206854,0.521571
0.207331,0.523197
0.207809,0.524824
0.208288,0.526454
0.208768,0.528085
0.209249,0.529718
0.209732,0.531353
0.210215,0.53299
0.2107,0.534629
0.211186,0.536269
0.211673,0.537912
0.212161,0.539556
0.21265,0.541201
0.21314,0.542849
0.213632,0.544498
0.214124,0.546148
0.214618,0.5478
0.215113,0.549454
0.215609,0.551109
0.216106,0.552766
0.216604,0.554425
0.217104,0.556084
0.217604,0.557746
0.218106,0.559408
0.218609,0.561072
0.219113,0.562737
0.219618,0.564404
0.220125,0.566072
0.220632,0.567741
0.221141,0.569412
0.221651,0.571084
0.222162,0.572756
0.222674,0.57443
0.223187,0.576106
0.223702,0.577782
0.224218,0.579459
0.224735,0.581137
0.225253,0.582817
0.225772,0.584497
0.226293,0.586178
0.226815,0.587861
0.227338,0.589544
0.227862,0.591228
0.228387,0.592912
0.228914,0.594598
0.229442,0.596284
0.229971,0.597971
0.230501,0.599659
0.231032,0.601347
0.231565,0.603036
0.232099,0.604725
0.232634,0.606416
0.23317,0.608106
0.233708,0.609797
0.234247,0.611489
0.234787,0.613181
0.235328,0.614873
0.235871,0.616566
0.236415,0.618259
0.23696,0.619952
0.237506,0.621646
0.238054,0.62334
0.238603,0.625034
0.239153,0.626728
0.239704,0.628422
0.240257,0.630117
0.240811,0.631811
0.241366,0.633505
0.241923,0.6352
0.242481,0.636894
0.24304,0.638588
0.2436,0.640282
0.244162,0.641976
0.244725,0.64367
0.245289,0.645363
0.245854,0.647056
0.246421,0.648749
0.24699,0.650442
0.247559,0.652134
0.24813,0.653825
0.248702,0.655516
0.249275,0.657207
0.24985,0.658897
0.250426,0.660587
0.251004,0.662275
0.251582,0.663964
0.252162,0.665651
0.252744,0.667338
0.253327,0.669024
0.253911,0.670709
0.254496,0.672393
0.255083,0.674077
0.255671,0.675759
0.256261,0.677441
0.256851,0.679121
0.257444,0.6808
0.258037,0.682479
0.258632,0.684156
0.259228,0.685832
0.259826,0.687506
0.260425,0.68918
0.261026,0.690852
0.261628,0.692523
0.262231,0.694192
0.262835,0.695861
0.263441,0.697527
0.264049,0.699192
0.264658,0.700856
0.265268,0.702518
0.26588,0.704178
0.266493,0.705837
0.267107,0.707494
0.267723,0.709149
0.26834,0.710802
0.268959,0.712454
0.269579,0.714103
0.270201,0.715751
0.270824,0.717397
0.271448,0.719041
0.272074,0.720683
0.272701,0.722322
0.27333,0.72396
0.27396,0.725595
0.274592,0.727229
0.275225,0.72886
0.27586,0.730488
0.276496,0.732115
0.277133,0.733739
0.277772,0.73536
0.278413,0.736979
0.279055,0.738596
0.279698,0.74021
0.280343,0.741821
0.280989,0.74343
0.281637,0.745036
0.282287,0.74664
0.282937,0.74824
0.28359,0.749838
0.284244,0.751433
0.284899,0.753025
0.285556,0.754615
0.286214,0.756201
0.286874,0.757784
0.287536,0.759365
0.288199,0.760942
0.288863,0.762516
0.289529,0.764087
0.290197,0.765654
0.290866,0.767219
0.291537,0.76878
0.292209,0.770337
0.292882,0.771892
0.293558,0.773443
0.294235,0.77499
0.294913,0.776534
0.295593,0.778075
0.296275,0.779612
0.296958,0.781145
0.297642,0.782674
0.298329,0.7842
0.299016,0.785722
0.299706,0.787241
0.300397,0.788755
0.30109,0.790266
0.301784,0.791773
0.30248,0.793276
0.303177,0.794774
0.303876,0.796269
0.304577,0.79776
0.305279,0.799247
0.305983,0.800729
0.306688,0.802207
0.307396,0.803681
0.308104,0.805151
0.308815,0.806617
0.309527,0.808078
0.31024,0.809535
0.310956,0.810987
0.311673,0.812435
0.312391,0.813878
0.313112,0.815317
0.313834,0.816752
0.314557,0.818182
0.315282,0.819607
0.316009,0.821027
0.316738,0.822443
0.317468,0.823854
0.3182,0.82526
0.318934,0.826662
0.319669,0.828058
0.320406,0.82945
0.321145,0.830837
0.321886,0.832218
0.322628,0.833595
0.323372,0.834967
0.324117,0.836334
0.324865,0.837695
0.325614,0.839052
0.326364,0.840403
0.327117,0.841749
0.327871,0.84309
0.328627,0.844426
0.329385,0.845757
0.330144,0.847082
0.330905,0.848401
0.331668,0.849716
0.332433,0.851025
0.3332,0.852328
0.333968,0.853626
0.334738,0.854919
0.33551,0.856206
0.336283,0.857487
0.337059,0.858763
0.337836,0.860033
0.338615,0.861298
0.339396,0.862557
0.340178,0.86381
0.340962,0.865058
0.341749,0.866299
0.342537,0.867535
0.343326,0.868766
0.344118,0.86999
0.344911,0.871209
0.345707,0.872421
0.346504,0.873628
0.347303,0.874829
0.348103,0.876023
0.348906,0.877212
0.349711,0.878395
0.350517,0.879572
0.351325,0.880743
0.352135,0.881908
0.352947,0.883066
0.353761,0.884219
0.354576,0.885365
0.355394,0.886506
0.356213,0.88764
0.357035,0.888768
0.357858,0.88989
0.358683,0.891005
0.35951,0.892114
0.360339,0.893217
0.36117,0.894314
0.362003,0.895405
0.362837,0.896489
0.363674,0.897567
0.364512,0.898638
0.365353,0.899704
0.366195,0.900762
0.36704,0.901815
0.367886,0.902861
0.368734,0.903901
0.369584,0.904934
0.370436,0.905961
0.371291,0.906981
0.372147,0.907995
0.373005,0.909003
0.373865,0.910004
0.374727,0.910998
0.375591,0.911986
0.376457,0.912968
0.377325,0.913943
0.378195,0.914912
0.379067,0.915874
0.379941,0.916829
0.380817,0.917779
0.381695,0.918721
0.382575,0.919657
0.383457,0.920586
0.384341,0.921509
0.385227,0.922426
0.386116,0.923336
0.387006,0.924239
0.387898,0.925136
0.388793,0.926026
0.389689,0.926909
0.390588,0.927786
0.391488,0.928657
0.392391,0.929521
0.393295,0.930378
0.394202,0.931229
0.395111,0.932073
0.396022,0.932911
0.396935,0.933742
0.397851,0.934567
0.398768,0.935385
0.399687,0.936196
0.400609,0.937001
0.401533,0.9378
0.402458,0.938592
0.403386,0.939378
0.404316,0.940157
0.405249,0.940929
0.406183,0.941695
0.40712,0.942455
0.408058,0.943208
0.408999,0.943954
0.409942,0.944695
0.410887,0.945428
0.411835,0.946156
0.412784,0.946877
0.413736,0.947591
0.41469,0.948299
0.415646,0.949001
0.416604,0.949696
0.417565,0.950386
0.418528,0.951068
0.419493,0.951745
0.42046,0.952415
0.42143,0.953079
0.422401,0.953736
0.423375,0.954387
0.424351,0.955032
0.42533,0.955671
0.42631,0.956304
0.427293,0.95693
0.428279,0.957551
0.429266,0.958165
0.430256,0.958773
0.431248,0.959375
0.432242,0.959971
0.433239,0.96056
0.434238,0.961144
0.435239,0.961722
0.436242,0.962294
0.437248,0.962859
0.438256,0.963419
0.439267,0.963973
0.44028,0.964521
0.441295,0.965063
0.442312,0.965599
0.443332,0.96613
0.444354,0.966655
0.445379,0.967173
0.446406,0.967687
0.447435,0.968194
0.448467,0.968696
0.449501,0.969192
0.450537,0.969682
0.451576,0.970167
0.452617,0.970646
0.453661,0.97112
0.454707,0.971588
0.455755,0.972051
0.456806,0.972508
0.457859,0.972959
0.458915,0.973406
0.459973,0.973847
0.461034,0.974282
0.462097,0.974713
0.463162,0.975138
0.46423,0.975558
0.465301,0.975972
0.466373,0.976382
0.467449,0.976786
0.468526,0.977185
0.469607,0.977579
0.47069,0.977968
0.471775,0.978352
0.472863,0.978731
0.473953,0.979105
0.475046,0.979474
0.476141,0.979838
0.477239,0.980198
0.478339,0.980553
0.479442,0.980902
0.480548,0.981247
0.481656,0.981588
0.482766,0.981924
0.483879,0.982255
0.484995,0.982581
0.486113,0.982903
0.487234,0.983221
0.488357,0.983533
0.489483,0.983842
0.490612,0.984146
0.491743,0.984446
0.492877,0.984741
0.494013,0.985032
0.495152,0.985319
0.496294,0.985601
0.497438,0.98588
0.498585,0.986154
0.499735,0.986424
0.500887,0.98669
0.502042,0.986952
0.5032,0.98721
0.50436,0.987464
0.505523,0.987714
0.506688,0.98796
0.507857,0.988203
0.509028,0.988441
0.510201,0.988676
0.511378,0.988907
0.512557,0.989134
0.513739,0.989358
0.514923,0.989578
0.51611,0.989794
0.5173,0.990007
0.518493,0.990217
0.519689,0.990423
0.520887,0.990625
0.522088,0.990824
0.523292,0.99102
0.524498,0.991212
0.525707,0.991401
0.52692,0.991587
0.528135,0.99177
0.529352,0.991949
0.530573,0.992125
0.531796,0.992299
0.533022,0.992469
0.534251,0.992636
0.535483,0.9928
0.536718,0.992961
0.537955,0.99312
0.539196,0.993275
0.540439,0.993428
0.541685,0.993577
0.542934,0.993724
0.544186,0.993869
0.54544,0.99401
0.546698,0.994149
0.547959,0.994285
0.549222,0.994419
0.550488,0.99455
0.551758,0.994678
0.55303,0.994805
0.554305,0.994928
0.555583,0.995049
0.556864,0.995168
0.558148,0.995285
0.559435,0.995399
0.560725,0.995511
0.562018,0.99562
0.563313,0.995728
0.564612,0.995833
0.565914,0.995936
0.567219,0.996037
0.568527,0.996136
0.569838,0.996232
0.571152,0.996327
0.572468,0.99642
0.573788,0.996511
0.575111,0.996599
0.576437,0.996686
0.577766,0.996771
0.579099,0.996855
0.580434,0.996936
0.581772,0.997016
0.583114,0.997094
0.584458,0.99717
0.585806,0.997244
0.587156,0.997317
0.58851,0.997388
0.589867,0.997458
0.591227,0.997526
0.59259,0.997592
0.593957,0.997657
0.595326,0.99772
0.596699,0.997782
0.598075,0.997843
0.599454,0.997902
0.600836,0.997959
0.602221,0.998016
0.60361,0.998071
0.605001,0.998124
0.606396,0.998177
0.607794,0.998228
0.609196,0.998277
0.6106,0.998326
0.612008,0.998373
0.613419,0.99842
0.614834,0.998465
0.616251,0.998509
0.617672,0.998551
0.619097,0.998593
0.620524,0.998634
0.621955,0.998673
0.623389,0.998712
0.624826,0.99875
0.626267,0.998786
0.627711,0.998822
0.629158,0.998857
0.630609,0.998891
0.632063,0.998923
0.63352,0.998955
0.634981,0.998987
0.636445,0.999017
0.637912,0.999046
0.639383,0.999075
0.640857,0.999103
0.642335,0.99913
0.643816,0.999157
0.6453,0.999182
0.646788,0.999207
0.64828,0.999231
0.649774,0.999255
0.651273,0.999278
0.652774,0.9993
0.654279,0.999322
0.655788,0.999343
0.6573,0.999363
0.658815,0.999383
0.660334,0.999402
0.661857,0.99942
0.663383,0.999438
0.664913,0.999456
0.666446,0.999473
0.667982,0.999489
0.669522,0.999505
0.671066,0.999521
0.672613,0.999536
0.674164,0.99955
0.675719,0.999565
0.677277,0.999578
0.678838,0.999591
0.680404,0.999604
0.681972,0.999617
0.683545,0.999629
0.685121,0.99964
0.6867,0.999652
0.688284,0.999662
0.689871,0.999673
0.691461,0.999683
0.693056,0.999693
0.694654,0.999703
0.696255,0.999712
0.697861,0.999721
0.69947,0.999729
0.701083,0.999738
0.702699,0.999746
0.704319,0.999753
0.705943,0.999761
0.707571,0.999768
0.709202,0.999775
0.710838,0.999782
0.712477,0.999788
0.714119,0.999795
0.715766,0.999801
0.717416,0.999807
0.71907,0.999812
0.720728,0.999818
0.72239,0.999823
0.724056,0.999828
0.725725,0.999833
0.727398,0.999838
0.729076,0.999842
0.730757,0.999847
0.732442,0.999851
0.73413,0.999855
0.735823,0.999859
0.73752,0.999862
0.73922,0.999866
0.740924,0.999869
0.742633,0.999873
0.744345,0.999876
0.746061,0.999879
0.747782,0.999882
0.749506,0.999885
0.751234,0.999888
0.752966,0.99989
0.754702,0.999893
0.756442,0.999895
0.758186,0.999898
0.759934,0.9999
0.761687,0.999902
0.763443,0.999904
0.765203,0.999906
0.766967,0.999908
0.768736,0.99991
0.770508,0.999911
0.772285,0.999913
0.774066,0.999915
0.77585,0.999916
0.777639,0.999918
0.779432,0.999919
0.781229,0.99992
0.783031,0.999922
0.784836,0.999923
0.786646,0.999924
0.788459,0.999925
0.790277,0.999926
0.7921,0.999927
0.793926,0.999928
0.795756,0.999929
0.797591,0.99993
0.79943,0.999931
0.801273,0.999932
0.803121,0.999933
0.804973,0.999933
0.806829,0.999934
0.808689,0.999935
0.810554,0.999935
0.812423,0.999936
0.814296,0.999936
0.816173,0.999937
0.818055,0.999938
0.819941,0.999938
0.821832,0.999939
0.823727,0.999939
0.825626,0.999939
0.82753,0.99994
0.829438,0.99994
0.83135,0.999941
0.833267,0.999941
0.835188,0.999941
0.837114,0.999942
0.839044,0.999942
0.840979,0.999942
0.842918,0.999943
0.844861,0.999943
0.846809,0.999943
0.848762,0.999943
0.850719,0.999944
0.85268,0.999944
0.854646,0.999944
0.856617,0.999944
0.858592,0.999944
0.860571,0.999945
0.862556,0.999945
0.864545,0.999945
0.866538,0.999945
0.868536,0.999945
0.870538,0.999945
0.872546,0.999945
0.874557,0.999946
0.876574,0.999946
0.878595,0.999946
0.880621,0.999946
0.882651,0.999946
0.884686,0.999946
0.886726,0.999946
0.888771,0.999946
0.89082,0.999946
0.892874,0.999946
0.894933,0.999946
0.896996,0.999946
0.899064,0.999947
0.901137,0.999947
0.903215,0.999947
0.905298,0.999947
0.907385,0.999947
0.909477,0.999947
0.911574,0.999947
0.913676,0.999947
0.915783,0.999947
0.917894,0.999947
0.92001,0.999947
0.922132,0.999947
0.924258,0.999947
0.926389,0.999947
0.928525,0.999947
0.930666,0.999947
0.932812,0.999947
0.934962,0.999947
0.937118,0.999947
0.939279,0.999947
0.941445,0.999947
0.943615,0.999947
0.945791,0.999947
0.947972,0.999947
0.950157,0.999947
0.952348,0.999947
0.954544,0.999947
0.956745,0.999947
0.958951,0.999947
0.961162,0.999947
0.963378,0.999947
0.965599,0.999947
0.967826,0.999947
0.970057,0.999947
0.972294,0.999947
0.974536,0.999947
0.976783,0.999947
0.979035,0.999947
0.981292,0.999947
0.983555,0.999947
0.985823,0.999947
0.988096,0.999947
0.990374,0.999947
0.992657,0.999947
0.994946,0.999947
0.99724,0.999947
0.999539,0.999947
1.00184,0.999947
1.00415,0.999947
1.00647,0.999947
1.00879,0.999947
1.01112,0.999947
1.01345,0.999947
1.01578,0.999947
1.01813,0.999947
1.02047,0.999947
1.02283,0.999947
1.02518,0.999947
1.02755,0.999947
1.02992,0.999947
1.03229,0.999947
1.03467,0.999947
1.03706,0.999947
1.03945,0.999947
1.04185,0.999947
1.04425,0.999947
1.04666,0.999947
1.04907,0.999947
1.05149,0.999947
1.05391,0.999947
1.05634,0.999947
1.05878,0.999947
1.06122,0.999947
1.06367,0.999947
1.06612,0.999947
1.06858,0.999947
1.07104,0.999947
1.07351,0.999947
1.07599,0.999947
1.07847,0.999947
1.08095,0.999947
1.08345,0.999947
1.08594,0.999947
1.08845,0.999947
1.09096,0.999947
1.09347,0.999947
1.09599,0.999947
1.09852,0.999947
1.10105,0.999947
1.10359,0.999947
1.10614,0.999947
1.10869,0.999947
1.11124,0.999947
1.11381,0.999947
1.11637,0.999947
1.11895,0.999947
1.12153,0.999947
1.12411,0.999947
1.12671,0.999947
1.1293,0.999947
1.13191,0.999947
1.13452,0.999947
1.13713,0.999947
1.13975,0.999947
1.14238,0.999947
1.14502,0.999947
1.14766,0.999947
1.1503,0.999947
1.15296,0.999947
1.15561,0.999947
1.15828,0.999947
1.16095,0.999947
1.16363,0.999947
1.16631,0.999947
1.169,0.999947
1.17169,0.999947
1.17439,0.999947
1.1771,0.999947
1.17982,0.999947
1.18254,0.999947
1.18526,0.999947
1.188,0.999947
1.19074,0.999947
1.19348,0.999947
1.19623,0.999947
1.19899,0.999947
1.20176,0.999947
1.20453,0.999947
1.2073,0.999947
1.21009,0.999947
1.21288,0.999947
1.21567,0.999947
1.21848,0.999947
1.22129,0.999947
1.2241,0.999947
1.22692,0.999947
1.22975,0.999947
1.23259,0.999947
1.23543,0.999947
1.23828,0.999947
1.24113,0.999947
1.244,0.999947
1.24686,0.999947
1.24974,0.999947
1.25262,0.999947
1.25551,0.999947
1.2584,0.999947
1.26131,0.999947
1.26421,0.999947
1.26713,0.999947
1.27005,0.999947
1.27298,0.999947
1.27591,0.999947
1.27886,0.999947
1.2818,0.999947
1.28476,0.999947
1.28772,0.999947
1.29069,0.999947
1.29367,0.999947
1.29665,0.999947
1.29964,0.999947
1.30264,0.999947
1.30564,0.999947
1.30865,0.999947
1.31167,0.999947
1.31469,0.999947
1.31772,0.999947
1.32076,0.999947
1.32381,0.999947
1.32686,0.999947
1.32992,0.999947
1.33298,0.999947
1.33606,0.999947
1.33914,0.999947
1.34223,0.999947
1.34532,0.999947
1.34842,0.999947
1.35153,0.999947
1.35465,0.999947
1.35777,0.999947
1.3609,0.999947
1.36404,0.999947
1.36718,0.999947
1.37034,0.999947
1.3735,0.999947
1.37666,0.999947
1.37984,0.999947
1.38302,0.999947
1.38621,0.999947
1.3894,0.999947
1.39261,0.999947
1.39582,0.999947
1.39904,0.999947
1.40226,0.999947
1.4055,0.999947
1.40874,0.999947
1.41198,0.999947
1.41524,0.999947
1.4185,0.999947
1.42177,0.999947
1.42505,0.999947
1.42834,0.999947
1.43163,0.999947
1.43493,0.999947
1.43824,0.999947
1.44156,0.999947
1.44488,0.999947
1.44821,0.999947
1.45155,0.999947
1.4549,0.999947
1.45825,0.999947
1.46161,0.999947
1.46498,0.999947
1.46836,0.999947
1.47175,0.999947
1.47514,0.999947
1.47854,0.999947
1.48195,0.999947
1.48537,0.999947
1.48879,0.999947
1.49223,0.999947
1.49567,0.999947
1.49912,0.999947
1.50257,0.999947
1.50604,0.999947
1.50951,0.999947
1.51299,0.999947
1.51648,0.999947
1.51997,0.999947
1.52348,0.999947
1.52699,0.999947
1.53051,0.999947
1.53404,0.999947
1.53758,0.999947
1.54112,0.999947
1.54468,0.999947
1.54824,0.999947
1.55181,0.999947
1.55539,0.999947
1.55897,0.999947
1.56257,0.999947
1.56617,0.999947
1.56978,0.999947
1.5734,0.999947
1.57703,0.999947
1.58066,0.999947
1.58431,0.999947
1.58796,0.999947
1.59162,0.999947
1.59529,0.999947
1.59897,0.999947
1.60266,0.999947
1.60635,0.999947
1.61006,0.999947
1.61377,0.999947
1.61749,0.999947
1.62122,0.999947
1.62496,0.999947
1.6287,0.999947
1.63246,0.999947
1.63622,0.999947
1.64,0.999947
1.64378,0.999947
1.64757,0.999947
1.65137,0.999947
1.65517,0.999947
1.65899,0.999947
1.66282,0.999947
1.66665,0.999947
1.67049,0.999947
1.67434,0.999947
1.6782,0.999947
1.68207,0.999947
1.68595,0.999947
1.68984,0.999947
1.69374,0.999947
1.69764,0.999947
1.70156,0.999947
1.70548,0.999947
1.70941,0.999947
1.71335,0.999947
1.7173,0.999947
1.72126,0.999947
1.72523,0.999947
1.72921,0.999947
1.7332,0.999947
1.73719,0.999947
1.7412,0.999947
1.74521,0.999947
1.74924,0.999947
1.75327,0.999947
1.75731,0.999947
1.76136,0.999947
1.76543,0.999947
1.7695,0.999947
1.77358,0.999947
1.77767,0.999947
1.78176,0.999947
1.78587,0.999947
1.78999,0.999947
1.79412,0.999947
1.79825,0.999947
1.8024,0.999947
1.80656,0.999947
1.81072,0.999947
1.8149,0.999947
1.81908,0.999947
1.82327,0.999947
1.82748,0.999947
1.83169,0.999947
1.83592,0.999947
1.84015,0.999947
1.84439,0.999947
1.84864,0.999947
1.85291,0.999947
1.85718,0.999947
1.86146,0.999947
1.86575,0.999947
1.87005,0.999947
1.87437,0.999947
1.87869,0.999947
1.88302,0.999947
1.88736,0.999947
1.89171,0.999947
1.89608,0.999947
1.90045,0.999947
1.90483,0.999947
1.90922,0.999947
1.91362,0.999947
1.91804,0.999947
1.92246,0.999947
1.92689,0.999947
1.93133,0.999947
1.93579,0.999947
1.94025,0.999947
1.94472,0.999947
1.94921,0.999947
1.9537,0.999947
1.95821,0.999947
1.96272,0.999947
1.96725,0.999947
1.97178,0.999947
1.97633,0.999947
1.98089,0.999947
1.98545,0.999947
1.99003,0.999947
1.99462,0.999947
1.99922,0.999947
2.00383,0.999947
2.00845,0.999947
2.01308,0.999947
2.01772,0.999947
2.02237,0.999947
2.02704,0.999947
2.03171,0.999947
2.03639,0.999947
2.04109,0.999947
2.0458,0.999947
2.05051,0.999947
2.05524,0.999947
2.05998,0.999947
2.06473,0.999947
2.06949,0.999947
2.07426,0.999947
2.07904,0.999947
2.08384,0.999947
2.08864,0.999947
2.09346,0.999947
2.09828,0.999947
2.10312,0.999947
2.10797,0.999947
2.11283,0.999947
2.1177,0.999947
2.12259,0.999947
2.12748,0.999947
2.13239,0.999947
2.1373,0.999947
2.14223,0.999947
2.14717,0.999947
2.15212,0.999947
2.15708,0.999947
2.16206,0.999947
2.16704,0.999947
2.17204,0.999947
2.17705,0.999947
2.18207,0.999947
2.1871,0.999947
2.19214,0.999947
2.19719,0.999947
2.20226,0.999947
2.20734,0.999947
2.21243,0.999947
2.21753,0.999947
2.22264,0.999947
2.22777,0.999947
2.2329,0.999947
2.23805,0.999947
2.24321,0.999947
2.24838,0.999947
2.25357,0.999947
2.25876,0.999947
2.26397,0.999947
2.26919,0.999947
2.27442,0.999947
2.27967,0.999947
2.28492,0.999947
2.29019,0.999947
2.29547,0.999947
2.30077,0.999947
2.30607,0.999947
2.31139,0.999947
2.31672,0.999947
2.32206,0.999947
2.32741,0.999947
2.33278,0.999947
2.33816,0.999947
2.34355,0.999947
2.34895,0.999947
2.35437,0.999947
2.3598,0.999947
2.36524,0.999947
2.37069,0.999947
2.37616,0.999947
2.38164,0.999947
2.38713,0.999947
2.39263,0.999947
2.39815,0.999947
2.40368,0.999947
2.40922,0.999947
2.41477,0.999947
2.42034,0.999947
2.42592,0.999947
2.43152,0.999947
2.43712,0.999947
2.44274,0.999947
2.44837,0.999947
2.45402,0.999947
2.45968,0.999947
2.46535,0.999947
2.47103,0.999947
2.47673,0.999947
2.48244,0.999947
2.48816,0.999947
2.4939,0.999947
2.49965,0.999947
2.50542,0.999947
2.51119,0.999947
2.51698,0.999947
2.52279,0.999947
2.5286,0.999947
2.53443,0.999947
2.54028,0.999947
2.54613,0.999947
2.552,0.999947
2.55789,0.999947
2.56379,0.999947
2.5697,0.999947
2.57562,0.999947
2.58156,0.999947
2.58751,0.999947
2.59348,0.999947
2.59946,0.999947
2.60545,0.999947
2.61146,0.999947
2.61748,0.999947
2.62352,0.999947
2.62957,0.999947
2.63563,0.999947
2.64171,0.999947
2.6478,0.999947
2.6539,0.999947
2.66002,0.999947
2.66615,0.999947
2.6723,0.999947
2.67846,0.999947
2.68464,0.999947
2.69083,0.999947
2.69703,0.999947
2.70325,0.999947
2.70948,0.999947
2.71573,0.999947
2.72199,0.999947
2.72827,0.999947
2.73456,0.999947
2.74086,0.999947
2.74718,0.999947
2.75352,0.999947
2.75987,0.999947
2.76623,0.999947
2.77261,0.999947
2.779,0.999947
2.78541,0.999947
2.79183,0.999947
2.79827,0.999947
2.80472,0.999947
2.81119,0.999947
2.81767,0.999947
2.82417,0.999947
2.83068,0.999947
2.8372,0.999947
2.84375,0.999947
2.8503,0.999947
2.85687,0.999947
2.86346,0.999947
2.87006,0.999947
2.87668,0.999947
2.88331,0.999947
2.88996,0.999947
2.89663,0.999947
2.9033,0.999947
2.91,0.999947
2.91671,0.999947
2.92343,0.999947
2.93017,0.999947
2.93693,0.999947
2.9437,0.999947
2.95049,0.999947
2.95729,0.999947
2.96411,0.999947
2.97094,0.999947
2.97779,0.999947
2.98466,0.999947
2.99154,0.999947
2.99844,0.999947
3.00535,0.999947
3.01228,0.999947
3.01923,0.999947
3.02619,0.999947
3.03317,0.999947
3.04016,0.999947
3.04717,0.999947
3.0542,0.999947
3.06124,0.999947
3.0683,0.999947
3.07537,0.999947
3.08246,0.999947
3.08957,0.999947
3.09669,0.999947
3.10383,0.999947
3.11099,0.999947
3.11816,0.999947
3.12535,0.999947
3.13256,0.999947
3.13978,0.999947
3.14702,0.999947
3.15428,0.999947
3.16155,0.999947
3.16884,0.999947
3.17615,0.999947
3.18347,0.999947
3.19081,0.999947
3.19817,0.999947
3.20554,0.999947
3.21293,0.999947
3.22034,0.999947
3.22776,0.999947
3.23521,0.999947
3.24267,0.999947
3.25014,0.999947
3.25764,0.999947
3.26515,0.999947
3.27268,0.999947
3.28022,0.999947
3.28778,0.999947
3.29537,0.999947
3.30296,0.999947
3.31058,0.999947
3.31821,0.999947
3.32586,0.999947
3.33353,0.999947
3.34122,0.999947
3.34892,0.999947
3.35664,0.999947
3.36438,0.999947
3.37214,0.999947
3.37992,0.999947
3.38771,0.999947
3.39552,0.999947
3.40335,0.999947
3.4112,0.999947
3.41906,0.999947
3.42694,0.999947
3.43485,0.999947
3.44277,0.999947
3.4507,0.999947
3.45866,0.999947
3.46663,0.999947
3.47463,0.999947
3.48264,0.999947
3.49067,0.999947
3.49872,0.999947
3.50678,0.999947
3.51487,0.999947
3.52297,0.999947
3.5311,0.999947
3.53924,0.999947
3.5474,0.999947
3.55558,0.999947
3.56378,0.999947
3.57199,0.999947
3.58023,0.999947
3.58848,0.999947
3.59676,0.999947
3.60505,0.999947
3.61336,0.999947
3.62169,0.999947
3.63004,0.999947
3.63841,0.999947
3.6468,0.999947
3.65521,0.999947
3.66364,0.999947
3.67209,0.999947
3.68055,0.999947
3.68904,0.999947
3.69755,0.999947
3.70607,0.999947
3.71462,0.999947
3.72318,0.999947
3.73177,0.999947
3.74037,0.999947
3.74899,0.999947
3.75764,0.999947
3.7663,0.999947
3.77499,0.999947
3.78369,0.999947
3.79241,0.999947
3.80116,0.999947
3.80992,0.999947
3.81871,0.999947
3.82751,0.999947
3.83634,0.999947
3.84518,0.999947
3.85405,0.999947
3.86293,0.999947
3.87184,0.999947
3.88077,0.999947
3.88972,0.999947
3.89869,0.999947
3.90767,0.999947
3.91668,0.999947
3.92572,0.999947
3.93477,0.999947
3.94384,0.999947
3.95293,0.999947
3.96205,0.999947
3.97118,0.999947
3.98034,0.999947
3.98952,0.999947
3.99871,0.999947
4.00793,0.999947
4.01718,0.999947
4.02644,0.999947
4.03572,0.999947
4.04503,0.999947
4.05435,0.999947
4.0637,0.999947
4.07307,0.999947
4.08246,0.999947
4.09188,0.999947
4.10131,0.999947
4.11077,0.999947
4.12024,0.999947
4.12974,0.999947
4.13927,0.999947
4.14881,0.999947
4.15838,0.999947
4.16796,0.999947
4.17757,0.999947
4.18721,0.999947
4.19686,0.999947
4.20654,0.999947
4.21624,0.999947
4.22596,0.999947
4.2357,0.999947
4.24547,0.999947
4.25526,0.999947
4.26507,0.999947
4.2749,0.999947
4.28476,0.999947
4.29464,0.999947
4.30454,0.999947
4.31447,0.999947
4.32441,0.999947
4.33438,0.999947
4.34438,0.999947
4.35439,0.999947
4.36443,0.999947
4.3745,0.999947
4.38458,0.999947
4.39469,0.999947
4.40483,0.999947
4.41498,0.999947
4.42516,0.999947
4.43537,0.999947
4.44559,0.999947
4.45584,0.999947
4.46612,0.999947
4.47641,0.999947
4.48673,0.999947
4.49708,0.999947
4.50745,0.999947
4.51784,0.999947
4.52826,0.999947
4.5387,0.999947
4.54916,0.999947
4.55965,0.999947
4.57017,0.999947
4.5807,0.999947
4.59127,0.999947
4.60185,0.999947
4.61246,0.999947
4.6231,0.999947
4.63376,0.999947
4.64444,0.999947
4.65515,0.999947
4.66588,0.999947
4.67664,0.999947
4.68742,0.999947
4.69823,0.999947
4.70906,0.999947
4.71992,0.999947
4.7308,0.999947
4.74171,0.999947
4.75265,0.999947
4.7636,0.999947
4.77459,0.999947
4.7856,0.999947
4.79663,0.999947
4.80769,0.999947
4.81877,0.999947
4.82988,0.999947
4.84102,0.999947
4.85218,0.999947
4.86337,0.999947
4.87458,0.999947
4.88582,0.999947
4.89709,0.999947
4.90838,0.999947
4.9197,0.999947
4.93104,0.999947
4.94241,0.999947
4.95381,0.999947
4.96523,0.999947
4.97668,0.999947
4.98815,0.999947
4.99965,0.999947
5.01118,0.999947
5.02273,0.999947
5.03432,0.999947
5.04592,0.999947
5.05756,0.999947
5.06922,0.999947
5.08091,0.999947
5.09262,0.999947
5.10436,0.999947
5.11613,0.999947
5.12793,0.999947
5.13975,0.999947
5.1516,0.999947
5.16348,0.999947
5.17539,0.999947
5.18732,0.999947
5.19928,0.999947
5.21127,0.999947
5.22328,0.999947
5.23533,0.999947
5.2474,0.999947
5.2595,0.999947
5.27162,0.999947
5.28378,0.999947
5.29596,0.999947
5.30817,0.999947
5.32041,0.999947
5.33268,0.999947
5.34497,0.999947
5.3573,0.999947
5.36965,0.999947
5.38203,0.999947
5.39444,0.999947
5.40688,0.999947
5.41934,0.999947
5.43184,0.999947
5.44436,0.999947
5.45692,0.999947
5.4695,0.999947
5.48211,0.999947
5.49475,0.999947
5.50742,0.999947
5.52012,0.999947
5.53285,0.999947
5.5456,0.999947
5.55839,0.999947
5.57121,0.999947
5.58405,0.999947
5.59693,0.999947
5.60983,0.999947
5.62277,0.999947
5.63573,0.999947
5.64872,0.999947
5.66175,0.999947
5.6748,0.999947
5.68789,0.999947
5.701,0.999947
5.71415,0.999947
5.72732,0.999947
5.74053,0.999947
5.75376,0.999947
5.76703,0.999947
5.78033,0.999947
5.79365,0.999947
5.80701,0.999947
5.8204,0.999947
5.83382,0.999947
5.84727,0.999947
5.86076,0.999947
5.87427,0.999947
5.88781,0.999947
5.90139,0.999947
5.915,0.999947
5.92863,0.999947
5.9423,0.999947
5.956,0.999947
5.96974,0.999947
5.9835,0.999947
5.9973,0.999947
6.01113,0.999947
6.02499,0.999947
6.03888,0.999947
6.0528,0.999947
6.06676,0.999947
6.08074,0.999947
6.09477,0.999947
6.10882,0.999947
6.1229,0.999947
6.13702,0.999947
6.15117,0.999947
6.16535,0.999947
6.17957,0.999947
6.19382,0.999947
6.2081,0.999947
6.22241,0.999947
6.23676,0.999947
6.25114,0.999947
6.26555,0.999947
6.28,0.999947
6.29448,0.999947
6.30899,0.999947
6.32354,0.999947
6.33812,0.999947
6.35273,0.999947
6.36738,0.999947
6.38206,0.999947
6.39678,0.999947
6.41153,0.999947
6.42631,0.999947
6.44113,0.999947
6.45598,0.999947
6.47086,0.999947
6.48578,0.999947
6.50074,0.999947
6.51573,0.999947
6.53075,0.999947
6.54581,0.999947
6.5609,0.999947
6.57603,0.999947
6.59119,0.999947
6.60639,0.999947
6.62162,0.999947
6.63689,0.999947
6.65219,0.999947
6.66753,0.999947
6.6829,0.999947
6.69831,0.999947
6.71375,0.999947
6.72923,0.999947
6.74475,0.999947
6.7603,0.999947
6.77589,0.999947
6.79151,0.999947
6.80717,0.999947
6.82287,0.999947
6.8386,0.999947
6.85436,0.999947
6.87017,0.999947
6.88601,0.999947
6.90189,0.999947
6.9178,0.999947
6.93375,0.999947
6.94974,0.999947
6.96576,0.999947
6.98182,0.999947
6.99792,0.999947
7.01406,0.999947
7.03023,0.999947
7.04644,0.999947
7.06268,0.999947
7.07897,0.999947
7.09529,0.999947
7.11165,0.999947
7.12805,0.999947
7.14448,0.999947
7.16096,0.999947
7.17747,0.999947
7.19402,0.999947
7.2106,0.999947
7.22723,0.999947
7.24389,0.999947
7.26059,0.999947
7.27734,0.999947
7.29411,0.999947
7.31093,0.999947
7.32779,0.999947
7.34469,0.999947
7.36162,0.999947
7.37859,0.999947
7.39561,0.999947
7.41266,0.999947
7.42975,0.999947
7.44688,0.999947
7.46405,0.999947
7.48126,0.999947
7.49851,0.999947
7.5158,0.999947
7.53313,0.999947
7.5505,0.999947
7.56791,0.999947
7.58536,0.999947
7.60285,0.999947
7.62038,0.999947
7.63795,0.999947
7.65556,0.999947
7.67321,0.999947
7.6909,0.999947
7.70863,0.999947
7.72641,0.999947
7.74422,0.999947
7.76208,0.999947
7.77997,0.999947
7.79791,0.999947
7.81589,0.999947
7.83391,0.999947
7.85198,0.999947
7.87008,0.999947
7.88823,0.999947
7.90641,0.999947
7.92464,0.999947
7.94292,0.999947
7.96123,0.999947
7.97959,0.999947
7.99799,0.999947
8.01643,0.999947
8.03491,0.999947
8.05344,0.999947
8.072,0.999947
8.09062,0.999947
8.10927,0.999947
8.12797,0.999947
8.14671,0.999947
8.16549,0.999947
8.18432,0.999947
8.20319,0.999947
8.2221,0.999947
8.24106,0.999947
8.26006,0.999947
8.27911,0.999947
8.2982,0.999947
8.31733,0.999947
8.33651,0.999947
8.35573,0.999947
8.375,0.999947
8.39431,0.999947
8.41366,0.999947
8.43306,0.999947
8.4525,0.999947
8.47199,0.999947
8.49153,0.999947
8.51111,0.999947
8.53073,0.999947
8.5504,0.999947
8.57011,0.999947
8.58987,0.999947
8.60968,0.999947
8.62953,0.999947
8.64943,0.999947
8.66937,0.999947
8.68936,0.999947
8.7094,0.999947
8.72948,0.999947
8.7496,0.999947
8.76978,0.999947
8.79,0.999947
8.81027,0.999947
8.83058,0.999947
8.85094,0.999947
8.87135,0.999947
8.8918,0.999947
8.9123,0.999947
8.93285,0.999947
8.95345,0.999947
8.97409,0.999947
8.99479,0.999947
9.01552,0.999947
9.03631,0.999947
9.05715,0.999947
9.07803,0.999947
9.09896,0.999947
9.11994,0.999947
9.14097,0.999947
9.16204,0.999947
9.18317,0.999947
9.20434,0.999947
9.22557,0.999947
9.24684,0.999947
9.26816,0.999947
9.28953,0.999947
9.31095,0.999947
9.33241,0.999947
9.35393,0.999947
9.3755,0.999947
9.39712,0.999947
9.41878,0.999947
9.4405,0.999947
9.46227,0.999947
9.48408,0.999947
9.50595,0.999947
9.52787,0.999947
9.54984,0.999947
9.57186,0.999947
9.59393,0.999947
9.61605,0.999947
9.63822,0.999947
9.66044,0.999947
9.68272,0.999947
9.70504,0.999947
9.72742,0.999947
9.74985,0.999947
9.77233,0.999947
9.79486,0.999947
9.81744,0.999947
9.84008,0.999947
9.86277,0.999947
9.88551,0.999947
9.9083,0.999947
9.93115,0.999947
9.95405,0.999947
9.977,0.999947
10,0.999947
