r,N
0.0001,1.15872e-08
0.000100231,1.16426e-08
0.000100462,1.16982e-08
0.000100693,1.17541e-08
0.000100925,1.18102e-08
0.000101158,1.18667e-08
0.000101391,1.19233e-08
0.000101625,1.19803e-08
0.00010186,1.20375e-08
0.000102094,1.20951e-08
0.00010233,1.21528e-08
0.000102566,1.22109e-08
0.000102802,1.22692e-08
0.000103039,1.23279e-08
0.000103277,1.23868e-08
0.000103515,1.24459e-08
0.000103754,1.25054e-08
0.000103993,1.25651e-08
0.000104233,1.26252e-08
0.000104473,1.26855e-08
0.000104714,1.27461e-08
0.000104955,1.2807e-08
0.000105197,1.28682e-08
0.00010544,1.29296e-08
0.000105683,1.29914e-08
0.000105927,1.30535e-08
0.000106171,1.31158e-08
0.000106416,1.31785e-08
0.000106661,1.32415e-08
0.000106907,1.33047e-08
0.000107153,1.33683e-08
0.0001074,1.34321e-08
0.000107648,1.34963e-08
0.000107896,1.35608e-08
0.000108145,1.36256e-08
0.000108394,1.36907e-08
0.000108644,1.37561e-08
0.000108895,1.38218e-08
0.000109146,1.38878e-08
0.000109398,1.39542e-08
0.00010965,1.40208e-08
0.000109903,1.40878e-08
0.000110156,1.41551e-08
0.00011041,1.42227e-08
0.000110665,1.42907e-08
0.00011092,1.4359e-08
0.000111176,1.44275e-08
0.000111432,1.44965e-08
0.000111689,1.45657e-08
0.000111946,1.46353e-08
0.000112204,1.47052e-08
0.000112463,1.47755e-08
0.000112722,1.48461e-08
0.000112982,1.4917e-08
0.000113243,1.49882e-08
0.000113504,1.50598e-08
0.000113766,1.51318e-08
0.000114028,1.52041e-08
0.000114291,1.52767e-08
0.000114554,1.53497e-08
0.000114819,1.5423e-08
0.000115083,1.54967e-08
0.000115349,1.55707e-08
0.000115615,1.56451e-08
0.000115881,1.57198e-08
0.000116148,1.57949e-08
0.000116416,1.58704e-08
0.000116685,1.59462e-08
0.000116954,1.60224e-08
0.000117223,1.60989e-08
0.000117494,1.61758e-08
0.000117764,1.62531e-08
0.000118036,1.63307e-08
0.000118308,1.64087e-08
0.000118581,1.64871e-08
0.000118854,1.65659e-08
0.000119128,1.6645e-08
0.000119403,1.67245e-08
0.000119678,1.68044e-08
0.000119954,1.68847e-08
0.000120231,1.69654e-08
0.000120508,1.70464e-08
0.000120786,1.71278e-08
0.000121064,1.72096e-08
0.000121344,1.72919e-08
0.000121623,1.73745e-08
0.000121904,1.74575e-08
0.000122185,1.75408e-08
0.000122467,1.76246e-08
0.000122749,1.77088e-08
0.000123032,1.77934e-08
0.000123316,1.78784e-08
0.0001236,1.79638e-08
0.000123885,1.80496e-08
0.000124171,1.81358e-08
0.000124457,1.82225e-08
0.000124744,1.83095e-08
0.000125031,1.8397e-08
0.00012532,1.84849e-08
0.000125609,1.85732e-08
0.000125898,1.86619e-08
0.000126189,1.8751e-08
0.00012648,1.88406e-08
0.000126771,1.89306e-08
0.000127063,1.9021e-08
0.000127356,1.91119e-08
0.00012765,1.92032e-08
0.000127944,1.92949e-08
0.000128239,1.9387e-08
0.000128535,1.94797e-08
0.000128831,1.95727e-08
0.000129129,1.96662e-08
0.000129426,1.97601e-08
0.000129725,1.98545e-08
0.000130024,1.99494e-08
0.000130324,2.00446e-08
0.000130624,2.01404e-08
0.000130925,2.02366e-08
0.000131227,2.03333e-08
0.00013153,2.04304e-08
0.000131833,2.0528e-08
0.000132137,2.0626e-08
0.000132442,2.07245e-08
0.000132747,2.08235e-08
0.000133053,2.0923e-08
0.00013336,2.10229e-08
0.000133667,2.11233e-08
0.000133976,2.12242e-08
0.000134284,2.13256e-08
0.000134594,2.14275e-08
0.000134904,2.15298e-08
0.000135215,2.16327e-08
0.000135527,2.1736e-08
0.00013584,2.18398e-08
0.000136153,2.19441e-08
0.000136467,2.20489e-08
0.000136781,2.21542e-08
0.000137097,2.22601e-08
0.000137413,2.23664e-08
0.00013773,2.24732e-08
0.000138047,2.25806e-08
0.000138366,2.26884e-08
0.000138685,2.27968e-08
0.000139004,2.29057e-08
0.000139325,2.30151e-08
0.000139646,2.3125e-08
0.000139968,2.32354e-08
0.000140291,2.33464e-08
0.000140614,2.34579e-08
0.000140939,2.357e-08
0.000141264,2.36825e-08
0.000141589,2.37956e-08
0.000141916,2.39093e-08
0.000142243,2.40235e-08
0.000142571,2.41382e-08
0.0001429,2.42535e-08
0.000143229,2.43694e-08
0.000143559,2.44858e-08
0.00014389,2.46027e-08
0.000144222,2.47202e-08
0.000144555,2.48383e-08
0.000144888,2.49569e-08
0.000145222,2.50761e-08
0.000145557,2.51959e-08
0.000145892,2.53162e-08
0.000146229,2.54371e-08
0.000146566,2.55586e-08
0.000146904,2.56807e-08
0.000147243,2.58033e-08
0.000147582,2.59265e-08
0.000147922,2.60504e-08
0.000148263,2.61748e-08
0.000148605,2.62998e-08
0.000148948,2.64254e-08
0.000149291,2.65516e-08
0.000149636,2.66784e-08
0.000149981,2.68058e-08
0.000150326,2.69339e-08
0.000150673,2.70625e-08
0.00015102,2.71917e-08
0.000151369,2.73216e-08
0.000151718,2.74521e-08
0.000152068,2.75832e-08
0.000152418,2.77149e-08
0.00015277,2.78473e-08
0.000153122,2.79803e-08
0.000153475,2.81139e-08
0.000153829,2.82482e-08
0.000154183,2.83831e-08
0.000154539,2.85186e-08
0.000154895,2.86548e-08
0.000155252,2.87917e-08
0.00015561,2.89292e-08
0.000155969,2.90673e-08
0.000156329,2.92061e-08
0.000156689,2.93456e-08
0.00015705,2.94858e-08
0.000157413,2.96266e-08
0.000157776,2.97681e-08
0.000158139,2.99102e-08
0.000158504,3.00531e-08
0.000158869,3.01966e-08
0.000159236,3.03408e-08
0.000159603,3.04857e-08
0.000159971,3.06313e-08
0.00016034,3.07776e-08
0.000160709,3.09245e-08
0.00016108,3.10722e-08
0.000161451,3.12206e-08
0.000161824,3.13697e-08
0.000162197,3.15195e-08
0.000162571,3.167e-08
0.000162946,3.18213e-08
0.000163321,3.19732e-08
0.000163698,3.21259e-08
0.000164075,3.22793e-08
0.000164454,3.24335e-08
0.000164833,3.25883e-08
0.000165213,3.2744e-08
0.000165594,3.29003e-08
0.000165976,3.30574e-08
0.000166358,3.32153e-08
0.000166742,3.33739e-08
0.000167126,3.35333e-08
0.000167512,3.36934e-08
0.000167898,3.38543e-08
0.000168285,3.4016e-08
0.000168673,3.41784e-08
0.000169062,3.43416e-08
0.000169452,3.45056e-08
0.000169842,3.46704e-08
0.000170234,3.48359e-08
0.000170626,3.50023e-08
0.00017102,3.51694e-08
0.000171414,3.53374e-08
0.000171809,3.55061e-08
0.000172206,3.56757e-08
0.000172603,3.5846e-08
0.000173001,3.60172e-08
0.000173399,3.61892e-08
0.000173799,3.6362e-08
0.0001742,3.65356e-08
0.000174602,3.67101e-08
0.000175004,3.68854e-08
0.000175408,3.70615e-08
0.000175812,3.72384e-08
0.000176218,3.74163e-08
0.000176624,3.75949e-08
0.000177031,3.77744e-08
0.000177439,3.79548e-08
0.000177848,3.8136e-08
0.000178258,3.83181e-08
0.000178669,3.85011e-08
0.000179081,3.86849e-08
0.000179494,3.88697e-08
0.000179908,3.90553e-08
0.000180323,3.92417e-08
0.000180739,3.94291e-08
0.000181156,3.96174e-08
0.000181573,3.98065e-08
0.000181992,3.99966e-08
0.000182411,4.01876e-08
0.000182832,4.03795e-08
0.000183254,4.05723e-08
0.000183676,4.0766e-08
0.0001841,4.09606e-08
0.000184524,4.11562e-08
0.00018495,4.13527e-08
0.000185376,4.15502e-08
0.000185803,4.17486e-08
0.000186232,4.19479e-08
0.000186661,4.21482e-08
0.000187092,4.23494e-08
0.000187523,4.25516e-08
0.000187955,4.27548e-08
0.000188389,4.29589e-08
0.000188823,4.3164e-08
0.000189259,4.33701e-08
0.000189695,4.35772e-08
0.000190132,4.37852e-08
0.000190571,4.39943e-08
0.00019101,4.42043e-08
0.00019145,4.44154e-08
0.000191892,4.46275e-08
0.000192334,4.48405e-08
0.000192778,4.50546e-08
0.000193222,4.52697e-08
0.000193668,4.54859e-08
0.000194114,4.5703e-08
0.000194562,4.59212e-08
0.000195011,4.61405e-08
0.00019546,4.63608e-08
0.000195911,4.65821e-08
0.000196363,4.68045e-08
0.000196815,4.7028e-08
0.000197269,4.72525e-08
0.000197724,4.74781e-08
0.00019818,4.77047e-08
0.000198637,4.79325e-08
0.000199095,4.81613e-08
0.000199554,4.83913e-08
0.000200014,4.86223e-08
0.000200475,4.88544e-08
0.000200937,4.90877e-08
0.000201401,4.9322e-08
0.000201865,4.95575e-08
0.00020233,4.97941e-08
0.000202797,5.00318e-08
0.000203265,5.02706e-08
0.000203733,5.05106e-08
0.000204203,5.07518e-08
0.000204674,5.09941e-08
0.000205146,5.12375e-08
0.000205619,5.14821e-08
0.000206093,5.17279e-08
0.000206568,5.19748e-08
0.000207044,5.2223e-08
0.000207522,5.24723e-08
0.000208,5.27228e-08
0.00020848,5.29744e-08
0.00020896,5.32273e-08
0.000209442,5.34814e-08
0.000209925,5.37367e-08
0.000210409,5.39933e-08
0.000210894,5.4251e-08
0.000211381,5.451e-08
0.000211868,5.47702e-08
0.000212356,5.50317e-08
0.000212846,5.52944e-08
0.000213337,5.55584e-08
0.000213829,5.58236e-08
0.000214322,5.60901e-08
0.000214816,5.63578e-08
0.000215311,5.66268e-08
0.000215808,5.68972e-08
0.000216305,5.71688e-08
0.000216804,5.74417e-08
0.000217304,5.77159e-08
0.000217805,5.79914e-08
0.000218307,5.82682e-08
0.00021881,5.85463e-08
0.000219315,5.88258e-08
0.000219821,5.91066e-08
0.000220327,5.93888e-08
0.000220835,5.96722e-08
0.000221345,5.99571e-08
0.000221855,6.02433e-08
0.000222367,6.05308e-08
0.000222879,6.08198e-08
0.000223393,6.11101e-08
0.000223908,6.14018e-08
0.000224424,6.16949e-08
0.000224942,6.19894e-08
0.000225461,6.22853e-08
0.00022598,6.25826e-08
0.000226501,6.28813e-08
0.000227024,6.31814e-08
0.000227547,6.3483e-08
0.000228072,6.3786e-08
0.000228598,6.40905e-08
0.000229125,6.43964e-08
0.000229653,6.47038e-08
0.000230183,6.50126e-08
0.000230713,6.53229e-08
0.000231245,6.56347e-08
0.000231778,6.5948e-08
0.000232313,6.62628e-08
0.000232848,6.65791e-08
0.000233385,6.68968e-08
0.000233923,6.72161e-08
0.000234463,6.7537e-08
0.000235003,6.78593e-08
0.000235545,6.81832e-08
0.000236088,6.85086e-08
0.000236633,6.88356e-08
0.000237178,6.91642e-08
0.000237725,6.94943e-08
0.000238273,6.98259e-08
0.000238823,7.01592e-08
0.000239373,7.04941e-08
0.000239925,7.08305e-08
0.000240478,7.11686e-08
0.000241033,7.15083e-08
0.000241589,7.18495e-08
0.000242146,7.21925e-08
0.000242704,7.2537e-08
0.000243264,7.28832e-08
0.000243825,7.32311e-08
0.000244387,7.35806e-08
0.00024495,7.39317e-08
0.000245515,7.42846e-08
0.000246081,7.46391e-08
0.000246648,7.49953e-08
0.000247217,7.53532e-08
0.000247787,7.57129e-08
0.000248358,7.60742e-08
0.000248931,7.64373e-08
0.000249505,7.68021e-08
0.00025008,7.71686e-08
0.000250657,7.75369e-08
0.000251235,7.79069e-08
0.000251814,7.82787e-08
0.000252395,7.86523e-08
0.000252977,7.90277e-08
0.00025356,7.94048e-08
0.000254145,7.97837e-08
0.000254731,8.01645e-08
0.000255318,8.05471e-08
0.000255907,8.09315e-08
0.000256497,8.13177e-08
0.000257088,8.17057e-08
0.000257681,8.20957e-08
0.000258275,8.24874e-08
0.000258871,8.28811e-08
0.000259467,8.32766e-08
0.000260066,8.3674e-08
0.000260665,8.40733e-08
0.000261266,8.44745e-08
0.000261869,8.48776e-08
0.000262473,8.52827e-08
0.000263078,8.56896e-08
0.000263684,8.60985e-08
0.000264292,8.65094e-08
0.000264902,8.69222e-08
0.000265512,8.7337e-08
0.000266125,8.77538e-08
0.000266738,8.81725e-08
0.000267353,8.85933e-08
0.00026797,8.9016e-08
0.000268588,8.94408e-08
0.000269207,8.98676e-08
0.000269828,9.02964e-08
0.00027045,9.07273e-08
0.000271073,9.11602e-08
0.000271698,9.15952e-08
0.000272325,9.20323e-08
0.000272953,9.24714e-08
0.000273582,9.29126e-08
0.000274213,9.3356e-08
0.000274845,9.38014e-08
0.000275479,9.4249e-08
0.000276114,9.46987e-08
0.000276751,9.51506e-08
0.000277389,9.56046e-08
0.000278028,9.60608e-08
0.000278669,9.65192e-08
0.000279312,9.69797e-08
0.000279956,9.74424e-08
0.000280601,9.79074e-08
0.000281248,9.83745e-08
0.000281897,9.88439e-08
0.000282547,9.93155e-08
0.000283198,9.97894e-08
0.000283851,1.00266e-07
0.000284506,1.00744e-07
0.000285162,1.01225e-07
0.000285819,1.01708e-07
0.000286478,1.02193e-07
0.000287139,1.0268e-07
0.000287801,1.0317e-07
0.000288464,1.03663e-07
0.000289129,1.04157e-07
0.000289796,1.04654e-07
0.000290464,1.05153e-07
0.000291134,1.05655e-07
0.000291805,1.06159e-07
0.000292478,1.06666e-07
0.000293152,1.07175e-07
0.000293828,1.07686e-07
0.000294506,1.082e-07
0.000295185,1.08716e-07
0.000295865,1.09235e-07
0.000296548,1.09756e-07
0.000297231,1.10279e-07
0.000297917,1.10805e-07
0.000298604,1.11334e-07
0.000299292,1.11865e-07
0.000299982,1.12399e-07
0.000300674,1.12935e-07
0.000301367,1.13474e-07
0.000302062,1.14015e-07
0.000302758,1.14559e-07
0.000303456,1.15106e-07
0.000304156,1.15655e-07
0.000304857,1.16207e-07
0.00030556,1.16761e-07
0.000306265,1.17318e-07
0.000306971,1.17878e-07
0.000307679,1.1844e-07
0.000308388,1.19005e-07
0.000309099,1.19573e-07
0.000309812,1.20143e-07
0.000310526,1.20716e-07
0.000311242,1.21292e-07
0.00031196,1.21871e-07
0.000312679,1.22452e-07
0.0003134,1.23036e-07
0.000314123,1.23623e-07
0.000314847,1.24213e-07
0.000315573,1.24805e-07
0.000316301,1.25401e-07
0.00031703,1.25999e-07
0.000317761,1.266e-07
0.000318494,1.27204e-07
0.000319228,1.27811e-07
0.000319964,1.2842e-07
0.000320702,1.29033e-07
0.000321441,1.29648e-07
0.000322182,1.30267e-07
0.000322925,1.30888e-07
0.00032367,1.31513e-07
0.000324416,1.3214e-07
0.000325164,1.3277e-07
0.000325914,1.33404e-07
0.000326665,1.3404e-07
0.000327418,1.34679e-07
0.000328173,1.35322e-07
0.00032893,1.35967e-07
0.000329688,1.36616e-07
0.000330449,1.37267e-07
0.00033121,1.37922e-07
0.000331974,1.3858e-07
0.00033274,1.39241e-07
0.000333507,1.39905e-07
0.000334276,1.40572e-07
0.000335046,1.41243e-07
0.000335819,1.41916e-07
0.000336593,1.42593e-07
0.000337369,1.43273e-07
0.000338147,1.43957e-07
0.000338927,1.44643e-07
0.000339708,1.45333e-07
0.000340492,1.46026e-07
0.000341277,1.46723e-07
0.000342064,1.47423e-07
0.000342852,1.48126e-07
0.000343643,1.48832e-07
0.000344435,1.49542e-07
0.000345229,1.50255e-07
0.000346025,1.50972e-07
0.000346823,1.51692e-07
0.000347623,1.52415e-07
0.000348424,1.53142e-07
0.000349228,1.53873e-07
0.000350033,1.54606e-07
0.00035084,1.55344e-07
0.000351649,1.56085e-07
0.00035246,1.56829e-07
0.000353272,1.57577e-07
0.000354087,1.58328e-07
0.000354903,1.59083e-07
0.000355722,1.59842e-07
0.000356542,1.60604e-07
0.000357364,1.6137e-07
0.000358188,1.6214e-07
0.000359014,1.62913e-07
0.000359841,1.6369e-07
0.000360671,1.64471e-07
0.000361503,1.65255e-07
0.000362336,1.66043e-07
0.000363172,1.66835e-07
0.000364009,1.6763e-07
0.000364848,1.6843e-07
0.00036569,1.69233e-07
0.000366533,1.7004e-07
0.000367378,1.70851e-07
0.000368225,1.71666e-07
0.000369074,1.72484e-07
0.000369925,1.73307e-07
0.000370778,1.74133e-07
0.000371633,1.74963e-07
0.00037249,1.75798e-07
0.000373349,1.76636e-07
0.000374209,1.77478e-07
0.000375072,1.78325e-07
0.000375937,1.79175e-07
0.000376804,1.80029e-07
0.000377673,1.80888e-07
0.000378543,1.8175e-07
0.000379416,1.82617e-07
0.000380291,1.83488e-07
0.000381168,1.84362e-07
0.000382047,1.85242e-07
0.000382928,1.86125e-07
0.00038381,1.87012e-07
0.000384695,1.87904e-07
0.000385582,1.888e-07
0.000386471,1.897e-07
0.000387363,1.90605e-07
0.000388256,1.91513e-07
0.000389151,1.92426e-07
0.000390048,1.93344e-07
0.000390947,1.94266e-07
0.000391849,1.95192e-07
0.000392752,1.96123e-07
0.000393658,1.97058e-07
0.000394566,1.97997e-07
0.000395475,1.98941e-07
0.000396387,1.9989e-07
0.000397301,2.00843e-07
0.000398217,2.018e-07
0.000399135,2.02762e-07
0.000400056,2.03729e-07
0.000400978,2.047e-07
0.000401903,2.05676e-07
0.000402829,2.06657e-07
0.000403758,2.07642e-07
0.000404689,2.08632e-07
0.000405622,2.09627e-07
0.000406557,2.10626e-07
0.000407495,2.1163e-07
0.000408434,2.12639e-07
0.000409376,2.13653e-07
0.00041032,2.14671e-07
0.000411266,2.15695e-07
0.000412214,2.16723e-07
0.000413165,2.17756e-07
0.000414117,2.18794e-07
0.000415072,2.19837e-07
0.000416029,2.20885e-07
0.000416988,2.21938e-07
0.00041795,2.22996e-07
0.000418914,2.24059e-07
0.000419879,2.25127e-07
0.000420848,2.262e-07
0.000421818,2.27279e-07
0.000422791,2.28362e-07
0.000423765,2.29451e-07
0.000424742,2.30544e-07
0.000425722,2.31643e-07
0.000426703,2.32747e-07
0.000427687,2.33857e-07
0.000428673,2.34972e-07
0.000429662,2.36092e-07
0.000430652,2.37217e-07
0.000431645,2.38348e-07
0.000432641,2.39484e-07
0.000433638,2.40625e-07
0.000434638,2.41772e-07
0.00043564,2.42925e-07
0.000436645,2.44083e-07
0.000437651,2.45246e-07
0.00043866,2.46415e-07
0.000439672,2.47589e-07
0.000440686,2.4877e-07
0.000441702,2.49955e-07
0.00044272,2.51147e-07
0.000443741,2.52344e-07
0.000444764,2.53546e-07
0.000445789,2.54755e-07
0.000446817,2.55969e-07
0.000447848,2.57189e-07
0.00044888,2.58415e-07
0.000449915,2.59646e-07
0.000450953,2.60884e-07
0.000451992,2.62127e-07
0.000453034,2.63377e-07
0.000454079,2.64632e-07
0.000455126,2.65893e-07
0.000456175,2.6716e-07
0.000457227,2.68433e-07
0.000458281,2.69713e-07
0.000459338,2.70998e-07
0.000460397,2.7229e-07
0.000461459,2.73587e-07
0.000462523,2.74891e-07
0.000463589,2.76201e-07
0.000464658,2.77517e-07
0.000465729,2.7884e-07
0.000466803,2.80169e-07
0.00046788,2.81504e-07
0.000468958,2.82845e-07
0.00047004,2.84193e-07
0.000471123,2.85548e-07
0.00047221,2.86908e-07
0.000473298,2.88276e-07
0.00047439,2.89649e-07
0.000475483,2.9103e-07
0.00047658,2.92416e-07
0.000477679,2.9381e-07
0.00047878,2.9521e-07
0.000479884,2.96617e-07
0.00048099,2.9803e-07
0.000482099,2.9945e-07
0.000483211,3.00877e-07
0.000484325,3.02311e-07
0.000485442,3.03751e-07
0.000486561,3.05199e-07
0.000487683,3.06653e-07
0.000488807,3.08114e-07
0.000489935,3.09582e-07
0.000491064,3.11057e-07
0.000492196,3.12539e-07
0.000493331,3.14028e-07
0.000494469,3.15525e-07
0.000495609,3.17028e-07
0.000496752,3.18539e-07
0.000497897,3.20056e-07
0.000499045,3.21581e-07
0.000500196,3.23113e-07
0.000501349,3.24653e-07
0.000502505,3.262e-07
0.000503663,3.27754e-07
0.000504825,3.29315e-07
0.000505989,3.30884e-07
0.000507155,3.32461e-07
0.000508325,3.34045e-07
0.000509497,3.35636e-07
0.000510672,3.37235e-07
0.000511849,3.38842e-07
0.000513029,3.40456e-07
0.000514212,3.42078e-07
0.000515398,3.43708e-07
0.000516586,3.45345e-07
0.000517777,3.46991e-07
0.000518971,3.48644e-07
0.000520168,3.50305e-07
0.000521367,3.51973e-07
0.000522569,3.5365e-07
0.000523774,3.55335e-07
0.000524982,3.57028e-07
0.000526192,3.58729e-07
0.000527405,3.60437e-07
0.000528621,3.62154e-07
0.00052984,3.6388e-07
0.000531062,3.65613e-07
0.000532286,3.67355e-07
0.000533514,3.69105e-07
0.000534744,3.70863e-07
0.000535977,3.72629e-07
0.000537212,3.74404e-07
0.000538451,3.76188e-07
0.000539693,3.7798e-07
0.000540937,3.7978e-07
0.000542184,3.81589e-07
0.000543434,3.83407e-07
0.000544687,3.85233e-07
0.000545943,3.87068e-07
0.000547202,3.88912e-07
0.000548464,3.90764e-07
0.000549728,3.92625e-07
0.000550996,3.94496e-07
0.000552266,3.96375e-07
0.00055354,3.98262e-07
0.000554816,4.00159e-07
0.000556095,4.02065e-07
0.000557377,4.0398e-07
0.000558662,4.05904e-07
0.00055995,4.07838e-07
0.000561242,4.0978e-07
0.000562536,4.11732e-07
0.000563833,4.13693e-07
0.000565133,4.15663e-07
0.000566436,4.17643e-07
0.000567742,4.19632e-07
0.000569051,4.2163e-07
0.000570363,4.23638e-07
0.000571678,4.25656e-07
0.000572996,4.27683e-07
0.000574317,4.2972e-07
0.000575641,4.31766e-07
0.000576969,4.33822e-07
0.000578299,4.35888e-07
0.000579632,4.37964e-07
0.000580969,4.4005e-07
0.000582308,4.42145e-07
0.000583651,4.44251e-07
0.000584997,4.46367e-07
0.000586346,4.48492e-07
0.000587697,4.50628e-07
0.000589053,4.52774e-07
0.000590411,4.5493e-07
0.000591772,4.57096e-07
0.000593136,4.59273e-07
0.000594504,4.6146e-07
0.000595875,4.63657e-07
0.000597249,4.65865e-07
0.000598626,4.68083e-07
0.000600006,4.70312e-07
0.000601389,4.72552e-07
0.000602776,4.74802e-07
0.000604166,4.77062e-07
0.000605559,4.79334e-07
0.000606955,4.81616e-07
0.000608355,4.83916e-07
0.000609757,4.86227e-07
0.000611163,4.88549e-07
0.000612572,4.90881e-07
0.000613985,4.93225e-07
0.0006154,4.95581e-07
0.000616819,4.97947e-07
0.000618242,5.00325e-07
0.000619667,5.02714e-07
0.000621096,5.05114e-07
0.000622528,5.07526e-07
0.000623963,5.09949e-07
0.000625402,5.12384e-07
0.000626844,5.1483e-07
0.000628289,5.17288e-07
0.000629738,5.19758e-07
0.00063119,5.2224e-07
0.000632645,5.24733e-07
0.000634104,5.27238e-07
0.000635566,5.29755e-07
0.000637031,5.32285e-07
0.0006385,5.34826e-07
0.000639972,5.37379e-07
0.000641448,5.39945e-07
0.000642927,5.42522e-07
0.000644409,5.45112e-07
0.000645895,5.47715e-07
0.000647384,5.50329e-07
0.000648877,5.52957e-07
0.000650373,5.55596e-07
0.000651873,5.58249e-07
0.000653376,5.60914e-07
0.000654882,5.63591e-07
0.000656392,5.66281e-07
0.000657906,5.68985e-07
0.000659423,5.71701e-07
0.000660943,5.7443e-07
0.000662467,5.77172e-07
0.000663994,5.79927e-07
0.000665525,5.82695e-07
0.00066706,5.85476e-07
0.000668598,5.88271e-07
0.00067014,5.91079e-07
0.000671685,5.939e-07
0.000673233,5.96735e-07
0.000674786,5.99583e-07
0.000676341,6.02445e-07
0.000677901,6.0532e-07
0.000679464,6.08209e-07
0.000681031,6.11112e-07
0.000682601,6.14029e-07
0.000684175,6.16959e-07
0.000685752,6.19904e-07
0.000687333,6.22862e-07
0.000688918,6.25835e-07
0.000690507,6.28822e-07
0.000692099,6.31823e-07
0.000693694,6.34838e-07
0.000695294,6.37868e-07
0.000696897,6.40912e-07
0.000698504,6.4397e-07
0.000700114,6.47043e-07
0.000701729,6.50131e-07
0.000703347,6.53234e-07
0.000704968,6.56351e-07
0.000706594,6.59483e-07
0.000708223,6.6263e-07
0.000709856,6.65792e-07
0.000711493,6.68969e-07
0.000713133,6.72161e-07
0.000714777,6.75368e-07
0.000716425,6.78591e-07
0.000718077,6.81829e-07
0.000719733,6.85082e-07
0.000721393,6.88351e-07
0.000723056,6.91635e-07
0.000724723,6.94935e-07
0.000726394,6.98251e-07
0.000728069,7.01583e-07
0.000729748,7.0493e-07
0.00073143,7.08293e-07
0.000733117,7.11673e-07
0.000734807,7.15068e-07
0.000736501,7.1848e-07
0.000738199,7.21907e-07
0.000739901,7.25351e-07
0.000741607,7.28812e-07
0.000743317,7.32289e-07
0.000745031,7.35782e-07
0.000746749,7.39293e-07
0.000748471,7.42819e-07
0.000750197,7.46363e-07
0.000751926,7.49924e-07
0.00075366,7.53501e-07
0.000755398,7.57095e-07
0.000757139,7.60707e-07
0.000758885,7.64336e-07
0.000760635,7.67982e-07
0.000762389,7.71645e-07
0.000764147,7.75326e-07
0.000765908,7.79024e-07
0.000767674,7.8274e-07
0.000769444,7.86474e-07
0.000771218,7.90225e-07
0.000772997,7.93994e-07
0.000774779,7.97781e-07
0.000776565,8.01587e-07
0.000778356,8.0541e-07
0.000780151,8.09251e-07
0.000781949,8.13111e-07
0.000783752,8.16989e-07
0.000785559,8.20886e-07
0.000787371,8.24801e-07
0.000789186,8.28734e-07
0.000791006,8.32687e-07
0.00079283,8.36658e-07
0.000794658,8.40648e-07
0.00079649,8.44657e-07
0.000798326,8.48685e-07
0.000800167,8.52732e-07
0.000802012,8.56799e-07
0.000803861,8.60885e-07
0.000805715,8.6499e-07
0.000807572,8.69115e-07
0.000809434,8.7326e-07
0.000811301,8.77424e-07
0.000813171,8.81608e-07
0.000815046,8.85812e-07
0.000816925,8.90035e-07
0.000818809,8.94279e-07
0.000820697,8.98544e-07
0.000822589,9.02828e-07
0.000824486,9.07133e-07
0.000826387,9.11458e-07
0.000828292,9.15804e-07
0.000830202,9.2017e-07
0.000832116,9.24558e-07
0.000834035,9.28966e-07
0.000835958,9.33395e-07
0.000837885,9.37845e-07
0.000839817,9.42316e-07
0.000841754,9.46809e-07
0.000843695,9.51323e-07
0.00084564,9.55858e-07
0.00084759,9.60415e-07
0.000849544,9.64994e-07
0.000851503,9.69594e-07
0.000853466,9.74216e-07
0.000855434,9.78861e-07
0.000857406,9.83527e-07
0.000859383,9.88215e-07
0.000861365,9.92926e-07
0.000863351,9.97659e-07
0.000865341,1.00242e-06
0.000867337,1.00719e-06
0.000869336,1.01199e-06
0.000871341,1.01682e-06
0.00087335,1.02166e-06
0.000875364,1.02653e-06
0.000877382,1.03143e-06
0.000879405,1.03634e-06
0.000881432,1.04128e-06
0.000883465,1.04625e-06
0.000885502,1.05123e-06
0.000887543,1.05624e-06
0.00088959,1.06128e-06
0.000891641,1.06634e-06
0.000893697,1.07142e-06
0.000895757,1.07652e-06
0.000897823,1.08165e-06
0.000899893,1.08681e-06
0.000901968,1.09199e-06
0.000904047,1.09719e-06
0.000906132,1.10242e-06
0.000908221,1.10767e-06
0.000910315,1.11295e-06
0.000912414,1.11826e-06
0.000914518,1.12359e-06
0.000916627,1.12894e-06
0.00091874,1.13432e-06
0.000920858,1.13972e-06
0.000922982,1.14516e-06
0.00092511,1.15061e-06
0.000927243,1.15609e-06
0.000929381,1.1616e-06
0.000931524,1.16714e-06
0.000933671,1.1727e-06
0.000935824,1.17829e-06
0.000937982,1.1839e-06
0.000940145,1.18954e-06
0.000942312,1.19521e-06
0.000944485,1.2009e-06
0.000946663,1.20662e-06
0.000948845,1.21237e-06
0.000951033,1.21815e-06
0.000953226,1.22395e-06
0.000955424,1.22978e-06
0.000957627,1.23564e-06
0.000959835,1.24153e-06
0.000962048,1.24744e-06
0.000964266,1.25339e-06
0.000966489,1.25936e-06
0.000968718,1.26536e-06
0.000970951,1.27138e-06
0.00097319,1.27744e-06
0.000975434,1.28352e-06
0.000977683,1.28964e-06
0.000979937,1.29578e-06
0.000982197,1.30195e-06
0.000984461,1.30815e-06
0.000986731,1.31438e-06
0.000989006,1.32065e-06
0.000991287,1.32694e-06
0.000993572,1.33326e-06
0.000995863,1.33961e-06
0.000998159,1.34599e-06
0.00100046,1.3524e-06
0.00100277,1.35884e-06
0.00100508,1.36531e-06
0.0010074,1.37181e-06
0.00100972,1.37834e-06
0.00101205,1.38491e-06
0.00101438,1.3915e-06
0.00101672,1.39813e-06
0.00101906,1.40479e-06
0.00102141,1.41148e-06
0.00102377,1.4182e-06
0.00102613,1.42495e-06
0.0010285,1.43174e-06
0.00103087,1.43855e-06
0.00103324,1.4454e-06
0.00103563,1.45229e-06
0.00103801,1.4592e-06
0.00104041,1.46615e-06
0.00104281,1.47313e-06
0.00104521,1.48014e-06
0.00104762,1.48719e-06
0.00105004,1.49427e-06
0.00105246,1.50139e-06
0.00105488,1.50853e-06
0.00105732,1.51572e-06
0.00105975,1.52293e-06
0.0010622,1.53018e-06
0.00106465,1.53747e-06
0.0010671,1.54479e-06
0.00106956,1.55214e-06
0.00107203,1.55953e-06
0.0010745,1.56695e-06
0.00107698,1.57441e-06
0.00107946,1.58191e-06
0.00108195,1.58944e-06
0.00108444,1.597e-06
0.00108694,1.60461e-06
0.00108945,1.61224e-06
0.00109196,1.61992e-06
0.00109448,1.62763e-06
0.001097,1.63538e-06
0.00109953,1.64316e-06
0.00110207,1.65098e-06
0.00110461,1.65884e-06
0.00110716,1.66673e-06
0.00110971,1.67466e-06
0.00111227,1.68264e-06
0.00111483,1.69064e-06
0.0011174,1.69869e-06
0.00111998,1.70677e-06
0.00112256,1.7149e-06
0.00112515,1.72306e-06
0.00112774,1.73126e-06
0.00113034,1.73949e-06
0.00113295,1.74777e-06
0.00113556,1.75609e-06
0.00113818,1.76445e-06
0.00114081,1.77284e-06
0.00114344,1.78128e-06
0.00114607,1.78975e-06
0.00114871,1.79827e-06
0.00115136,1.80683e-06
0.00115402,1.81542e-06
0.00115668,1.82406e-06
0.00115935,1.83274e-06
0.00116202,1.84146e-06
0.0011647,1.85022e-06
0.00116738,1.85902e-06
0.00117007,1.86787e-06
0.00117277,1.87675e-06
0.00117548,1.88568e-06
0.00117819,1.89465e-06
0.0011809,1.90366e-06
0.00118363,1.91272e-06
0.00118636,1.92182e-06
0.00118909,1.93096e-06
0.00119183,1.94015e-06
0.00119458,1.94938e-06
0.00119733,1.95865e-06
0.0012001,1.96797e-06
0.00120286,1.97733e-06
0.00120564,1.98673e-06
0.00120842,1.99618e-06
0.0012112,2.00568e-06
0.00121399,2.01521e-06
0.00121679,2.0248e-06
0.0012196,2.03443e-06
0.00122241,2.04411e-06
0.00122523,2.05383e-06
0.00122806,2.06359e-06
0.00123089,2.07341e-06
0.00123372,2.08327e-06
0.00123657,2.09318e-06
0.00123942,2.10313e-06
0.00124228,2.11313e-06
0.00124514,2.12318e-06
0.00124801,2.13328e-06
0.00125089,2.14342e-06
0.00125378,2.15361e-06
0.00125667,2.16385e-06
0.00125956,2.17414e-06
0.00126247,2.18448e-06
0.00126538,2.19487e-06
0.0012683,2.2053e-06
0.00127122,2.21579e-06
0.00127415,2.22632e-06
0.00127709,2.23691e-06
0.00128003,2.24754e-06
0.00128299,2.25823e-06
0.00128594,2.26896e-06
0.00128891,2.27975e-06
0.00129188,2.29059e-06
0.00129486,2.30148e-06
0.00129784,2.31242e-06
0.00130084,2.32341e-06
0.00130384,2.33446e-06
0.00130684,2.34555e-06
0.00130986,2.3567e-06
0.00131288,2.3679e-06
0.0013159,2.37916e-06
0.00131894,2.39047e-06
0.00132198,2.40183e-06
0.00132503,2.41325e-06
0.00132808,2.42472e-06
0.00133114,2.43624e-06
0.00133421,2.44782e-06
0.00133729,2.45945e-06
0.00134037,2.47114e-06
0.00134346,2.48289e-06
0.00134656,2.49468e-06
0.00134967,2.50654e-06
0.00135278,2.51845e-06
0.0013559,2.53042e-06
0.00135902,2.54244e-06
0.00136216,2.55453e-06
0.0013653,2.56666e-06
0.00136844,2.57886e-06
0.0013716,2.59111e-06
0.00137476,2.60343e-06
0.00137793,2.6158e-06
0.00138111,2.62823e-06
0.00138429,2.64071e-06
0.00138749,2.65326e-06
0.00139068,2.66587e-06
0.00139389,2.67853e-06
0.0013971,2.69126e-06
0.00140033,2.70404e-06
0.00140356,2.71689e-06
0.00140679,2.7298e-06
0.00141003,2.74276e-06
0.00141329,2.75579e-06
0.00141654,2.76888e-06
0.00141981,2.78204e-06
0.00142308,2.79525e-06
0.00142637,2.80853e-06
0.00142965,2.82187e-06
0.00143295,2.83528e-06
0.00143625,2.84874e-06
0.00143957,2.86227e-06
0.00144289,2.87587e-06
0.00144621,2.88953e-06
0.00144955,2.90325e-06
0.00145289,2.91704e-06
0.00145624,2.93089e-06
0.0014596,2.94481e-06
0.00146296,2.9588e-06
0.00146634,2.97285e-06
0.00146972,2.98697e-06
0.0014731,3.00115e-06
0.0014765,3.0154e-06
0.00147991,3.02972e-06
0.00148332,3.04411e-06
0.00148674,3.05856e-06
0.00149017,3.07309e-06
0.0014936,3.08768e-06
0.00149705,3.10234e-06
0.0015005,3.11707e-06
0.00150396,3.13187e-06
0.00150742,3.14674e-06
0.0015109,3.16168e-06
0.00151438,3.17669e-06
0.00151788,3.19177e-06
0.00152138,3.20692e-06
0.00152488,3.22215e-06
0.0015284,3.23744e-06
0.00153192,3.25281e-06
0.00153546,3.26825e-06
0.001539,3.28377e-06
0.00154254,3.29935e-06
0.0015461,3.31502e-06
0.00154967,3.33075e-06
0.00155324,3.34656e-06
0.00155682,3.36244e-06
0.00156041,3.3784e-06
0.00156401,3.39444e-06
0.00156761,3.41055e-06
0.00157123,3.42674e-06
0.00157485,3.443e-06
0.00157848,3.45934e-06
0.00158212,3.47576e-06
0.00158577,3.49225e-06
0.00158943,3.50882e-06
0.00159309,3.52547e-06
0.00159676,3.5422e-06
0.00160045,3.55901e-06
0.00160414,3.5759e-06
0.00160783,3.59287e-06
0.00161154,3.60992e-06
0.00161526,3.62704e-06
0.00161898,3.64425e-06
0.00162271,3.66154e-06
0.00162646,3.67892e-06
0.00163021,3.69637e-06
0.00163396,3.71391e-06
0.00163773,3.73153e-06
0.00164151,3.74923e-06
0.00164529,3.76702e-06
0.00164909,3.78489e-06
0.00165289,3.80284e-06
0.0016567,3.82088e-06
0.00166052,3.83901e-06
0.00166435,3.85722e-06
0.00166819,3.87551e-06
0.00167203,3.89389e-06
0.00167589,3.91236e-06
0.00167975,3.93092e-06
0.00168362,3.94956e-06
0.00168751,3.9683e-06
0.0016914,3.98712e-06
0.0016953,4.00603e-06
0.00169921,4.02503e-06
0.00170312,4.04411e-06
0.00170705,4.06329e-06
0.00171099,4.08256e-06
0.00171493,4.10192e-06
0.00171889,4.12137e-06
0.00172285,4.14092e-06
0.00172682,4.16055e-06
0.0017308,4.18028e-06
0.00173479,4.2001e-06
0.00173879,4.22001e-06
0.0017428,4.24002e-06
0.00174682,4.26013e-06
0.00175085,4.28032e-06
0.00175489,4.30062e-06
0.00175893,4.32101e-06
0.00176299,4.34149e-06
0.00176705,4.36207e-06
0.00177113,4.38275e-06
0.00177521,4.40353e-06
0.0017793,4.4244e-06
0.00178341,4.44537e-06
0.00178752,4.46645e-06
0.00179164,4.48762e-06
0.00179577,4.50889e-06
0.00179991,4.53026e-06
0.00180406,4.55173e-06
0.00180822,4.5733e-06
0.00181239,4.59498e-06
0.00181657,4.61676e-06
0.00182076,4.63864e-06
0.00182496,4.66062e-06
0.00182916,4.68271e-06
0.00183338,4.7049e-06
0.00183761,4.72719e-06
0.00184184,4.74959e-06
0.00184609,4.7721e-06
0.00185035,4.79471e-06
0.00185461,4.81743e-06
0.00185889,4.84026e-06
0.00186318,4.86319e-06
0.00186747,4.88623e-06
0.00187178,4.90938e-06
0.00187609,4.93264e-06
0.00188042,4.95601e-06
0.00188476,4.97949e-06
0.0018891,5.00308e-06
0.00189346,5.02678e-06
0.00189782,5.05059e-06
0.0019022,5.07452e-06
0.00190658,5.09855e-06
0.00191098,5.12271e-06
0.00191539,5.14697e-06
0.0019198,5.17135e-06
0.00192423,5.19584e-06
0.00192867,5.22045e-06
0.00193311,5.24518e-06
0.00193757,5.27002e-06
0.00194204,5.29498e-06
0.00194652,5.32005e-06
0.001951,5.34525e-06
0.0019555,5.37056e-06
0.00196001,5.39599e-06
0.00196453,5.42155e-06
0.00196906,5.44722e-06
0.0019736,5.47301e-06
0.00197815,5.49893e-06
0.00198271,5.52496e-06
0.00198728,5.55112e-06
0.00199186,5.57741e-06
0.00199646,5.60381e-06
0.00200106,5.63034e-06
0.00200567,5.657e-06
0.0020103,5.68378e-06
0.00201493,5.71069e-06
0.00201958,5.73772e-06
0.00202424,5.76488e-06
0.0020289,5.79217e-06
0.00203358,5.81959e-06
0.00203827,5.84714e-06
0.00204297,5.87481e-06
0.00204768,5.90262e-06
0.0020524,5.93056e-06
0.00205713,5.95863e-06
0.00206188,5.98683e-06
0.00206663,6.01516e-06
0.0020714,6.04363e-06
0.00207617,6.07223e-06
0.00208096,6.10097e-06
0.00208576,6.12984e-06
0.00209057,6.15884e-06
0.00209539,6.18799e-06
0.00210022,6.21727e-06
0.00210506,6.24669e-06
0.00210991,6.27624e-06
0.00211478,6.30594e-06
0.00211966,6.33577e-06
0.00212454,6.36575e-06
0.00212944,6.39587e-06
0.00213435,6.42612e-06
0.00213927,6.45653e-06
0.0021442,6.48707e-06
0.00214915,6.51776e-06
0.0021541,6.54859e-06
0.00215907,6.57956e-06
0.00216405,6.61069e-06
0.00216904,6.64196e-06
0.00217404,6.67337e-06
0.00217905,6.70493e-06
0.00218408,6.73665e-06
0.00218911,6.76851e-06
0.00219416,6.80052e-06
0.00219922,6.83268e-06
0.00220429,6.86499e-06
0.00220937,6.89746e-06
0.00221447,6.93007e-06
0.00221957,6.96284e-06
0.00222469,6.99577e-06
0.00222982,7.02885e-06
0.00223496,7.06208e-06
0.00224011,7.09547e-06
0.00224528,7.12902e-06
0.00225046,7.16273e-06
0.00225564,7.19659e-06
0.00226085,7.23061e-06
0.00226606,7.2648e-06
0.00227128,7.29914e-06
0.00227652,7.33365e-06
0.00228177,7.36831e-06
0.00228703,7.40314e-06
0.0022923,7.43814e-06
0.00229759,7.47329e-06
0.00230289,7.50862e-06
0.0023082,7.54411e-06
0.00231352,7.57976e-06
0.00231885,7.61558e-06
0.0023242,7.65158e-06
0.00232956,7.68774e-06
0.00233493,7.72407e-06
0.00234031,7.76057e-06
0.00234571,7.79724e-06
0.00235112,7.83409e-06
0.00235654,7.8711e-06
0.00236197,7.90829e-06
0.00236742,7.94566e-06
0.00237288,7.9832e-06
0.00237835,8.02092e-06
0.00238383,8.05881e-06
0.00238933,8.09689e-06
0.00239484,8.13514e-06
0.00240036,8.17357e-06
0.00240589,8.21218e-06
0.00241144,8.25097e-06
0.002417,8.28995e-06
0.00242257,8.32911e-06
0.00242816,8.36845e-06
0.00243376,8.40798e-06
0.00243937,8.44769e-06
0.00244499,8.48758e-06
0.00245063,8.52767e-06
0.00245628,8.56794e-06
0.00246194,8.60841e-06
0.00246762,8.64906e-06
0.00247331,8.6899e-06
0.00247901,8.73094e-06
0.00248473,8.77216e-06
0.00249046,8.81358e-06
0.0024962,8.8552e-06
0.00250196,8.89701e-06
0.00250772,8.93901e-06
0.00251351,8.98122e-06
0.0025193,9.02362e-06
0.00252511,9.06622e-06
0.00253093,9.10902e-06
0.00253677,9.15202e-06
0.00254262,9.19522e-06
0.00254848,9.23862e-06
0.00255436,9.28223e-06
0.00256025,9.32605e-06
0.00256615,9.37006e-06
0.00257207,9.41429e-06
0.002578,9.45872e-06
0.00258394,9.50336e-06
0.0025899,9.54821e-06
0.00259587,9.59327e-06
0.00260185,9.63854e-06
0.00260785,9.68402e-06
0.00261387,9.72972e-06
0.00261989,9.77563e-06
0.00262593,9.82175e-06
0.00263199,9.8681e-06
0.00263806,9.91465e-06
0.00264414,9.96143e-06
0.00265024,1.00084e-05
0.00265635,1.00556e-05
0.00266247,1.01031e-05
0.00266861,1.01507e-05
0.00267476,1.01986e-05
0.00268093,1.02467e-05
0.00268711,1.02951e-05
0.00269331,1.03436e-05
0.00269952,1.03924e-05
0.00270574,1.04414e-05
0.00271198,1.04907e-05
0.00271823,1.05401e-05
0.0027245,1.05899e-05
0.00273078,1.06398e-05
0.00273708,1.069e-05
0.00274339,1.07404e-05
0.00274972,1.0791e-05
0.00275606,1.08419e-05
0.00276241,1.0893e-05
0.00276878,1.09444e-05
0.00277516,1.0996e-05
0.00278156,1.10478e-05
0.00278798,1.10999e-05
0.0027944,1.11522e-05
0.00280085,1.12048e-05
0.00280731,1.12576e-05
0.00281378,1.13107e-05
0.00282027,1.1364e-05
0.00282677,1.14176e-05
0.00283329,1.14714e-05
0.00283982,1.15254e-05
0.00284637,1.15798e-05
0.00285293,1.16343e-05
0.00285951,1.16892e-05
0.0028661,1.17442e-05
0.00287271,1.17996e-05
0.00287933,1.18552e-05
0.00288597,1.19111e-05
0.00289263,1.19672e-05
0.0028993,1.20236e-05
0.00290598,1.20802e-05
0.00291268,1.21371e-05
0.0029194,1.21943e-05
0.00292613,1.22518e-05
0.00293287,1.23095e-05
0.00293964,1.23675e-05
0.00294641,1.24257e-05
0.00295321,1.24842e-05
0.00296002,1.2543e-05
0.00296684,1.26021e-05
0.00297368,1.26615e-05
0.00298054,1.27211e-05
0.00298741,1.2781e-05
0.0029943,1.28412e-05
0.0030012,1.29017e-05
0.00300812,1.29624e-05
0.00301506,1.30235e-05
0.00302201,1.30848e-05
0.00302898,1.31464e-05
0.00303596,1.32083e-05
0.00304296,1.32705e-05
0.00304998,1.3333e-05
0.00305701,1.33957e-05
0.00306406,1.34588e-05
0.00307112,1.35222e-05
0.00307821,1.35858e-05
0.0030853,1.36498e-05
0.00309242,1.3714e-05
0.00309955,1.37786e-05
0.00310669,1.38434e-05
0.00311386,1.39086e-05
0.00312104,1.3974e-05
0.00312823,1.40398e-05
0.00313545,1.41058e-05
0.00314267,1.41722e-05
0.00314992,1.42389e-05
0.00315718,1.43059e-05
0.00316446,1.43732e-05
0.00317176,1.44409e-05
0.00317907,1.45088e-05
0.0031864,1.45771e-05
0.00319375,1.46456e-05
0.00320111,1.47145e-05
0.00320849,1.47837e-05
0.00321589,1.48533e-05
0.00322331,1.49232e-05
0.00323074,1.49934e-05
0.00323819,1.50639e-05
0.00324565,1.51347e-05
0.00325314,1.52059e-05
0.00326064,1.52774e-05
0.00326816,1.53493e-05
0.00327569,1.54214e-05
0.00328324,1.5494e-05
0.00329081,1.55668e-05
0.0032984,1.564e-05
0.00330601,1.57135e-05
0.00331363,1.57874e-05
0.00332127,1.58616e-05
0.00332893,1.59362e-05
0.0033366,1.60111e-05
0.0033443,1.60864e-05
0.00335201,1.6162e-05
0.00335974,1.6238e-05
0.00336748,1.63143e-05
0.00337525,1.6391e-05
0.00338303,1.6468e-05
0.00339083,1.65454e-05
0.00339865,1.66232e-05
0.00340648,1.67013e-05
0.00341434,1.67798e-05
0.00342221,1.68586e-05
0.0034301,1.69379e-05
0.00343801,1.70174e-05
0.00344594,1.70974e-05
0.00345388,1.71777e-05
0.00346185,1.72584e-05
0.00346983,1.73395e-05
0.00347783,1.7421e-05
0.00348585,1.75028e-05
0.00349389,1.7585e-05
0.00350194,1.76676e-05
0.00351002,1.77506e-05
0.00351811,1.7834e-05
0.00352622,1.79177e-05
0.00353435,1.80019e-05
0.0035425,1.80864e-05
0.00355067,1.81714e-05
0.00355885,1.82567e-05
0.00356706,1.83424e-05
0.00357528,1.84285e-05
0.00358353,1.85151e-05
0.00359179,1.8602e-05
0.00360007,1.86893e-05
0.00360837,1.87771e-05
0.00361669,1.88652e-05
0.00362503,1.89538e-05
0.00363339,1.90427e-05
0.00364177,1.91321e-05
0.00365016,1.92219e-05
0.00365858,1.93121e-05
0.00366702,1.94028e-05
0.00367547,1.94938e-05
0.00368395,1.95853e-05
0.00369244,1.96772e-05
0.00370095,1.97696e-05
0.00370949,1.98623e-05
0.00371804,1.99555e-05
0.00372661,2.00492e-05
0.00373521,2.01432e-05
0.00374382,2.02377e-05
0.00375245,2.03327e-05
0.0037611,2.04281e-05
0.00376977,2.05239e-05
0.00377847,2.06201e-05
0.00378718,2.07169e-05
0.00379591,2.0814e-05
0.00380466,2.09117e-05
0.00381343,2.10097e-05
0.00382223,2.11083e-05
0.00383104,2.12072e-05
0.00383987,2.13067e-05
0.00384873,2.14066e-05
0.0038576,2.1507e-05
0.0038665,2.16078e-05
0.00387541,2.17091e-05
0.00388435,2.18109e-05
0.0038933,2.19131e-05
0.00390228,2.20159e-05
0.00391128,2.21191e-05
0.00392029,2.22228e-05
0.00392933,2.23269e-05
0.00393839,2.24316e-05
0.00394747,2.25367e-05
0.00395658,2.26423e-05
0.0039657,2.27484e-05
0.00397484,2.2855e-05
0.00398401,2.29621e-05
0.00399319,2.30697e-05
0.0040024,2.31778e-05
0.00401163,2.32864e-05
0.00402088,2.33955e-05
0.00403015,2.35051e-05
0.00403944,2.36152e-05
0.00404875,2.37258e-05
0.00405809,2.3837e-05
0.00406745,2.39486e-05
0.00407682,2.40608e-05
0.00408622,2.41735e-05
0.00409565,2.42867e-05
0.00410509,2.44004e-05
0.00411455,2.45147e-05
0.00412404,2.46295e-05
0.00413355,2.47448e-05
0.00414308,2.48607e-05
0.00415263,2.49771e-05
0.00416221,2.5094e-05
0.00417181,2.52115e-05
0.00418142,2.53295e-05
0.00419107,2.54481e-05
0.00420073,2.55672e-05
0.00421041,2.56869e-05
0.00422012,2.58071e-05
0.00422985,2.59279e-05
0.00423961,2.60493e-05
0.00424938,2.61712e-05
0.00425918,2.62936e-05
0.004269,2.64167e-05
0.00427884,2.65403e-05
0.00428871,2.66645e-05
0.0042986,2.67892e-05
0.00430851,2.69146e-05
0.00431844,2.70405e-05
0.0043284,2.7167e-05
0.00433838,2.72941e-05
0.00434838,2.74217e-05
0.00435841,2.755e-05
0.00436846,2.76788e-05
0.00437853,2.78083e-05
0.00438862,2.79383e-05
0.00439874,2.8069e-05
0.00440889,2.82002e-05
0.00441905,2.83321e-05
0.00442924,2.84646e-05
0.00443945,2.85977e-05
0.00444969,2.87314e-05
0.00445995,2.88657e-05
0.00447023,2.90006e-05
0.00448054,2.91362e-05
0.00449087,2.92724e-05
0.00450122,2.94092e-05
0.0045116,2.95467e-05
0.00452201,2.96848e-05
0.00453243,2.98235e-05
0.00454288,2.99629e-05
0.00455336,3.01029e-05
0.00456386,3.02435e-05
0.00457438,3.03849e-05
0.00458493,3.05268e-05
0.0045955,3.06694e-05
0.00460609,3.08127e-05
0.00461671,3.09567e-05
0.00462736,3.11013e-05
0.00463803,3.12466e-05
0.00464872,3.13925e-05
0.00465944,3.15391e-05
0.00467018,3.16864e-05
0.00468095,3.18344e-05
0.00469174,3.19831e-05
0.00470256,3.21324e-05
0.0047134,3.22824e-05
0.00472427,3.24332e-05
0.00473516,3.25846e-05
0.00474608,3.27367e-05
0.00475703,3.28896e-05
0.00476799,3.30431e-05
0.00477899,3.31973e-05
0.00479001,3.33523e-05
0.00480105,3.3508e-05
0.00481212,3.36643e-05
0.00482322,3.38214e-05
0.00483434,3.39793e-05
0.00484548,3.41378e-05
0.00485666,3.42971e-05
0.00486785,3.44572e-05
0.00487908,3.46179e-05
0.00489033,3.47794e-05
0.0049016,3.49417e-05
0.0049129,3.51047e-05
0.00492423,3.52684e-05
0.00493559,3.54329e-05
0.00494697,3.55982e-05
0.00495837,3.57642e-05
0.0049698,3.5931e-05
0.00498126,3.60986e-05
0.00499275,3.62669e-05
0.00500426,3.6436e-05
0.0050158,3.66059e-05
0.00502736,3.67766e-05
0.00503895,3.6948e-05
0.00505057,3.71203e-05
0.00506222,3.72933e-05
0.00507389,3.74672e-05
0.00508559,3.76418e-05
0.00509731,3.78172e-05
0.00510907,3.79935e-05
0.00512085,3.81706e-05
0.00513265,3.83484e-05
0.00514449,3.85271e-05
0.00515635,3.87066e-05
0.00516824,3.8887e-05
0.00518016,3.90682e-05
0.0051921,3.92502e-05
0.00520407,3.9433e-05
0.00521607,3.96167e-05
0.0052281,3.98012e-05
0.00524015,3.99866e-05
0.00525223,4.01729e-05
0.00526434,4.03599e-05
0.00527648,4.05479e-05
0.00528865,4.07367e-05
0.00530084,4.09264e-05
0.00531306,4.1117e-05
0.00532531,4.13084e-05
0.00533759,4.15007e-05
0.0053499,4.16939e-05
0.00536224,4.1888e-05
0.0053746,4.2083e-05
0.00538699,4.22788e-05
0.00539941,4.24756e-05
0.00541186,4.26733e-05
0.00542434,4.28719e-05
0.00543685,4.30714e-05
0.00544938,4.32718e-05
0.00546195,4.34731e-05
0.00547454,4.36754e-05
0.00548716,4.38786e-05
0.00549981,4.40827e-05
0.0055125,4.42877e-05
0.00552521,4.44937e-05
0.00553795,4.47007e-05
0.00555071,4.49086e-05
0.00556351,4.51174e-05
0.00557634,4.53272e-05
0.0055892,4.5538e-05
0.00560208,4.57498e-05
0.005615,4.59625e-05
0.00562795,4.61762e-05
0.00564092,4.63908e-05
0.00565393,4.66065e-05
0.00566697,4.68231e-05
0.00568003,4.70408e-05
0.00569313,4.72594e-05
0.00570626,4.7479e-05
0.00571941,4.76997e-05
0.0057326,4.79213e-05
0.00574582,4.8144e-05
0.00575907,4.83677e-05
0.00577234,4.85924e-05
0.00578565,4.88182e-05
0.00579899,4.9045e-05
0.00581236,4.92728e-05
0.00582577,4.95016e-05
0.0058392,4.97316e-05
0.00585266,4.99625e-05
0.00586616,5.01946e-05
0.00587968,5.04276e-05
0.00589324,5.06618e-05
0.00590683,5.0897e-05
0.00592045,5.11333e-05
0.0059341,5.13707e-05
0.00594778,5.16092e-05
0.00596149,5.18488e-05
0.00597524,5.20894e-05
0.00598902,5.23312e-05
0.00600282,5.25741e-05
0.00601667,5.28181e-05
0.00603054,5.30632e-05
0.00604444,5.33094e-05
0.00605838,5.35567e-05
0.00607235,5.38052e-05
0.00608635,5.40548e-05
0.00610038,5.43056e-05
0.00611445,5.45575e-05
0.00612855,5.48106e-05
0.00614268,5.50648e-05
0.00615684,5.53201e-05
0.00617104,5.55767e-05
0.00618526,5.58344e-05
0.00619953,5.60933e-05
0.00621382,5.63534e-05
0.00622815,5.66147e-05
0.00624251,5.68771e-05
0.0062569,5.71408e-05
0.00627133,5.74056e-05
0.00628579,5.76717e-05
0.00630028,5.7939e-05
0.00631481,5.82075e-05
0.00632937,5.84773e-05
0.00634396,5.87482e-05
0.00635859,5.90204e-05
0.00637325,5.92939e-05
0.00638794,5.95686e-05
0.00640267,5.98445e-05
0.00641743,6.01217e-05
0.00643223,6.04002e-05
0.00644706,6.068e-05
0.00646193,6.0961e-05
0.00647683,6.12433e-05
0.00649176,6.15269e-05
0.00650673,6.18118e-05
0.00652173,6.2098e-05
0.00653677,6.23855e-05
0.00655184,6.26743e-05
0.00656695,6.29644e-05
0.00658209,6.32558e-05
0.00659726,6.35486e-05
0.00661248,6.38427e-05
0.00662772,6.41382e-05
0.006643,6.44349e-05
0.00665832,6.47331e-05
0.00667367,6.50326e-05
0.00668906,6.53335e-05
0.00670448,6.56357e-05
0.00671994,6.59393e-05
0.00673544,6.62443e-05
0.00675097,6.65507e-05
0.00676653,6.68585e-05
0.00678213,6.71677e-05
0.00679777,6.74783e-05
0.00681344,6.77903e-05
0.00682915,6.81037e-05
0.0068449,6.84185e-05
0.00686068,6.87348e-05
0.0068765,6.90526e-05
0.00689236,6.93717e-05
0.00690825,6.96924e-05
0.00692418,7.00144e-05
0.00694014,7.0338e-05
0.00695614,7.0663e-05
0.00697218,7.09895e-05
0.00698826,7.13175e-05
0.00700437,7.16469e-05
0.00702052,7.19779e-05
0.00703671,7.23104e-05
0.00705293,7.26444e-05
0.00706919,7.29799e-05
0.00708549,7.33169e-05
0.00710183,7.36554e-05
0.0071182,7.39955e-05
0.00713462,7.43372e-05
0.00715107,7.46804e-05
0.00716756,7.50251e-05
0.00718408,7.53714e-05
0.00720065,7.57193e-05
0.00721725,7.60688e-05
0.00723389,7.64199e-05
0.00725057,7.67725e-05
0.00726729,7.71268e-05
0.00728404,7.74826e-05
0.00730084,7.78401e-05
0.00731767,7.81992e-05
0.00733454,7.85599e-05
0.00735145,7.89223e-05
0.0073684,7.92863e-05
0.00738539,7.96519e-05
0.00740242,8.00192e-05
0.00741949,8.03882e-05
0.0074366,8.07588e-05
0.00745374,8.11312e-05
0.00747093,8.15052e-05
0.00748816,8.18809e-05
0.00750542,8.22583e-05
0.00752273,8.26374e-05
0.00754007,8.30183e-05
0.00755746,8.34008e-05
0.00757488,8.37851e-05
0.00759235,8.41712e-05
0.00760985,8.4559e-05
0.0076274,8.49485e-05
0.00764499,8.53398e-05
0.00766261,8.57329e-05
0.00768028,8.61277e-05
0.00769799,8.65244e-05
0.00771574,8.69228e-05
0.00773353,8.73231e-05
0.00775136,8.77251e-05
0.00776923,8.8129e-05
0.00778715,8.85347e-05
0.0078051,8.89422e-05
0.0078231,8.93516e-05
0.00784113,8.97628e-05
0.00785921,9.01759e-05
0.00787733,9.05909e-05
0.0078955,9.10077e-05
0.0079137,9.14264e-05
0.00793195,9.1847e-05
0.00795024,9.22695e-05
0.00796857,9.26939e-05
0.00798694,9.31203e-05
0.00800536,9.35485e-05
0.00802381,9.39787e-05
0.00804231,9.44108e-05
0.00806086,9.48449e-05
0.00807944,9.5281e-05
0.00809807,9.5719e-05
0.00811674,9.6159e-05
0.00813546,9.66009e-05
0.00815422,9.70449e-05
0.00817302,9.74909e-05
0.00819186,9.79388e-05
0.00821075,9.83888e-05
0.00822968,9.88409e-05
0.00824866,9.92949e-05
0.00826768,9.97511e-05
0.00828674,0.000100209
0.00830585,0.000100669
0.008325,0.000101132
0.00834419,0.000101596
0.00836343,0.000102063
0.00838271,0.000102531
0.00840204,0.000103002
0.00842142,0.000103475
0.00844083,0.00010395
0.00846029,0.000104427
0.0084798,0.000104906
0.00849935,0.000105387
0.00851895,0.000105871
0.00853859,0.000106357
0.00855828,0.000106845
0.00857801,0.000107335
0.00859779,0.000107827
0.00861761,0.000108322
0.00863748,0.000108818
0.0086574,0.000109317
0.00867736,0.000109819
0.00869737,0.000110322
0.00871742,0.000110828
0.00873752,0.000111336
0.00875767,0.000111846
0.00877786,0.000112359
0.0087981,0.000112874
0.00881839,0.000113391
0.00883872,0.000113911
0.0088591,0.000114432
0.00887952,0.000114957
0.0089,0.000115483
0.00892052,0.000116012
0.00894109,0.000116543
0.0089617,0.000117077
0.00898236,0.000117613
0.00900308,0.000118152
0.00902383,0.000118693
0.00904464,0.000119236
0.00906549,0.000119782
0.0090864,0.00012033
0.00910735,0.000120881
0.00912835,0.000121434
0.00914939,0.00012199
0.00917049,0.000122548
0.00919163,0.000123108
0.00921283,0.000123671
0.00923407,0.000124237
0.00925536,0.000124805
0.0092767,0.000125376
0.00929809,0.000125949
0.00931953,0.000126525
0.00934102,0.000127104
0.00936255,0.000127685
0.00938414,0.000128268
0.00940578,0.000128855
0.00942746,0.000129443
0.0094492,0.000130035
0.00947099,0.000130629
0.00949283,0.000131226
0.00951471,0.000131825
0.00953665,0.000132427
0.00955864,0.000133032
0.00958068,0.00013364
0.00960277,0.00013425
0.00962491,0.000134863
0.0096471,0.000135479
0.00966935,0.000136097
0.00969164,0.000136719
0.00971399,0.000137343
0.00973638,0.000137969
0.00975883,0.000138599
0.00978133,0.000139231
0.00980389,0.000139867
0.00982649,0.000140505
0.00984915,0.000141146
0.00987186,0.000141789
0.00989462,0.000142436
0.00991743,0.000143086
0.0099403,0.000143738
0.00996322,0.000144393
0.00998619,0.000145052
0.0100092,0.000145713
0.0100323,0.000146377
0.0100554,0.000147044
0.0100786,0.000147714
0.0101018,0.000148387
0.0101251,0.000149063
0.0101485,0.000149742
0.0101719,0.000150425
0.0101953,0.00015111
0.0102188,0.000151798
0.0102424,0.000152489
0.010266,0.000153183
0.0102897,0.000153881
0.0103134,0.000154581
0.0103372,0.000155285
0.010361,0.000155992
0.0103849,0.000156702
0.0104089,0.000157415
0.0104329,0.000158131
0.0104569,0.00015885
0.010481,0.000159573
0.0105052,0.000160299
0.0105294,0.000161028
0.0105537,0.00016176
0.010578,0.000162496
0.0106024,0.000163235
0.0106269,0.000163977
0.0106514,0.000164722
0.0106759,0.000165471
0.0107005,0.000166223
0.0107252,0.000166978
0.0107499,0.000167737
0.0107747,0.000168499
0.0107996,0.000169264
0.0108245,0.000170033
0.0108494,0.000170805
0.0108744,0.000171581
0.0108995,0.00017236
0.0109247,0.000173143
0.0109498,0.000173929
0.0109751,0.000174718
0.0110004,0.000175511
0.0110258,0.000176308
0.0110512,0.000177108
0.0110767,0.000177911
0.0111022,0.000178719
0.0111278,0.000179529
0.0111535,0.000180344
0.0111792,0.000181161
0.0112049,0.000181983
0.0112308,0.000182808
0.0112567,0.000183637
0.0112826,0.000184469
0.0113086,0.000185306
0.0113347,0.000186145
0.0113609,0.000186989
0.0113871,0.000187836
0.0114133,0.000188687
0.0114396,0.000189542
0.011466,0.000190401
0.0114924,0.000191263
0.0115189,0.000192129
0.0115455,0.000192999
0.0115721,0.000193873
0.0115988,0.000194751
0.0116255,0.000195632
0.0116523,0.000196518
0.0116792,0.000197407
0.0117061,0.0001983
0.0117331,0.000199198
0.0117602,0.000200099
0.0117873,0.000201004
0.0118145,0.000201913
0.0118417,0.000202826
0.011869,0.000203743
0.0118964,0.000204664
0.0119238,0.00020559
0.0119513,0.000206519
0.0119789,0.000207452
0.0120065,0.00020839
0.0120342,0.000209332
0.0120619,0.000210277
0.0120897,0.000211227
0.0121176,0.000212181
0.0121455,0.00021314
0.0121735,0.000214102
0.0122016,0.000215069
0.0122297,0.00021604
0.0122579,0.000217015
0.0122862,0.000217995
0.0123145,0.000218979
0.0123429,0.000219967
0.0123714,0.000220959
0.0123999,0.000221956
0.0124285,0.000222958
0.0124572,0.000223963
0.0124859,0.000224973
0.0125147,0.000225988
0.0125435,0.000227007
0.0125724,0.00022803
0.0126014,0.000229058
0.0126305,0.000230091
0.0126596,0.000231127
0.0126888,0.000232169
0.0127181,0.000233215
0.0127474,0.000234266
0.0127768,0.000235321
0.0128062,0.000236381
0.0128358,0.000237445
0.0128654,0.000238514
0.012895,0.000239588
0.0129248,0.000240667
0.0129546,0.00024175
0.0129844,0.000242838
0.0130144,0.000243931
0.0130444,0.000245028
0.0130744,0.00024613
0.0131046,0.000247238
0.0131348,0.00024835
0.0131651,0.000249466
0.0131954,0.000250588
0.0132259,0.000251715
0.0132564,0.000252846
0.0132869,0.000253983
0.0133176,0.000255124
0.0133483,0.000256271
0.0133791,0.000257422
0.0134099,0.000258578
0.0134408,0.00025974
0.0134718,0.000260906
0.0135029,0.000262078
0.013534,0.000263255
0.0135652,0.000264437
0.0135965,0.000265624
0.0136278,0.000266816
0.0136593,0.000268013
0.0136908,0.000269216
0.0137223,0.000270424
0.013754,0.000271637
0.0137857,0.000272855
0.0138175,0.000274079
0.0138493,0.000275308
0.0138812,0.000276542
0.0139133,0.000277782
0.0139453,0.000279027
0.0139775,0.000280277
0.0140097,0.000281533
0.014042,0.000282795
0.0140744,0.000284062
0.0141068,0.000285334
0.0141394,0.000286612
0.014172,0.000287895
0.0142046,0.000289184
0.0142374,0.000290479
0.0142702,0.000291779
0.0143031,0.000293085
0.0143361,0.000294397
0.0143692,0.000295714
0.0144023,0.000297037
0.0144355,0.000298365
0.0144688,0.0002997
0.0145021,0.00030104
0.0145356,0.000302386
0.0145691,0.000303738
0.0146027,0.000305096
0.0146364,0.000306459
0.0146701,0.000307829
0.0147039,0.000309204
0.0147378,0.000310585
0.0147718,0.000311973
0.0148059,0.000313366
0.01484,0.000314765
0.0148742,0.000316171
0.0149085,0.000317582
0.0149429,0.000319
0.0149774,0.000320424
0.0150119,0.000321853
0.0150465,0.00032329
0.0150812,0.000324732
0.015116,0.00032618
0.0151508,0.000327635
0.0151858,0.000329096
0.0152208,0.000330563
0.0152559,0.000332037
0.015291,0.000333517
0.0153263,0.000335003
0.0153616,0.000336496
0.015397,0.000337995
0.0154325,0.000339501
0.0154681,0.000341013
0.0155038,0.000342531
0.0155395,0.000344057
0.0155754,0.000345588
0.0156113,0.000347127
0.0156473,0.000348672
0.0156834,0.000350223
0.0157195,0.000351782
0.0157558,0.000353347
0.0157921,0.000354918
0.0158285,0.000356497
0.015865,0.000358082
0.0159016,0.000359674
0.0159382,0.000361273
0.015975,0.000362879
0.0160118,0.000364491
0.0160487,0.000366111
0.0160857,0.000367737
0.0161228,0.000369371
0.01616,0.000371011
0.0161973,0.000372659
0.0162346,0.000374314
0.0162721,0.000375975
0.0163096,0.000377644
0.0163472,0.00037932
0.0163849,0.000381003
0.0164226,0.000382694
0.0164605,0.000384391
0.0164985,0.000386096
0.0165365,0.000387808
0.0165746,0.000389528
0.0166128,0.000391255
0.0166512,0.000392989
0.0166895,0.00039473
0.016728,0.000396479
0.0167666,0.000398236
0.0168053,0.0004
0.016844,0.000401772
0.0168828,0.000403551
0.0169218,0.000405338
0.0169608,0.000407132
0.0169999,0.000408934
0.0170391,0.000410744
0.0170784,0.000412561
0.0171178,0.000414386
0.0171572,0.000416219
0.0171968,0.00041806
0.0172364,0.000419909
0.0172762,0.000421765
0.017316,0.00042363
0.0173559,0.000425502
0.0173959,0.000427383
0.0174361,0.000429271
0.0174763,0.000431167
0.0175166,0.000433072
0.0175569,0.000434984
0.0175974,0.000436905
0.017638,0.000438834
0.0176787,0.000440771
0.0177194,0.000442716
0.0177603,0.00044467
0.0178012,0.000446632
0.0178423,0.000448602
0.0178834,0.000450581
0.0179247,0.000452567
0.017966,0.000454563
0.0180074,0.000456567
0.0180489,0.000458579
0.0180905,0.0004606
0.0181322,0.000462629
0.0181741,0.000464668
0.018216,0.000466714
0.018258,0.00046877
0.0183001,0.000470834
0.0183423,0.000472906
0.0183845,0.000474988
0.0184269,0.000477078
0.0184694,0.000479178
0.018512,0.000481286
0.0185547,0.000483403
0.0185975,0.000485529
0.0186404,0.000487664
0.0186833,0.000489808
0.0187264,0.000491961
0.0187696,0.000494123
0.0188129,0.000496294
0.0188562,0.000498475
0.0188997,0.000500664
0.0189433,0.000502863
0.018987,0.000505072
0.0190307,0.000507289
0.0190746,0.000509516
0.0191186,0.000511752
0.0191627,0.000513998
0.0192069,0.000516253
0.0192512,0.000518517
0.0192955,0.000520792
0.01934,0.000523075
0.0193846,0.000525369
0.0194293,0.000527672
0.0194741,0.000529984
0.019519,0.000532307
0.019564,0.000534639
0.0196091,0.000536981
0.0196544,0.000539333
0.0196997,0.000541694
0.0197451,0.000544066
0.0197906,0.000546448
0.0198362,0.000548839
0.019882,0.000551241
0.0199278,0.000553653
0.0199738,0.000556074
0.0200198,0.000558506
0.020066,0.000560949
0.0201123,0.000563401
0.0201586,0.000565864
0.0202051,0.000568337
0.0202517,0.00057082
0.0202984,0.000573314
0.0203452,0.000575818
0.0203921,0.000578333
0.0204391,0.000580858
0.0204862,0.000583394
0.0205335,0.00058594
0.0205808,0.000588497
0.0206283,0.000591065
0.0206758,0.000593644
0.0207235,0.000596233
0.0207713,0.000598833
0.0208192,0.000601444
0.0208672,0.000604066
0.0209153,0.000606698
0.0209635,0.000609342
0.0210119,0.000611997
0.0210603,0.000614663
0.0211089,0.00061734
0.0211575,0.000620028
0.0212063,0.000622727
0.0212552,0.000625438
0.0213042,0.00062816
0.0213533,0.000630893
0.0214026,0.000633637
0.0214519,0.000636393
0.0215014,0.000639161
0.021551,0.00064194
0.0216007,0.00064473
0.0216505,0.000647533
0.0217004,0.000650346
0.0217504,0.000653172
0.0218006,0.000656009
0.0218508,0.000658858
0.0219012,0.000661719
0.0219517,0.000664592
0.0220023,0.000667476
0.0220531,0.000670373
0.0221039,0.000673281
0.0221549,0.000676202
0.0222059,0.000679135
0.0222571,0.00068208
0.0223085,0.000685037
0.0223599,0.000688006
0.0224115,0.000690988
0.0224631,0.000693982
0.0225149,0.000696988
0.0225668,0.000700007
0.0226189,0.000703039
0.022671,0.000706082
0.0227233,0.000709139
0.0227757,0.000712208
0.0228282,0.00071529
0.0228808,0.000718384
0.0229336,0.000721492
0.0229865,0.000724612
0.0230395,0.000727745
0.0230926,0.000730891
0.0231458,0.000734049
0.0231992,0.000737221
0.0232527,0.000740406
0.0233063,0.000743605
0.02336,0.000746816
0.0234139,0.00075004
0.0234679,0.000753278
0.023522,0.000756529
0.0235762,0.000759794
0.0236306,0.000763072
0.0236851,0.000766363
0.0237397,0.000769668
0.0237944,0.000772987
0.0238493,0.000776319
0.0239043,0.000779665
0.0239594,0.000783024
0.0240146,0.000786397
0.02407,0.000789785
0.0241255,0.000793186
0.0241811,0.000796601
0.0242369,0.00080003
0.0242928,0.000803473
0.0243488,0.00080693
0.0244049,0.000810401
0.0244612,0.000813887
0.0245176,0.000817387
0.0245741,0.000820901
0.0246308,0.000824429
0.0246876,0.000827972
0.0247445,0.00083153
0.0248016,0.000835102
0.0248587,0.000838688
0.0249161,0.000842289
0.0249735,0.000845905
0.0250311,0.000849536
0.0250888,0.000853182
0.0251466,0.000856842
0.0252046,0.000860517
0.0252627,0.000864208
0.025321,0.000867913
0.0253794,0.000871633
0.0254379,0.000875369
0.0254965,0.00087912
0.0255553,0.000882886
0.0256143,0.000886667
0.0256733,0.000890464
0.0257325,0.000894277
0.0257918,0.000898104
0.0258513,0.000901948
0.0259109,0.000905807
0.0259707,0.000909681
0.0260305,0.000913572
0.0260906,0.000917478
0.0261507,0.0009214
0.026211,0.000925338
0.0262714,0.000929292
0.026332,0.000933262
0.0263927,0.000937248
0.0264536,0.00094125
0.0265146,0.000945269
0.0265757,0.000949304
0.026637,0.000953355
0.0266984,0.000957422
0.02676,0.000961506
0.0268217,0.000965607
0.0268835,0.000969724
0.0269455,0.000973858
0.0270076,0.000978008
0.0270699,0.000982176
0.0271323,0.00098636
0.0271949,0.000990561
0.0272576,0.000994779
0.0273204,0.000999014
0.0273834,0.00100327
0.0274465,0.00100754
0.0275098,0.00101182
0.0275733,0.00101613
0.0276368,0.00102045
0.0277006,0.00102479
0.0277644,0.00102914
0.0278284,0.00103352
0.0278926,0.00103791
0.0279569,0.00104232
0.0280214,0.00104674
0.028086,0.00105119
0.0281507,0.00105565
0.0282157,0.00106013
0.0282807,0.00106463
0.0283459,0.00106914
0.0284113,0.00107368
0.0284768,0.00107823
0.0285424,0.0010828
0.0286083,0.00108739
0.0286742,0.001092
0.0287403,0.00109663
0.0288066,0.00110127
0.028873,0.00110594
0.0289396,0.00111062
0.0290063,0.00111532
0.0290732,0.00112004
0.0291402,0.00112478
0.0292074,0.00112954
0.0292748,0.00113431
0.0293423,0.00113911
0.0294099,0.00114392
0.0294777,0.00114876
0.0295457,0.00115361
0.0296138,0.00115849
0.0296821,0.00116338
0.0297505,0.00116829
0.0298191,0.00117322
0.0298879,0.00117817
0.0299568,0.00118315
0.0300259,0.00118814
0.0300951,0.00119315
0.0301645,0.00119818
0.030234,0.00120323
0.0303037,0.0012083
0.0303736,0.00121339
0.0304436,0.0012185
0.0305138,0.00122364
0.0305842,0.00122879
0.0306547,0.00123396
0.0307254,0.00123916
0.0307962,0.00124437
0.0308672,0.00124961
0.0309384,0.00125486
0.0310098,0.00126014
0.0310813,0.00126544
0.0311529,0.00127076
0.0312247,0.0012761
0.0312967,0.00128146
0.0313689,0.00128684
0.0314412,0.00129224
0.0315137,0.00129767
0.0315864,0.00130312
0.0316592,0.00130859
0.0317322,0.00131408
0.0318054,0.00131959
0.0318787,0.00132512
0.0319522,0.00133068
0.0320259,0.00133626
0.0320997,0.00134186
0.0321737,0.00134748
0.0322479,0.00135312
0.0323223,0.00135879
0.0323968,0.00136448
0.0324715,0.00137019
0.0325464,0.00137592
0.0326214,0.00138168
0.0326966,0.00138746
0.032772,0.00139326
0.0328476,0.00139909
0.0329233,0.00140494
0.0329992,0.00141081
0.0330753,0.0014167
0.0331516,0.00142262
0.033228,0.00142856
0.0333046,0.00143453
0.0333814,0.00144052
0.0334584,0.00144653
0.0335355,0.00145256
0.0336128,0.00145862
0.0336903,0.00146471
0.033768,0.00147081
0.0338459,0.00147694
0.0339239,0.0014831
0.0340021,0.00148928
0.0340805,0.00149548
0.0341591,0.00150171
0.0342379,0.00150796
0.0343168,0.00151424
0.0343959,0.00152054
0.0344753,0.00152687
0.0345547,0.00153322
0.0346344,0.0015396
0.0347143,0.001546
0.0347943,0.00155243
0.0348745,0.00155888
0.034955,0.00156536
0.0350355,0.00157186
0.0351163,0.00157839
0.0351973,0.00158494
0.0352785,0.00159152
0.0353598,0.00159813
0.0354413,0.00160476
0.035523,0.00161142
0.0356049,0.0016181
0.035687,0.00162481
0.0357693,0.00163155
0.0358518,0.00163831
0.0359345,0.0016451
0.0360173,0.00165191
0.0361004,0.00165876
0.0361836,0.00166562
0.036267,0.00167252
0.0363506,0.00167944
0.0364345,0.00168639
0.0365185,0.00169337
0.0366027,0.00170037
0.0366871,0.0017074
0.0367716,0.00171446
0.0368564,0.00172155
0.0369414,0.00172866
0.0370266,0.00173581
0.037112,0.00174298
0.0371975,0.00175017
0.0372833,0.0017574
0.0373693,0.00176465
0.0374554,0.00177194
0.0375418,0.00177925
0.0376283,0.00178658
0.0377151,0.00179395
0.0378021,0.00180135
0.0378892,0.00180877
0.0379766,0.00181623
0.0380641,0.00182371
0.0381519,0.00183122
0.0382399,0.00183877
0.038328,0.00184634
0.0384164,0.00185394
0.038505,0.00186157
0.0385938,0.00186923
0.0386828,0.00187692
0.038772,0.00188464
0.0388614,0.00189238
0.038951,0.00190016
0.0390408,0.00190797
0.0391308,0.00191581
0.039221,0.00192368
0.0393114,0.00193159
0.0394021,0.00193952
0.0394929,0.00194748
0.039584,0.00195547
0.0396753,0.0019635
0.0397667,0.00197155
0.0398584,0.00197964
0.0399503,0.00198776
0.0400424,0.00199591
0.0401348,0.00200409
0.0402273,0.0020123
0.0403201,0.00202055
0.040413,0.00202882
0.0405062,0.00203713
0.0405996,0.00204547
0.0406932,0.00205385
0.040787,0.00206225
0.0408811,0.00207069
0.0409753,0.00207916
0.0410698,0.00208767
0.0411645,0.0020962
0.0412594,0.00210477
0.0413546,0.00211337
0.0414499,0.00212201
0.0415455,0.00213068
0.0416413,0.00213938
0.0417373,0.00214812
0.0418335,0.00215689
0.04193,0.0021657
0.0420266,0.00217453
0.0421235,0.00218341
0.0422207,0.00219231
0.042318,0.00220126
0.0424156,0.00221023
0.0425134,0.00221924
0.0426114,0.00222829
0.0427097,0.00223737
0.0428081,0.00224648
0.0429068,0.00225563
0.0430058,0.00226482
0.0431049,0.00227404
0.0432043,0.0022833
0.0433039,0.00229259
0.0434038,0.00230192
0.0435039,0.00231129
0.0436042,0.00232069
0.0437047,0.00233012
0.0438055,0.0023396
0.0439065,0.00234911
0.0440077,0.00235865
0.0441092,0.00236824
0.0442109,0.00237786
0.0443128,0.00238752
0.044415,0.00239721
0.0445174,0.00240694
0.04462,0.00241671
0.0447229,0.00242652
0.044826,0.00243637
0.0449294,0.00244625
0.045033,0.00245617
0.0451368,0.00246613
0.0452409,0.00247613
0.0453452,0.00248617
0.0454498,0.00249624
0.0455545,0.00250635
0.0456596,0.00251651
0.0457649,0.0025267
0.0458704,0.00253693
0.0459761,0.0025472
0.0460821,0.00255751
0.0461884,0.00256786
0.0462949,0.00257825
0.0464016,0.00258868
0.0465086,0.00259915
0.0466159,0.00260966
0.0467233,0.00262021
0.0468311,0.00263081
0.0469391,0.00264144
0.0470473,0.00265211
0.0471558,0.00266283
0.0472645,0.00267358
0.0473735,0.00268438
0.0474827,0.00269522
0.0475922,0.0027061
0.0477019,0.00271702
0.0478119,0.00272798
0.0479221,0.00273899
0.0480326,0.00275004
0.0481434,0.00276113
0.0482544,0.00277226
0.0483656,0.00278344
0.0484772,0.00279466
0.0485889,0.00280592
0.048701,0.00281723
0.0488132,0.00282858
0.0489258,0.00283997
0.0490386,0.00285141
0.0491517,0.00286289
0.049265,0.00287442
0.0493786,0.00288599
0.0494924,0.0028976
0.0496066,0.00290926
0.0497209,0.00292097
0.0498356,0.00293272
0.0499505,0.00294451
0.0500657,0.00295635
0.0501811,0.00296824
0.0502968,0.00298017
0.0504128,0.00299214
0.050529,0.00300417
0.0506455,0.00301624
0.0507623,0.00302835
0.0508793,0.00304051
0.0509966,0.00305272
0.0511142,0.00306498
0.0512321,0.00307728
0.0513502,0.00308964
0.0514686,0.00310203
0.0515873,0.00311448
0.0517062,0.00312697
0.0518254,0.00313952
0.0519449,0.00315211
0.0520647,0.00316475
0.0521847,0.00317743
0.0523051,0.00319017
0.0524257,0.00320296
0.0525465,0.00321579
0.0526677,0.00322868
0.0527891,0.00324161
0.0529108,0.0032546
0.0530328,0.00326763
0.0531551,0.00328071
0.0532777,0.00329385
0.0534005,0.00330703
0.0535236,0.00332027
0.0536471,0.00333356
0.0537708,0.0033469
0.0538947,0.00336029
0.054019,0.00337373
0.0541435,0.00338722
0.0542684,0.00340077
0.0543935,0.00341437
0.0545189,0.00342802
0.0546446,0.00344172
0.0547706,0.00345547
0.0548969,0.00346928
0.0550235,0.00348315
0.0551504,0.00349706
0.0552775,0.00351103
0.055405,0.00352505
0.0555327,0.00353913
0.0556608,0.00355326
0.0557891,0.00356745
0.0559177,0.00358169
0.0560467,0.00359599
0.0561759,0.00361034
0.0563054,0.00362475
0.0564352,0.00363921
0.0565654,0.00365373
0.0566958,0.0036683
0.0568265,0.00368293
0.0569575,0.00369762
0.0570889,0.00371237
0.0572205,0.00372717
0.0573524,0.00374203
0.0574847,0.00375694
0.0576172,0.00377192
0.05775,0.00378695
0.0578832,0.00380204
0.0580167,0.00381719
0.0581504,0.0038324
0.0582845,0.00384766
0.0584189,0.00386299
0.0585536,0.00387837
0.0586886,0.00389382
0.0588239,0.00390932
0.0589595,0.00392489
0.0590955,0.00394051
0.0592317,0.0039562
0.0593683,0.00397195
0.0595052,0.00398775
0.0596424,0.00400362
0.0597799,0.00401955
0.0599178,0.00403554
0.0600559,0.0040516
0.0601944,0.00406772
0.0603332,0.0040839
0.0604723,0.00410014
0.0606117,0.00411644
0.0607515,0.00413281
0.0608915,0.00414924
0.0610319,0.00416574
0.0611727,0.0041823
0.0613137,0.00419893
0.0614551,0.00421562
0.0615968,0.00423237
0.0617388,0.00424919
0.0618811,0.00426608
0.0620238,0.00428303
0.0621668,0.00430004
0.0623102,0.00431713
0.0624538,0.00433428
0.0625978,0.00435149
0.0627422,0.00436878
0.0628868,0.00438613
0.0630318,0.00440355
0.0631772,0.00442104
0.0633228,0.00443859
0.0634688,0.00445622
0.0636152,0.00447391
0.0637619,0.00449167
0.0639089,0.0045095
0.0640562,0.0045274
0.0642039,0.00454537
0.064352,0.00456342
0.0645003,0.00458153
0.064649,0.00459971
0.0647981,0.00461796
0.0649475,0.00463629
0.0650973,0.00465469
0.0652474,0.00467316
0.0653978,0.0046917
0.0655486,0.00471031
0.0656997,0.004729
0.0658512,0.00474776
0.066003,0.00476659
0.0661552,0.0047855
0.0663078,0.00480448
0.0664606,0.00482354
0.0666139,0.00484267
0.0667675,0.00486188
0.0669214,0.00488116
0.0670757,0.00490052
0.0672304,0.00491995
0.0673854,0.00493946
0.0675408,0.00495905
0.0676965,0.00497871
0.0678526,0.00499846
0.068009,0.00501828
0.0681658,0.00503817
0.068323,0.00505815
0.0684805,0.0050782
0.0686384,0.00509834
0.0687967,0.00511855
0.0689553,0.00513884
0.0691143,0.00515922
0.0692737,0.00517967
0.0694334,0.0052002
0.0695935,0.00522082
0.0697539,0.00524152
0.0699148,0.00526229
0.070076,0.00528315
0.0702375,0.0053041
0.0703995,0.00532512
0.0705618,0.00534623
0.0707245,0.00536743
0.0708876,0.0053887
0.071051,0.00541006
0.0712148,0.00543151
0.071379,0.00545304
0.0715436,0.00547465
0.0717086,0.00549636
0.0718739,0.00551814
0.0720396,0.00554002
0.0722057,0.00556198
0.0723722,0.00558403
0.0725391,0.00560616
0.0727063,0.00562839
0.072874,0.0056507
0.073042,0.0056731
0.0732104,0.00569559
0.0733792,0.00571817
0.0735484,0.00574084
0.073718,0.0057636
0.073888,0.00578645
0.0740583,0.00580939
0.0742291,0.00583243
0.0744002,0.00585555
0.0745718,0.00587877
0.0747437,0.00590208
0.0749161,0.00592548
0.0750888,0.00594898
0.0752619,0.00597257
0.0754355,0.00599625
0.0756094,0.00602003
0.0757837,0.00604391
0.0759585,0.00606788
0.0761336,0.00609195
0.0763091,0.00611611
0.0764851,0.00614037
0.0766614,0.00616472
0.0768382,0.00618918
0.0770154,0.00621373
0.0771929,0.00623838
0.0773709,0.00626313
0.0775493,0.00628798
0.0777281,0.00631293
0.0779073,0.00633798
0.078087,0.00636313
0.078267,0.00638838
0.0784475,0.00641373
0.0786283,0.00643919
0.0788096,0.00646475
0.0789913,0.00649041
0.0791735,0.00651617
0.079356,0.00654204
0.079539,0.00656801
0.0797224,0.00659408
0.0799062,0.00662027
0.0800904,0.00664655
0.0802751,0.00667295
0.0804602,0.00669945
0.0806457,0.00672606
0.0808317,0.00675277
0.081018,0.00677959
0.0812048,0.00680652
0.0813921,0.00683356
0.0815797,0.00686072
0.0817678,0.00688798
0.0819564,0.00691535
0.0821453,0.00694283
0.0823347,0.00697042
0.0825246,0.00699812
0.0827149,0.00702594
0.0829056,0.00705387
0.0830967,0.00708192
0.0832883,0.00711007
0.0834804,0.00713835
0.0836728,0.00716673
0.0838658,0.00719524
0.0840591,0.00722385
0.084253,0.00725259
0.0844472,0.00728144
0.0846419,0.00731041
0.0848371,0.0073395
0.0850327,0.00736871
0.0852287,0.00739803
0.0854253,0.00742748
0.0856222,0.00745704
0.0858196,0.00748673
0.0860175,0.00751654
0.0862159,0.00754647
0.0864146,0.00757652
0.0866139,0.00760669
0.0868136,0.00763699
0.0870138,0.00766741
0.0872144,0.00769796
0.0874155,0.00772863
0.087617,0.00775943
0.087819,0.00779036
0.0880215,0.00782141
0.0882245,0.00785259
0.0884279,0.00788389
0.0886318,0.00791533
0.0888361,0.00794689
0.089041,0.00797859
0.0892463,0.00801041
0.0894521,0.00804237
0.0896583,0.00807445
0.089865,0.00810667
0.0900722,0.00813902
0.0902799,0.00817151
0.0904881,0.00820413
0.0906967,0.00823688
0.0909058,0.00826977
0.0911154,0.00830279
0.0913255,0.00833596
0.0915361,0.00836925
0.0917471,0.00840269
0.0919587,0.00843626
0.0921707,0.00846997
0.0923832,0.00850382
0.0925962,0.00853782
0.0928097,0.00857195
0.0930237,0.00860622
0.0932382,0.00864064
0.0934532,0.0086752
0.0936687,0.0087099
0.0938846,0.00874474
0.0941011,0.00877973
0.0943181,0.00881487
0.0945355,0.00885015
0.0947535,0.00888558
0.094972,0.00892115
0.095191,0.00895688
0.0954104,0.00899275
0.0956304,0.00902877
0.0958509,0.00906494
0.0960719,0.00910126
0.0962934,0.00913774
0.0965155,0.00917436
0.096738,0.00921114
0.0969611,0.00924807
0.0971846,0.00928515
0.0974087,0.00932239
0.0976333,0.00935979
0.0978584,0.00939734
0.098084,0.00943505
0.0983102,0.00947291
0.0985369,0.00951094
0.0987641,0.00954912
0.0989918,0.00958746
0.09922,0.00962597
0.0994488,0.00966463
0.0996781,0.00970346
0.0999079,0.00974245
0.100138,0.0097816
0.100369,0.00982092
0.100601,0.0098604
0.100833,0.00990005
0.101065,0.00993986
0.101298,0.00997984
0.101532,0.01002
0.101766,0.0100603
0.102,0.0101008
0.102236,0.0101415
0.102471,0.0101823
0.102708,0.0102233
0.102944,0.0102645
0.103182,0.0103058
0.10342,0.0103473
0.103658,0.010389
0.103897,0.0104309
0.104137,0.0104729
0.104377,0.0105152
0.104617,0.0105576
0.104859,0.0106002
0.1051,0.0106429
0.105343,0.0106859
0.105586,0.010729
0.105829,0.0107723
0.106073,0.0108158
0.106318,0.0108595
0.106563,0.0109033
0.106808,0.0109474
0.107055,0.0109916
0.107302,0.011036
0.107549,0.0110806
0.107797,0.0111254
0.108046,0.0111704
0.108295,0.0112156
0.108544,0.011261
0.108795,0.0113065
0.109045,0.0113523
0.109297,0.0113982
0.109549,0.0114444
0.109801,0.0114907
0.110055,0.0115373
0.110308,0.011584
0.110563,0.0116309
0.110818,0.0116781
0.111073,0.0117254
0.111329,0.0117729
0.111586,0.0118207
0.111843,0.0118686
0.112101,0.0119168
0.11236,0.0119651
0.112619,0.0120137
0.112878,0.0120624
0.113139,0.0121114
0.113399,0.0121606
0.113661,0.01221
0.113923,0.0122596
0.114186,0.0123094
0.114449,0.0123594
0.114713,0.0124097
0.114977,0.0124602
0.115242,0.0125108
0.115508,0.0125617
0.115774,0.0126128
0.116041,0.0126642
0.116309,0.0127157
0.116577,0.0127675
0.116846,0.0128195
0.117115,0.0128717
0.117385,0.0129241
0.117656,0.0129768
0.117927,0.0130297
0.118199,0.0130828
0.118472,0.0131361
0.118745,0.0131897
0.119019,0.0132435
0.119293,0.0132976
0.119568,0.0133518
0.119844,0.0134063
0.12012,0.0134611
0.120397,0.013516
0.120675,0.0135712
0.120953,0.0136267
0.121232,0.0136824
0.121511,0.0137383
0.121792,0.0137945
0.122072,0.0138509
0.122354,0.0139075
0.122636,0.0139644
0.122919,0.0140215
0.123202,0.0140789
0.123486,0.0141366
0.123771,0.0141945
0.124056,0.0142526
0.124342,0.014311
0.124629,0.0143696
0.124916,0.0144285
0.125204,0.0144876
0.125493,0.014547
0.125782,0.0146067
0.126072,0.0146666
0.126363,0.0147268
0.126654,0.0147872
0.126946,0.0148479
0.127239,0.0149089
0.127533,0.0149701
0.127827,0.0150316
0.128121,0.0150933
0.128417,0.0151554
0.128713,0.0152177
0.12901,0.0152802
0.129307,0.0153431
0.129605,0.0154062
0.129904,0.0154695
0.130204,0.0155332
0.130504,0.0155971
0.130805,0.0156613
0.131106,0.0157258
0.131409,0.0157906
0.131712,0.0158556
0.132015,0.015921
0.13232,0.0159866
0.132625,0.0160525
0.132931,0.0161187
0.133237,0.0161851
0.133544,0.0162519
0.133852,0.016319
0.134161,0.0163863
0.13447,0.0164539
0.13478,0.0165219
0.135091,0.0165901
0.135402,0.0166586
0.135715,0.0167275
0.136028,0.0167966
0.136341,0.016866
0.136656,0.0169357
0.136971,0.0170058
0.137286,0.0170761
0.137603,0.0171468
0.13792,0.0172177
0.138238,0.017289
0.138557,0.0173605
0.138876,0.0174324
0.139197,0.0175046
0.139518,0.0175771
0.139839,0.01765
0.140162,0.0177231
0.140485,0.0177966
0.140809,0.0178704
0.141133,0.0179445
0.141459,0.0180189
0.141785,0.0180937
0.142112,0.0181688
0.14244,0.0182442
0.142768,0.01832
0.143097,0.018396
0.143427,0.0184724
0.143758,0.0185492
0.144089,0.0186263
0.144422,0.0187037
0.144755,0.0187815
0.145088,0.0188596
0.145423,0.018938
0.145758,0.0190168
0.146094,0.0190959
0.146431,0.0191754
0.146769,0.0192552
0.147107,0.0193354
0.147446,0.0194159
0.147786,0.0194968
0.148127,0.019578
0.148469,0.0196596
0.148811,0.0197416
0.149154,0.0198239
0.149498,0.0199065
0.149843,0.0199896
0.150188,0.020073
0.150534,0.0201567
0.150881,0.0202408
0.151229,0.0203253
0.151578,0.0204102
0.151927,0.0204955
0.152278,0.0205811
0.152629,0.0206671
0.152981,0.0207534
0.153334,0.0208402
0.153687,0.0209273
0.154041,0.0210148
0.154397,0.0211027
0.154753,0.021191
0.155109,0.0212797
0.155467,0.0213687
0.155825,0.0214582
0.156185,0.021548
0.156545,0.0216383
0.156906,0.0217289
0.157268,0.02182
0.15763,0.0219114
0.157994,0.0220032
0.158358,0.0220955
0.158723,0.0221881
0.159089,0.0222812
0.159456,0.0223746
0.159824,0.0224685
0.160192,0.0225628
0.160561,0.0226575
0.160932,0.0227526
0.161303,0.0228482
0.161675,0.0229442
0.162047,0.0230405
0.162421,0.0231373
0.162795,0.0232346
0.163171,0.0233322
0.163547,0.0234303
0.163924,0.0235289
0.164302,0.0236278
0.164681,0.0237272
0.165061,0.0238271
0.165441,0.0239273
0.165823,0.024028
0.166205,0.0241292
0.166588,0.0242308
0.166972,0.0243329
0.167357,0.0244354
0.167743,0.0245383
0.16813,0.0246417
0.168518,0.0247456
0.168906,0.0248499
0.169296,0.0249547
0.169686,0.0250599
0.170077,0.0251656
0.170469,0.0252718
0.170862,0.0253785
0.171256,0.0254856
0.171651,0.0255932
0.172047,0.0257012
0.172444,0.0258098
0.172841,0.0259188
0.17324,0.0260283
0.173639,0.0261382
0.17404,0.0262487
0.174441,0.0263597
0.174843,0.0264711
0.175246,0.026583
0.17565,0.0266955
0.176055,0.0268084
0.176461,0.0269218
0.176868,0.0270357
0.177276,0.0271501
0.177685,0.0272651
0.178094,0.0273805
0.178505,0.0274964
0.178917,0.0276129
0.179329,0.0277299
0.179743,0.0278474
0.180157,0.0279654
0.180572,0.0280839
0.180989,0.0282029
0.181406,0.0283225
0.181824,0.0284426
0.182244,0.0285632
0.182664,0.0286844
0.183085,0.0288061
0.183507,0.0289283
0.18393,0.0290511
0.184354,0.0291744
0.184779,0.0292983
0.185205,0.0294227
0.185632,0.0295476
0.18606,0.0296731
0.186489,0.0297992
0.186919,0.0299258
0.18735,0.030053
0.187782,0.0301807
0.188215,0.030309
0.188649,0.0304379
0.189084,0.0305673
0.18952,0.0306973
0.189957,0.0308279
0.190395,0.0309591
0.190834,0.0310908
0.191274,0.0312231
0.191715,0.031356
0.192157,0.0314895
0.1926,0.0316236
0.193044,0.0317582
0.193489,0.0318935
0.193936,0.0320294
0.194383,0.0321658
0.194831,0.0323029
0.19528,0.0324405
0.19573,0.0325788
0.196182,0.0327177
0.196634,0.0328572
0.197087,0.0329973
0.197542,0.033138
0.197997,0.0332793
0.198454,0.0334213
0.198911,0.0335639
0.19937,0.0337071
0.19983,0.033851
0.20029,0.0339955
0.200752,0.0341406
0.201215,0.0342863
0.201679,0.0344328
0.202144,0.0345798
0.20261,0.0347275
0.203077,0.0348759
0.203546,0.0350249
0.204015,0.0351745
0.204485,0.0353248
0.204957,0.0354758
0.205429,0.0356275
0.205903,0.0357798
0.206378,0.0359328
0.206854,0.0360864
0.207331,0.0362408
0.207809,0.0363958
0.208288,0.0365515
0.208768,0.0367079
0.209249,0.0368649
0.209732,0.0370227
0.210215,0.0371812
0.2107,0.0373403
0.211186,0.0375002
0.211673,0.0376607
0.212161,0.037822
0.21265,0.037984
0.21314,0.0381467
0.213632,0.0383101
0.214124,0.0384742
0.214618,0.038639
0.215113,0.0388046
0.215609,0.0389709
0.216106,0.0391379
0.216604,0.0393057
0.217104,0.0394742
0.217604,0.0396435
0.218106,0.0398134
0.218609,0.0399842
0.219113,0.0401557
0.219618,0.0403279
0.220125,0.0405009
0.220632,0.0406746
0.221141,0.0408492
0.221651,0.0410244
0.222162,0.0412005
0.222674,0.0413773
0.223187,0.0415549
0.223702,0.0417333
0.224218,0.0419125
0.224735,0.0420924
0.225253,0.0422732
0.225772,0.0424547
0.226293,0.042637
0.226815,0.0428202
0.227338,0.0430041
0.227862,0.0431888
0.228387,0.0433744
0.228914,0.0435607
0.229442,0.0437479
0.229971,0.0439359
0.230501,0.0441248
0.231032,0.0443144
0.231565,0.0445049
0.232099,0.0446962
0.232634,0.0448884
0.23317,0.0450814
0.233708,0.0452752
0.234247,0.0454699
0.234787,0.0456654
0.235328,0.0458618
0.235871,0.0460591
0.236415,0.0462572
0.23696,0.0464562
0.237506,0.0466561
0.238054,0.0468568
0.238603,0.0470584
0.239153,0.0472609
0.239704,0.0474643
0.240257,0.0476685
0.240811,0.0478737
0.241366,0.0480798
0.241923,0.0482867
0.242481,0.0484946
0.24304,0.0487033
0.2436,0.048913
0.244162,0.0491236
0.244725,0.0493351
0.245289,0.0495475
0.245854,0.0497609
0.246421,0.0499752
0.24699,0.0501904
0.247559,0.0504066
0.24813,0.0506237
0.248702,0.0508418
0.249275,0.0510608
0.24985,0.0512807
0.250426,0.0515016
0.251004,0.0517235
0.251582,0.0519464
0.252162,0.0521702
0.252744,0.052395
0.253327,0.0526207
0.253911,0.0528475
0.254496,0.0530752
0.255083,0.0533039
0.255671,0.0535337
0.256261,0.0537644
0.256851,0.0539961
0.257444,0.0542288
0.258037,0.0544626
0.258632,0.0546973
0.259228,0.0549331
0.259826,0.0551699
0.260425,0.0554077
0.261026,0.0556466
0.261628,0.0558865
0.262231,0.0561274
0.262835,0.0563694
0.263441,0.0566124
0.264049,0.0568565
0.264658,0.0571016
0.265268,0.0573479
0.26588,0.0575951
0.266493,0.0578435
0.267107,0.0580929
0.267723,0.0583434
0.26834,0.058595
0.268959,0.0588476
0.269579,0.0591014
0.270201,0.0593562
0.270824,0.0596122
0.271448,0.0598693
0.272074,0.0601274
0.272701,0.0603867
0.27333,0.0606472
0.27396,0.0609087
0.274592,0.0611714
0.275225,0.0614352
0.27586,0.0617001
0.276496,0.0619662
0.277133,0.0622334
0.277772,0.0625018
0.278413,0.0627713
0.279055,0.063042
0.279698,0.0633139
0.280343,0.0635869
0.280989,0.0638611
0.281637,0.0641365
0.282287,0.0644131
0.282937,0.0646909
0.28359,0.0649698
0.284244,0.06525
0.284899,0.0655313
0.285556,0.0658139
0.286214,0.0660977
0.286874,0.0663827
0.287536,0.0666689
0.288199,0.0669564
0.288863,0.0672451
0.289529,0.067535
0.290197,0.0678262
0.290866,0.0681186
0.291537,0.0684123
0.292209,0.0687072
0.292882,0.0690034
0.293558,0.0693009
0.294235,0.0695996
0.294913,0.0698996
0.295593,0.0702009
0.296275,0.0705035
0.296958,0.0708074
0.297642,0.0711125
0.298329,0.071419
0.299016,0.0717268
0.299706,0.0720359
0.300397,0.0723463
0.30109,0.0726581
0.301784,0.0729712
0.30248,0.0732856
0.303177,0.0736013
0.303876,0.0739184
0.304577,0.0742369
0.305279,0.0745567
0.305983,0.0748778
0.306688,0.0752004
0.307396,0.0755243
0.308104,0.0758495
0.308815,0.0761762
0.309527,0.0765042
0.31024,0.0768337
0.310956,0.0771645
0.311673,0.0774968
0.312391,0.0778304
0.313112,0.0781655
0.313834,0.078502
0.314557,0.0788399
0.315282,0.0791792
0.316009,0.07952
0.316738,0.0798622
0.317468,0.0802059
0.3182,0.080551
0.318934,0.0808976
0.319669,0.0812456
0.320406,0.0815952
0.321145,0.0819462
0.321886,0.0822986
0.322628,0.0826526
0.323372,0.0830081
0.324117,0.083365
0.324865,0.0837235
0.325614,0.0840834
0.326364,0.0844449
0.327117,0.0848079
0.327871,0.0851725
0.328627,0.0855385
0.329385,0.0859061
0.330144,0.0862753
0.330905,0.086646
0.331668,0.0870182
0.332433,0.0873921
0.3332,0.0877674
0.333968,0.0881444
0.334738,0.0885229
0.33551,0.0889031
0.336283,0.0892848
0.337059,0.0896681
0.337836,0.090053
0.338615,0.0904396
0.339396,0.0908277
0.340178,0.0912175
0.340962,0.0916089
0.341749,0.0920019
0.342537,0.0923966
0.343326,0.0927929
0.344118,0.0931908
0.344911,0.0935905
0.345707,0.0939918
0.346504,0.0943947
0.347303,0.0947994
0.348103,0.0952057
0.348906,0.0956137
0.349711,0.0960234
0.350517,0.0964348
0.351325,0.0968479
0.352135,0.0972627
0.352947,0.0976793
0.353761,0.0980975
0.354576,0.0985176
0.355394,0.0989393
0.356213,0.0993628
0.357035,0.099788
0.357858,0.100215
0.358683,0.100644
0.35951,0.101074
0.360339,0.101507
0.36117,0.101941
0.362003,0.102377
0.362837,0.102814
0.363674,0.103254
0.364512,0.103695
0.365353,0.104138
0.366195,0.104583
0.36704,0.10503
0.367886,0.105478
0.368734,0.105929
0.369584,0.106381
0.370436,0.106835
0.371291,0.107291
0.372147,0.107749
0.373005,0.108209
0.373865,0.108671
0.374727,0.109134
0.375591,0.109599
0.376457,0.110067
0.377325,0.110536
0.378195,0.111007
0.379067,0.11148
0.379941,0.111955
0.380817,0.112432
0.381695,0.112911
0.382575,0.113392
0.383457,0.113874
0.384341,0.114359
0.385227,0.114846
0.386116,0.115335
0.387006,0.115825
0.387898,0.116318
0.388793,0.116812
0.389689,0.117309
0.390588,0.117808
0.391488,0.118308
0.392391,0.118811
0.393295,0.119316
0.394202,0.119822
0.395111,0.120331
0.396022,0.120842
0.396935,0.121355
0.397851,0.12187
0.398768,0.122387
0.399687,0.122906
0.400609,0.123427
0.401533,0.123951
0.402458,0.124476
0.403386,0.125003
0.404316,0.125533
0.405249,0.126065
0.406183,0.126599
0.40712,0.127135
0.408058,0.127673
0.408999,0.128213
0.409942,0.128755
0.410887,0.1293
0.411835,0.129847
0.412784,0.130396
0.413736,0.130947
0.41469,0.1315
0.415646,0.132056
0.416604,0.132613
0.417565,0.133173
0.418528,0.133735
0.419493,0.1343
0.42046,0.134866
0.42143,0.135435
0.422401,0.136006
0.423375,0.136579
0.424351,0.137155
0.42533,0.137733
0.42631,0.138313
0.427293,0.138896
0.428279,0.13948
0.429266,0.140067
0.430256,0.140657
0.431248,0.141248
0.432242,0.141842
0.433239,0.142438
0.434238,0.143037
0.435239,0.143638
0.436242,0.144241
0.437248,0.144847
0.438256,0.145455
0.439267,0.146065
0.44028,0.146678
0.441295,0.147293
0.442312,0.147911
0.443332,0.148531
0.444354,0.149153
0.445379,0.149778
0.446406,0.150405
0.447435,0.151035
0.448467,0.151667
0.449501,0.152301
0.450537,0.152938
0.451576,0.153577
0.452617,0.154219
0.453661,0.154864
0.454707,0.15551
0.455755,0.15616
0.456806,0.156812
0.457859,0.157466
0.458915,0.158123
0.459973,0.158782
0.461034,0.159444
0.462097,0.160108
0.463162,0.160775
0.46423,0.161444
0.465301,0.162116
0.466373,0.162791
0.467449,0.163468
0.468526,0.164148
0.469607,0.16483
0.47069,0.165515
0.471775,0.166202
0.472863,0.166892
0.473953,0.167585
0.475046,0.16828
0.476141,0.168978
0.477239,0.169679
0.478339,0.170382
0.479442,0.171088
0.480548,0.171796
0.481656,0.172507
0.482766,0.173221
0.483879,0.173937
0.484995,0.174657
0.486113,0.175378
0.487234,0.176103
0.488357,0.17683
0.489483,0.17756
0.490612,0.178293
0.491743,0.179028
0.492877,0.179766
0.494013,0.180507
0.495152,0.181251
0.496294,0.181997
0.497438,0.182746
0.498585,0.183498
0.499735,0.184253
0.500887,0.18501
0.502042,0.18577
0.5032,0.186533
0.50436,0.187299
0.505523,0.188068
0.506688,0.188839
0.507857,0.189613
0.509028,0.19039
0.510201,0.19117
0.511378,0.191953
0.512557,0.192739
0.513739,0.193527
0.514923,0.194319
0.51611,0.195113
0.5173,0.19591
0.518493,0.19671
0.519689,0.197513
0.520887,0.198318
0.522088,0.199127
0.523292,0.199939
0.524498,0.200753
0.525707,0.20157
0.52692,0.202391
0.528135,0.203214
0.529352,0.20404
0.530573,0.204869
0.531796,0.205701
0.533022,0.206537
0.534251,0.207375
0.535483,0.208216
0.536718,0.20906
0.537955,0.209907
0.539196,0.210757
0.540439,0.21161
0.541685,0.212466
0.542934,0.213325
0.544186,0.214187
0.54544,0.215052
0.546698,0.21592
0.547959,0.216791
0.549222,0.217665
0.550488,0.218542
0.551758,0.219423
0.55303,0.220306
0.554305,0.221193
0.555583,0.222082
0.556864,0.222975
0.558148,0.22387
0.559435,0.224769
0.560725,0.225671
0.562018,0.226576
0.563313,0.227484
0.564612,0.228395
0.565914,0.22931
0.567219,0.230227
0.568527,0.231148
0.569838,0.232071
0.571152,0.232998
0.572468,0.233928
0.573788,0.234862
0.575111,0.235798
0.576437,0.236737
0.577766,0.23768
0.579099,0.238626
0.580434,0.239575
0.581772,0.240527
0.583114,0.241483
0.584458,0.242441
0.585806,0.243403
0.587156,0.244368
0.58851,0.245337
0.589867,0.246308
0.591227,0.247283
0.59259,0.248261
0.593957,0.249242
0.595326,0.250226
0.596699,0.251214
0.598075,0.252205
0.599454,0.253199
0.600836,0.254196
0.602221,0.255197
0.60361,0.256201
0.605001,0.257208
0.606396,0.258219
0.607794,0.259233
0.609196,0.26025
0.6106,0.26127
0.612008,0.262294
0.613419,0.263321
0.614834,0.264351
0.616251,0.265384
0.617672,0.266421
0.619097,0.267461
0.620524,0.268505
0.621955,0.269552
0.623389,0.270602
0.624826,0.271655
0.626267,0.272712
0.627711,0.273772
0.629158,0.274836
0.630609,0.275903
0.632063,0.276973
0.63352,0.278046
0.634981,0.279123
0.636445,0.280203
0.637912,0.281287
0.639383,0.282374
0.640857,0.283464
0.642335,0.284558
0.643816,0.285655
0.6453,0.286755
0.646788,0.287859
0.64828,0.288966
0.649774,0.290076
0.651273,0.29119
0.652774,0.292307
0.654279,0.293428
0.655788,0.294552
0.6573,0.29568
0.658815,0.29681
0.660334,0.297945
0.661857,0.299082
0.663383,0.300223
0.664913,0.301367
0.666446,0.302515
0.667982,0.303666
0.669522,0.304821
0.671066,0.305979
0.672613,0.30714
0.674164,0.308305
0.675719,0.309473
0.677277,0.310645
0.678838,0.31182
0.680404,0.312998
0.681972,0.31418
0.683545,0.315365
0.685121,0.316554
0.6867,0.317746
0.688284,0.318942
0.689871,0.320141
0.691461,0.321343
0.693056,0.322548
0.694654,0.323758
0.696255,0.32497
0.697861,0.326186
0.69947,0.327405
0.701083,0.328628
0.702699,0.329854
0.704319,0.331084
0.705943,0.332317
0.707571,0.333553
0.709202,0.334793
0.710838,0.336036
0.712477,0.337282
0.714119,0.338532
0.715766,0.339786
0.717416,0.341042
0.71907,0.342303
0.720728,0.343566
0.72239,0.344833
0.724056,0.346103
0.725725,0.347377
0.727398,0.348654
0.729076,0.349934
0.730757,0.351218
0.732442,0.352505
0.73413,0.353796
0.735823,0.35509
0.73752,0.356387
0.73922,0.357688
0.740924,0.358992
0.742633,0.360299
0.744345,0.36161
0.746061,0.362924
0.747782,0.364241
0.749506,0.365562
0.751234,0.366886
0.752966,0.368214
0.754702,0.369544
0.756442,0.370878
0.758186,0.372216
0.759934,0.373556
0.761687,0.3749
0.763443,0.376248
0.765203,0.377598
0.766967,0.378952
0.768736,0.380309
0.770508,0.38167
0.772285,0.383033
0.774066,0.3844
0.77585,0.385771
0.777639,0.387144
0.779432,0.388521
0.781229,0.389901
0.783031,0.391284
0.784836,0.392671
0.786646,0.39406
0.788459,0.395453
0.790277,0.396849
0.7921,0.398248
0.793926,0.399651
0.795756,0.401057
0.797591,0.402465
0.79943,0.403877
0.801273,0.405293
0.803121,0.406711
0.804973,0.408132
0.806829,0.409557
0.808689,0.410985
0.810554,0.412415
0.812423,0.413849
0.814296,0.415286
0.816173,0.416726
0.818055,0.41817
0.819941,0.419616
0.821832,0.421065
0.823727,0.422517
0.825626,0.423973
0.82753,0.425431
0.829438,0.426893
0.83135,0.428357
0.833267,0.429825
0.835188,0.431295
0.837114,0.432768
0.839044,0.434245
0.840979,0.435724
0.842918,0.437206
0.844861,0.438691
0.846809,0.440179
0.848762,0.44167
0.850719,0.443164
0.85268,0.444661
0.854646,0.44616
0.856617,0.447663
0.858592,0.449168
0.860571,0.450676
0.862556,0.452187
0.864545,0.453701
0.866538,0.455217
0.868536,0.456736
0.870538,0.458258
0.872546,0.459783
0.874557,0.46131
0.876574,0.46284
0.878595,0.464373
0.880621,0.465908
0.882651,0.467447
0.884686,0.468987
0.886726,0.470531
0.888771,0.472077
0.89082,0.473625
0.892874,0.475176
0.894933,0.47673
0.896996,0.478286
0.899064,0.479845
0.901137,0.481406
0.903215,0.48297
0.905298,0.484536
0.907385,0.486105
0.909477,0.487676
0.911574,0.48925
0.913676,0.490826
0.915783,0.492404
0.917894,0.493985
0.92001,0.495568
0.922132,0.497153
0.924258,0.498741
0.926389,0.50033
0.928525,0.501923
0.930666,0.503517
0.932812,0.505114
0.934962,0.506713
0.937118,0.508314
0.939279,0.509917
0.941445,0.511522
0.943615,0.51313
0.945791,0.514739
0.947972,0.516351
0.950157,0.517964
0.952348,0.51958
0.954544,0.521198
0.956745,0.522817
0.958951,0.524439
0.961162,0.526063
0.963378,0.527688
0.965599,0.529315
0.967826,0.530945
0.970057,0.532576
0.972294,0.534209
0.974536,0.535843
0.976783,0.53748
0.979035,0.539118
0.981292,0.540758
0.983555,0.5424
0.985823,0.544043
0.988096,0.545688
0.990374,0.547334
0.992657,0.548983
0.994946,0.550632
0.99724,0.552284
0.999539,0.553936
1.00184,0.555591
1.00415,0.557246
1.00647,0.558903
1.00879,0.560562
1.01112,0.562222
1.01345,0.563883
1.01578,0.565546
1.01813,0.56721
1.02047,0.568875
1.02283,0.570541
1.02518,0.572209
1.02755,0.573878
1.02992,0.575548
1.03229,0.577219
1.03467,0.578891
1.03706,0.580564
1.03945,0.582238
1.04185,0.583914
1.04425,0.58559
1.04666,0.587267
1.04907,0.588945
1.05149,0.590624
1.05391,0.592304
1.05634,0.593984
1.05878,0.595666
1.06122,0.597348
1.06367,0.599031
1.06612,0.600714
1.06858,0.602398
1.07104,0.604083
1.07351,0.605768
1.07599,0.607454
1.07847,0.609141
1.08095,0.610828
1.08345,0.612515
1.08594,0.614203
1.08845,0.615891
1.09096,0.61758
1.09347,0.619269
1.09599,0.620958
1.09852,0.622648
1.10105,0.624337
1.10359,0.626027
1.10614,0.627717
1.10869,0.629407
1.11124,0.631097
1.11381,0.632788
1.11637,0.634478
1.11895,0.636168
1.12153,0.637858
1.12411,0.639548
1.12671,0.641238
1.1293,0.642928
1.13191,0.644617
1.13452,0.646307
1.13713,0.647995
1.13975,0.649684
1.14238,0.651372
1.14502,0.65306
1.14766,0.654748
1.1503,0.656435
1.15296,0.658121
1.15561,0.659807
1.15828,0.661492
1.16095,0.663177
1.16363,0.664861
1.16631,0.666544
1.169,0.668227
1.17169,0.669909
1.17439,0.67159
1.1771,0.67327
1.17982,0.674949
1.18254,0.676627
1.18526,0.678305
1.188,0.679981
1.19074,0.681656
1.19348,0.68333
1.19623,0.685003
1.19899,0.686675
1.20176,0.688346
1.20453,0.690015
1.2073,0.691683
1.21009,0.69335
1.21288,0.695015
1.21567,0.696679
1.21848,0.698342
1.22129,0.700003
1.2241,0.701662
1.22692,0.70332
1.22975,0.704976
1.23259,0.706631
1.23543,0.708284
1.23828,0.709935
1.24113,0.711584
1.244,0.713232
1.24686,0.714877
1.24974,0.716521
1.25262,0.718163
1.25551,0.719802
1.2584,0.72144
1.26131,0.723076
1.26421,0.724709
1.26713,0.726341
1.27005,0.72797
1.27298,0.729597
1.27591,0.731221
1.27886,0.732844
1.2818,0.734464
1.28476,0.736081
1.28772,0.737696
1.29069,0.739309
1.29367,0.740919
1.29665,0.742526
1.29964,0.744131
1.30264,0.745733
1.30564,0.747333
1.30865,0.74893
1.31167,0.750523
1.31469,0.752115
1.31772,0.753703
1.32076,0.755288
1.32381,0.75687
1.32686,0.75845
1.32992,0.760026
1.33298,0.761599
1.33606,0.76317
1.33914,0.764736
1.34223,0.7663
1.34532,0.767861
1.34842,0.769418
1.35153,0.770972
1.35465,0.772522
1.35777,0.774069
1.3609,0.775613
1.36404,0.777153
1.36718,0.77869
1.37034,0.780223
1.3735,0.781752
1.37666,0.783278
1.37984,0.7848
1.38302,0.786319
1.38621,0.787833
1.3894,0.789344
1.39261,0.790851
1.39582,0.792354
1.39904,0.793853
1.40226,0.795348
1.4055,0.796839
1.40874,0.798326
1.41198,0.799809
1.41524,0.801288
1.4185,0.802762
1.42177,0.804233
1.42505,0.805699
1.42834,0.807161
1.43163,0.808618
1.43493,0.810071
1.43824,0.81152
1.44156,0.812965
1.44488,0.814404
1.44821,0.81584
1.45155,0.817271
1.4549,0.818697
1.45825,0.820118
1.46161,0.821535
1.46498,0.822947
1.46836,0.824355
1.47175,0.825758
1.47514,0.827156
1.47854,0.828549
1.48195,0.829937
1.48537,0.83132
1.48879,0.832699
1.49223,0.834072
1.49567,0.83544
1.49912,0.836804
1.50257,0.838162
1.50604,0.839515
1.50951,0.840863
1.51299,0.842206
1.51648,0.843543
1.51997,0.844876
1.52348,0.846203
1.52699,0.847525
1.53051,0.848841
1.53404,0.850152
1.53758,0.851458
1.54112,0.852758
1.54468,0.854053
1.54824,0.855342
1.55181,0.856626
1.55539,0.857904
1.55897,0.859177
1.56257,0.860444
1.56617,0.861705
1.56978,0.862961
1.5734,0.864211
1.57703,0.865455
1.58066,0.866694
1.58431,0.867927
1.58796,0.869154
1.59162,0.870375
1.59529,0.871591
1.59897,0.8728
1.60266,0.874004
1.60635,0.875202
1.61006,0.876394
1.61377,0.87758
1.61749,0.878759
1.62122,0.879933
1.62496,0.881101
1.6287,0.882263
1.63246,0.883419
1.63622,0.884568
1.64,0.885712
1.64378,0.886849
1.64757,0.887981
1.65137,0.889106
1.65517,0.890225
1.65899,0.891338
1.66282,0.892444
1.66665,0.893544
1.67049,0.894638
1.67434,0.895726
1.6782,0.896808
1.68207,0.897883
1.68595,0.898952
1.68984,0.900014
1.69374,0.90107
1.69764,0.90212
1.70156,0.903163
1.70548,0.904201
1.70941,0.905231
1.71335,0.906255
1.7173,0.907273
1.72126,0.908285
1.72523,0.90929
1.72921,0.910288
1.7332,0.91128
1.73719,0.912266
1.7412,0.913245
1.74521,0.914218
1.74924,0.915184
1.75327,0.916143
1.75731,0.917097
1.76136,0.918043
1.76543,0.918983
1.7695,0.919917
1.77358,0.920844
1.77767,0.921765
1.78176,0.922679
1.78587,0.923586
1.78999,0.924487
1.79412,0.925382
1.79825,0.926269
1.8024,0.927151
1.80656,0.928026
1.81072,0.928894
1.8149,0.929756
1.81908,0.930611
1.82327,0.931459
1.82748,0.932302
1.83169,0.933137
1.83592,0.933966
1.84015,0.934789
1.84439,0.935605
1.84864,0.936414
1.85291,0.937217
1.85718,0.938014
1.86146,0.938804
1.86575,0.939587
1.87005,0.940364
1.87437,0.941135
1.87869,0.941899
1.88302,0.942657
1.88736,0.943408
1.89171,0.944153
1.89608,0.944891
1.90045,0.945623
1.90483,0.946348
1.90922,0.947067
1.91362,0.94778
1.91804,0.948486
1.92246,0.949186
1.92689,0.94988
1.93133,0.950567
1.93579,0.951248
1.94025,0.951923
1.94472,0.952591
1.94921,0.953253
1.9537,0.953909
1.95821,0.954559
1.96272,0.955202
1.96725,0.955839
1.97178,0.95647
1.97633,0.957095
1.98089,0.957714
1.98545,0.958327
1.99003,0.958933
1.99462,0.959533
1.99922,0.960128
2.00383,0.960716
2.00845,0.961298
2.01308,0.961874
2.01772,0.962445
2.02237,0.963009
2.02704,0.963567
2.03171,0.96412
2.03639,0.964666
2.04109,0.965207
2.0458,0.965742
2.05051,0.966271
2.05524,0.966794
2.05998,0.967312
2.06473,0.967824
2.06949,0.96833
2.07426,0.96883
2.07904,0.969325
2.08384,0.969814
2.08864,0.970298
2.09346,0.970776
2.09828,0.971248
2.10312,0.971715
2.10797,0.972177
2.11283,0.972633
2.1177,0.973083
2.12259,0.973528
2.12748,0.973968
2.13239,0.974403
2.1373,0.974832
2.14223,0.975256
2.14717,0.975674
2.15212,0.976088
2.15708,0.976496
2.16206,0.9769
2.16704,0.977298
2.17204,0.977691
2.17705,0.978079
2.18207,0.978462
2.1871,0.97884
2.19214,0.979213
2.19719,0.979581
2.20226,0.979944
2.20734,0.980303
2.21243,0.980656
2.21753,0.981005
2.22264,0.98135
2.22777,0.981689
2.2329,0.982024
2.23805,0.982354
2.24321,0.98268
2.24838,0.983001
2.25357,0.983318
2.25876,0.98363
2.26397,0.983937
2.26919,0.984241
2.27442,0.984539
2.27967,0.984834
2.28492,0.985124
2.29019,0.98541
2.29547,0.985692
2.30077,0.98597
2.30607,0.986243
2.31139,0.986513
2.31672,0.986778
2.32206,0.987039
2.32741,0.987297
2.33278,0.98755
2.33816,0.987799
2.34355,0.988045
2.34895,0.988287
2.35437,0.988525
2.3598,0.988759
2.36524,0.988989
2.37069,0.989216
2.37616,0.989439
2.38164,0.989658
2.38713,0.989874
2.39263,0.990086
2.39815,0.990295
2.40368,0.990501
2.40922,0.990703
2.41477,0.990901
2.42034,0.991096
2.42592,0.991288
2.43152,0.991477
2.43712,0.991662
2.44274,0.991844
2.44837,0.992023
2.45402,0.992199
2.45968,0.992372
2.46535,0.992542
2.47103,0.992708
2.47673,0.992872
2.48244,0.993033
2.48816,0.993191
2.4939,0.993346
2.49965,0.993498
2.50542,0.993647
2.51119,0.993794
2.51698,0.993938
2.52279,0.994079
2.5286,0.994217
2.53443,0.994353
2.54028,0.994486
2.54613,0.994617
2.552,0.994745
2.55789,0.994871
2.56379,0.994994
2.5697,0.995115
2.57562,0.995234
2.58156,0.99535
2.58751,0.995464
2.59348,0.995575
2.59946,0.995685
2.60545,0.995792
2.61146,0.995897
2.61748,0.995999
2.62352,0.9961
2.62957,0.996199
2.63563,0.996295
2.64171,0.99639
2.6478,0.996482
2.6539,0.996573
2.66002,0.996661
2.66615,0.996748
2.6723,0.996833
2.67846,0.996916
2.68464,0.996997
2.69083,0.997076
2.69703,0.997154
2.70325,0.99723
2.70948,0.997304
2.71573,0.997377
2.72199,0.997448
2.72827,0.997517
2.73456,0.997585
2.74086,0.997651
2.74718,0.997716
2.75352,0.997779
2.75987,0.997841
2.76623,0.997901
2.77261,0.99796
2.779,0.998018
2.78541,0.998074
2.79183,0.998128
2.79827,0.998182
2.80472,0.998234
2.81119,0.998285
2.81767,0.998335
2.82417,0.998383
2.83068,0.99843
2.8372,0.998476
2.84375,0.998521
2.8503,0.998565
2.85687,0.998608
2.86346,0.99865
2.87006,0.99869
2.87668,0.99873
2.88331,0.998768
2.88996,0.998806
2.89663,0.998842
2.9033,0.998878
2.91,0.998912
2.91671,0.998946
2.92343,0.998979
2.93017,0.999011
2.93693,0.999042
2.9437,0.999072
2.95049,0.999102
2.95729,0.99913
2.96411,0.999158
2.97094,0.999185
2.97779,0.999211
2.98466,0.999237
2.99154,0.999262
2.99844,0.999286
3.00535,0.999309
3.01228,0.999332
3.01923,0.999354
3.02619,0.999376
3.03317,0.999397
3.04016,0.999417
3.04717,0.999437
3.0542,0.999456
3.06124,0.999475
3.0683,0.999493
3.07537,0.99951
3.08246,0.999527
3.08957,0.999543
3.09669,0.999559
3.10383,0.999575
3.11099,0.99959
3.11816,0.999604
3.12535,0.999618
3.13256,0.999632
3.13978,0.999645
3.14702,0.999658
3.15428,0.99967
3.16155,0.999682
3.16884,0.999694
3.17615,0.999705
3.18347,0.999716
3.19081,0.999726
3.19817,0.999737
3.20554,0.999746
3.21293,0.999756
3.22034,0.999765
3.22776,0.999774
3.23521,0.999783
3.24267,0.999791
3.25014,0.999799
3.25764,0.999807
3.26515,0.999814
3.27268,0.999821
3.28022,0.999828
3.28778,0.999835
3.29537,0.999842
3.30296,0.999848
3.31058,0.999854
3.31821,0.99986
3.32586,0.999865
3.33353,0.999871
3.34122,0.999876
3.34892,0.999881
3.35664,0.999886
3.36438,0.999891
3.37214,0.999895
3.37992,0.999899
3.38771,0.999904
3.39552,0.999908
3.40335,0.999912
3.4112,0.999915
3.41906,0.999919
3.42694,0.999922
3.43485,0.999926
3.44277,0.999929
3.4507,0.999932
3.45866,0.999935
3.46663,0.999938
3.47463,0.99994
3.48264,0.999943
3.49067,0.999946
3.49872,0.999948
3.50678,0.99995
3.51487,0.999952
3.52297,0.999955
3.5311,0.999957
3.53924,0.999959
3.5474,0.99996
3.55558,0.999962
3.56378,0.999964
3.57199,0.999966
3.58023,0.999967
3.58848,0.999969
3.59676,0.99997
3.60505,0.999972
3.61336,0.999973
3.62169,0.999974
3.63004,0.999976
3.63841,0.999977
3.6468,0.999978
3.65521,0.999979
3.66364,0.99998
3.67209,0.999981
3.68055,0.999982
3.68904,0.999983
3.69755,0.999984
3.70607,0.999984
3.71462,0.999985
3.72318,0.999986
3.73177,0.999987
3.74037,0.999987
3.74899,0.999988
3.75764,0.999989
3.7663,0.999989
3.77499,0.99999
3.78369,0.99999
3.79241,0.999991
3.80116,0.999991
3.80992,0.999992
3.81871,0.999992
3.82751,0.999993
3.83634,0.999993
3.84518,0.999993
3.85405,0.999994
3.86293,0.999994
3.87184,0.999994
3.88077,0.999995
3.88972,0.999995
3.89869,0.999995
3.90767,0.999995
3.91668,0.999996
3.92572,0.999996
3.93477,0.999996
3.94384,0.999996
3.95293,0.999997
3.96205,0.999997
3.97118,0.999997
3.98034,0.999997
3.98952,0.999997
3.99871,0.999997
4.00793,0.999998
4.01718,0.999998
4.02644,0.999998
4.03572,0.999998
4.04503,0.999998
4.05435,0.999998
4.0637,0.999998
4.07307,0.999998
4.08246,0.999999
4.09188,0.999999
4.10131,0.999999
4.11077,0.999999
4.12024,0.999999
4.12974,0.999999
4.13927,0.999999
4.14881,0.999999
4.15838,0.999999
4.16796,0.999999
4.17757,0.999999
4.18721,0.999999
4.19686,0.999999
4.20654,0.999999
4.21624,0.999999
4.22596,0.999999
4.2357,0.999999
4.24547,1
4.25526,1
4.26507,1
4.2749,1
4.28476,1
4.29464,1
4.30454,1
4.31447,1
4.32441,1
4.33438,1
4.34438,1
4.35439,1
4.36443,1
4.3745,1
4.38458,1
4.39469,1
4.40483,1
4.41498,1
4.42516,1
4.43537,1
4.44559,1
4.45584,1
4.46612,1
4.47641,1
4.48673,1
4.49708,1
4.50745,1
4.51784,1
4.52826,1
4.5387,1
4.54916,1
4.55965,1
4.57017,1
4.5807,1
4.59127,1
4.60185,1
4.61246,1
4.6231,1
4.63376,1
4.64444,1
4.65515,1
4.66588,1
4.67664,1
4.68742,1
4.69823,1
4.70906,1
4.71992,1
4.7308,1
4.74171,1
4.75265,1
4.7636,1
4.77459,1
4.7856,1
4.79663,1
4.80769,1
4.81877,1
4.82988,1
4.84102,1
4.85218,1
4.86337,1
4.87458,1
4.88582,1
4.89709,1
4.90838,1
4.9197,1
4.93104,1
4.94241,1
4.95381,1
4.96523,1
4.97668,1
4.98815,1
4.99965,1
5.01118,1
5.02273,1
5.03432,1
5.04592,1
5.05756,1
5.06922,1
5.08091,1
5.09262,1
5.10436,1
5.11613,1
5.12793,1
5.13975,1
5.1516,1
5.16348,1
5.17539,1
5.18732,1
5.19928,1
5.21127,1
5.22328,1
5.23533,1
5.2474,1
5.2595,1
5.27162,1
5.28378,1
5.29596,1
5.30817,1
5.32041,1
5.33268,1
5.34497,1
5.3573,1
5.36965,1
5.38203,1
5.39444,1
5.40688,1
5.41934,1
5.43184,1
5.44436,1
5.45692,1
5.4695,1
5.48211,1
5.49475,1
5.50742,1
5.52012,1
5.53285,1
5.5456,1
5.55839,1
5.57121,1
5.58405,1
5.59693,1
5.60983,1
5.62277,1
5.63573,1
5.64872,1
5.66175,1
5.6748,1
5.68789,1
5.701,1
5.71415,1
5.72732,1
5.74053,1
5.75376,1
5.76703,1
5.78033,1
5.79365,1
5.80701,1
5.8204,1
5.83382,1
5.84727,1
5.86076,1
5.87427,1
5.88781,1
5.90139,1
5.915,1
5.92863,1
5.9423,1
5.956,1
5.96974,1
5.9835,1
5.9973,1
6.01113,1
6.02499,1
6.03888,1
6.0528,1
6.06676,1
6.08074,1
6.09477,1
6.10882,1
6.1229,1
6.13702,1
6.15117,1
6.16535,1
6.17957,1
6.19382,1
6.2081,1
6.22241,1
6.23676,1
6.25114,1
6.26555,1
6.28,1
6.29448,1
6.30899,1
6.32354,1
6.33812,1
6.35273,1
6.36738,1
6.38206,1
6.39678,1
6.41153,1
6.42631,1
6.44113,1
6.45598,1
6.47086,1
6.48578,1
6.50074,1
6.51573,1
6.53075,1
6.54581,1
6.5609,1
6.57603,1
6.59119,1
6.60639,1
6.62162,1
6.63689,1
6.65219,1
6.66753,1
6.6829,1
6.69831,1
6.71375,1
6.72923,1
6.74475,1
6.7603,1
6.77589,1
6.79151,1
6.80717,1
6.82287,1
6.8386,1
6.85436,1
6.87017,1
6.88601,1
6.90189,1
6.9178,1
6.93375,1
6.94974,1
6.96576,1
6.98182,1
6.99792,1
7.01406,1
7.03023,1
7.04644,1
7.06268,1
7.07897,1
7.09529,1
7.11165,1
7.12805,1
7.14448,1
7.16096,1
7.17747,1
7.19402,1
7.2106,1
7.22723,1
7.24389,1
7.26059,1
7.27734,1
7.29411,1
7.31093,1
7.32779,1
7.34469,1
7.36162,1
7.37859,1
7.39561,1
7.41266,1
7.42975,1
7.44688,1
7.46405,1
7.48126,1
7.49851,1
7.5158,1
7.53313,1
7.5505,1
7.56791,1
7.58536,1
7.60285,1
7.62038,1
7.63795,1
7.65556,1
7.67321,1
7.6909,1
7.70863,1
7.72641,1
7.74422,1
7.76208,1
7.77997,1
7.79791,1
7.81589,1
7.83391,1
7.85198,1
7.87008,1
7.88823,1
7.90641,1
7.92464,1
7.94292,1
7.96123,1
7.97959,1
7.99799,1
8.01643,1
8.03491,1
8.05344,1
8.072,1
8.09062,1
8.10927,1
8.12797,1
8.14671,1
8.16549,1
8.18432,1
8.20319,1
8.2221,1
8.24106,1
8.26006,1
8.27911,1
8.2982,1
8.31733,1
8.33651,1
8.35573,1
8.375,1
8.39431,1
8.41366,1
8.43306,1
8.4525,1
8.47199,1
8.49153,1
8.51111,1
8.53073,1
8.5504,1
8.57011,1
8.58987,1
8.60968,1
8.62953,1
8.64943,1
8.66937,1
8.68936,1
8.7094,1
8.72948,1
8.7496,1
8.76978,1
8.79,1
8.81027,1
8.83058,1
8.85094,1
8.87135,1
8.8918,1
8.9123,1
8.93285,1
8.95345,1
8.97409,1
8.99479,1
9.01552,1
9.03631,1
9.05715,1
9.07803,1
9.09896,1
9.11994,1
9.14097,1
9.16204,1
9.18317,1
9.20434,1
9.22557,1
9.24684,1
9.26816,1
9.28953,1
9.31095,1
9.33241,1
9.35393,1
9.3755,1
9.39712,1
9.41878,1
9.4405,1
9.46227,1
9.48408,1
9.50595,1
9.52787,1
9.54984,1
9.57186,1
9.59393,1
9.61605,1
9.63822,1
9.66044,1
9.68272,1
9.70504,1
9.72742,1
9.74985,1
9.77233,1
9.79486,1
9.81744,1
9.84008,1
9.86277,1
9.88551,1
9.9083,1
9.93115,1
9.95405,1
9.977,1
10,1
