r,N
0.0001,2.35322e-09
0.000100231,2.36484e-09
0.000100462,2.37652e-09
0.000100693,2.38826e-09
0.000100925,2.40006e-09
0.000101158,2.41191e-09
0.000101391,2.42383e-09
0.000101625,2.4358e-09
0.00010186,2.44783e-09
0.000102094,2.45992e-09
0.00010233,2.47207e-09
0.000102566,2.48428e-09
0.000102802,2.49655e-09
0.000103039,2.50888e-09
0.000103277,2.52127e-09
0.000103515,2.53373e-09
0.000103754,2.54624e-09
0.000103993,2.55882e-09
0.000104233,2.57146e-09
0.000104473,2.58416e-09
0.000104714,2.59693e-09
0.000104955,2.60976e-09
0.000105197,2.62265e-09
0.00010544,2.6356e-09
0.000105683,2.64862e-09
0.000105927,2.66171e-09
0.000106171,2.67486e-09
0.000106416,2.68807e-09
0.000106661,2.70135e-09
0.000106907,2.71469e-09
0.000107153,2.7281e-09
0.0001074,2.74158e-09
0.000107648,2.75513e-09
0.000107896,2.76874e-09
0.000108145,2.78241e-09
0.000108394,2.79616e-09
0.000108644,2.80997e-09
0.000108895,2.82386e-09
0.000109146,2.83781e-09
0.000109398,2.85183e-09
0.00010965,2.86592e-09
0.000109903,2.88008e-09
0.000110156,2.89431e-09
0.00011041,2.90861e-09
0.000110665,2.92298e-09
0.00011092,2.93742e-09
0.000111176,2.95193e-09
0.000111432,2.96652e-09
0.000111689,2.98117e-09
0.000111946,2.9959e-09
0.000112204,3.0107e-09
0.000112463,3.02558e-09
0.000112722,3.04053e-09
0.000112982,3.05555e-09
0.000113243,3.07065e-09
0.000113504,3.08582e-09
0.000113766,3.10107e-09
0.000114028,3.11639e-09
0.000114291,3.13179e-09
0.000114554,3.14727e-09
0.000114819,3.16282e-09
0.000115083,3.17845e-09
0.000115349,3.19415e-09
0.000115615,3.20994e-09
0.000115881,3.2258e-09
0.000116148,3.24174e-09
0.000116416,3.25776e-09
0.000116685,3.27386e-09
0.000116954,3.29004e-09
0.000117223,3.30629e-09
0.000117494,3.32263e-09
0.000117764,3.33905e-09
0.000118036,3.35555e-09
0.000118308,3.37213e-09
0.000118581,3.3888e-09
0.000118854,3.40555e-09
0.000119128,3.42238e-09
0.000119403,3.43929e-09
0.000119678,3.45629e-09
0.000119954,3.47337e-09
0.000120231,3.49053e-09
0.000120508,3.50778e-09
0.000120786,3.52512e-09
0.000121064,3.54254e-09
0.000121344,3.56005e-09
0.000121623,3.57765e-09
0.000121904,3.59533e-09
0.000122185,3.6131e-09
0.000122467,3.63095e-09
0.000122749,3.6489e-09
0.000123032,3.66693e-09
0.000123316,3.68506e-09
0.0001236,3.70327e-09
0.000123885,3.72158e-09
0.000124171,3.73997e-09
0.000124457,3.75846e-09
0.000124744,3.77703e-09
0.000125031,3.7957e-09
0.00012532,3.81446e-09
0.000125609,3.83332e-09
0.000125898,3.85227e-09
0.000126189,3.87131e-09
0.00012648,3.89044e-09
0.000126771,3.90967e-09
0.000127063,3.929e-09
0.000127356,3.94842e-09
0.00012765,3.96794e-09
0.000127944,3.98755e-09
0.000128239,4.00726e-09
0.000128535,4.02707e-09
0.000128831,4.04698e-09
0.000129129,4.06698e-09
0.000129426,4.08709e-09
0.000129725,4.10729e-09
0.000130024,4.1276e-09
0.000130324,4.148e-09
0.000130624,4.16851e-09
0.000130925,4.18911e-09
0.000131227,4.20982e-09
0.00013153,4.23064e-09
0.000131833,4.25155e-09
0.000132137,4.27257e-09
0.000132442,4.29369e-09
0.000132747,4.31492e-09
0.000133053,4.33625e-09
0.00013336,4.35769e-09
0.000133667,4.37923e-09
0.000133976,4.40088e-09
0.000134284,4.42264e-09
0.000134594,4.44451e-09
0.000134904,4.46648e-09
0.000135215,4.48856e-09
0.000135527,4.51076e-09
0.00013584,4.53306e-09
0.000136153,4.55547e-09
0.000136467,4.57799e-09
0.000136781,4.60063e-09
0.000137097,4.62338e-09
0.000137413,4.64624e-09
0.00013773,4.66921e-09
0.000138047,4.6923e-09
0.000138366,4.7155e-09
0.000138685,4.73881e-09
0.000139004,4.76225e-09
0.000139325,4.78579e-09
0.000139646,4.80946e-09
0.000139968,4.83324e-09
0.000140291,4.85714e-09
0.000140614,4.88115e-09
0.000140939,4.90529e-09
0.000141264,4.92955e-09
0.000141589,4.95392e-09
0.000141916,4.97842e-09
0.000142243,5.00304e-09
0.000142571,5.02778e-09
0.0001429,5.05264e-09
0.000143229,5.07763e-09
0.000143559,5.10274e-09
0.00014389,5.12797e-09
0.000144222,5.15333e-09
0.000144555,5.17882e-09
0.000144888,5.20443e-09
0.000145222,5.23016e-09
0.000145557,5.25603e-09
0.000145892,5.28202e-09
0.000146229,5.30814e-09
0.000146566,5.3344e-09
0.000146904,5.36078e-09
0.000147243,5.38729e-09
0.000147582,5.41393e-09
0.000147922,5.44071e-09
0.000148263,5.46762e-09
0.000148605,5.49466e-09
0.000148948,5.52183e-09
0.000149291,5.54914e-09
0.000149636,5.57659e-09
0.000149981,5.60417e-09
0.000150326,5.63189e-09
0.000150673,5.65974e-09
0.00015102,5.68774e-09
0.000151369,5.71587e-09
0.000151718,5.74414e-09
0.000152068,5.77255e-09
0.000152418,5.8011e-09
0.00015277,5.8298e-09
0.000153122,5.85863e-09
0.000153475,5.88761e-09
0.000153829,5.91673e-09
0.000154183,5.946e-09
0.000154539,5.97541e-09
0.000154895,6.00497e-09
0.000155252,6.03467e-09
0.00015561,6.06452e-09
0.000155969,6.09452e-09
0.000156329,6.12467e-09
0.000156689,6.15497e-09
0.00015705,6.18541e-09
0.000157413,6.21601e-09
0.000157776,6.24676e-09
0.000158139,6.27766e-09
0.000158504,6.30872e-09
0.000158869,6.33993e-09
0.000159236,6.37129e-09
0.000159603,6.40281e-09
0.000159971,6.43448e-09
0.00016034,6.46631e-09
0.000160709,6.4983e-09
0.00016108,6.53045e-09
0.000161451,6.56276e-09
0.000161824,6.59523e-09
0.000162197,6.62786e-09
0.000162571,6.66065e-09
0.000162946,6.6936e-09
0.000163321,6.72671e-09
0.000163698,6.75999e-09
0.000164075,6.79344e-09
0.000164454,6.82705e-09
0.000164833,6.86083e-09
0.000165213,6.89477e-09
0.000165594,6.92888e-09
0.000165976,6.96317e-09
0.000166358,6.99762e-09
0.000166742,7.03224e-09
0.000167126,7.06703e-09
0.000167512,7.102e-09
0.000167898,7.13714e-09
0.000168285,7.17245e-09
0.000168673,7.20794e-09
0.000169062,7.24361e-09
0.000169452,7.27945e-09
0.000169842,7.31547e-09
0.000170234,7.35167e-09
0.000170626,7.38804e-09
0.00017102,7.4246e-09
0.000171414,7.46134e-09
0.000171809,7.49826e-09
0.000172206,7.53536e-09
0.000172603,7.57265e-09
0.000173001,7.61012e-09
0.000173399,7.64778e-09
0.000173799,7.68563e-09
0.0001742,7.72366e-09
0.000174602,7.76188e-09
0.000175004,7.80029e-09
0.000175408,7.83889e-09
0.000175812,7.87768e-09
0.000176218,7.91667e-09
0.000176624,7.95585e-09
0.000177031,7.99522e-09
0.000177439,8.03479e-09
0.000177848,8.07455e-09
0.000178258,8.11451e-09
0.000178669,8.15467e-09
0.000179081,8.19502e-09
0.000179494,8.23558e-09
0.000179908,8.27634e-09
0.000180323,8.3173e-09
0.000180739,8.35847e-09
0.000181156,8.39983e-09
0.000181573,8.44141e-09
0.000181992,8.48318e-09
0.000182411,8.52517e-09
0.000182832,8.56736e-09
0.000183254,8.60977e-09
0.000183676,8.65238e-09
0.0001841,8.69521e-09
0.000184524,8.73824e-09
0.00018495,8.78149e-09
0.000185376,8.82496e-09
0.000185803,8.86864e-09
0.000186232,8.91254e-09
0.000186661,8.95665e-09
0.000187092,9.00098e-09
0.000187523,9.04554e-09
0.000187955,9.09031e-09
0.000188389,9.13531e-09
0.000188823,9.18053e-09
0.000189259,9.22597e-09
0.000189695,9.27164e-09
0.000190132,9.31753e-09
0.000190571,9.36366e-09
0.00019101,9.41001e-09
0.00019145,9.45659e-09
0.000191892,9.5034e-09
0.000192334,9.55044e-09
0.000192778,9.59772e-09
0.000193222,9.64523e-09
0.000193668,9.69298e-09
0.000194114,9.74096e-09
0.000194562,9.78919e-09
0.000195011,9.83765e-09
0.00019546,9.88635e-09
0.000195911,9.93529e-09
0.000196363,9.98448e-09
0.000196815,1.00339e-08
0.000197269,1.00836e-08
0.000197724,1.01335e-08
0.00019818,1.01837e-08
0.000198637,1.02341e-08
0.000199095,1.02848e-08
0.000199554,1.03357e-08
0.000200014,1.03868e-08
0.000200475,1.04383e-08
0.000200937,1.049e-08
0.000201401,1.05419e-08
0.000201865,1.05941e-08
0.00020233,1.06465e-08
0.000202797,1.06992e-08
0.000203265,1.07522e-08
0.000203733,1.08055e-08
0.000204203,1.0859e-08
0.000204674,1.09127e-08
0.000205146,1.09668e-08
0.000205619,1.10211e-08
0.000206093,1.10756e-08
0.000206568,1.11305e-08
0.000207044,1.11856e-08
0.000207522,1.1241e-08
0.000208,1.12966e-08
0.00020848,1.13526e-08
0.00020896,1.14088e-08
0.000209442,1.14653e-08
0.000209925,1.1522e-08
0.000210409,1.15791e-08
0.000210894,1.16364e-08
0.000211381,1.16941e-08
0.000211868,1.1752e-08
0.000212356,1.18102e-08
0.000212846,1.18687e-08
0.000213337,1.19274e-08
0.000213829,1.19865e-08
0.000214322,1.20459e-08
0.000214816,1.21055e-08
0.000215311,1.21655e-08
0.000215808,1.22257e-08
0.000216305,1.22862e-08
0.000216804,1.23471e-08
0.000217304,1.24082e-08
0.000217805,1.24697e-08
0.000218307,1.25314e-08
0.00021881,1.25935e-08
0.000219315,1.26559e-08
0.000219821,1.27186e-08
0.000220327,1.27815e-08
0.000220835,1.28448e-08
0.000221345,1.29085e-08
0.000221855,1.29724e-08
0.000222367,1.30366e-08
0.000222879,1.31012e-08
0.000223393,1.31661e-08
0.000223908,1.32313e-08
0.000224424,1.32968e-08
0.000224942,1.33627e-08
0.000225461,1.34289e-08
0.00022598,1.34954e-08
0.000226501,1.35623e-08
0.000227024,1.36294e-08
0.000227547,1.36969e-08
0.000228072,1.37648e-08
0.000228598,1.3833e-08
0.000229125,1.39015e-08
0.000229653,1.39703e-08
0.000230183,1.40395e-08
0.000230713,1.41091e-08
0.000231245,1.4179e-08
0.000231778,1.42492e-08
0.000232313,1.43198e-08
0.000232848,1.43907e-08
0.000233385,1.4462e-08
0.000233923,1.45337e-08
0.000234463,1.46056e-08
0.000235003,1.4678e-08
0.000235545,1.47507e-08
0.000236088,1.48238e-08
0.000236633,1.48972e-08
0.000237178,1.4971e-08
0.000237725,1.50452e-08
0.000238273,1.51197e-08
0.000238823,1.51946e-08
0.000239373,1.52699e-08
0.000239925,1.53455e-08
0.000240478,1.54216e-08
0.000241033,1.5498e-08
0.000241589,1.55748e-08
0.000242146,1.56519e-08
0.000242704,1.57295e-08
0.000243264,1.58074e-08
0.000243825,1.58857e-08
0.000244387,1.59644e-08
0.00024495,1.60435e-08
0.000245515,1.6123e-08
0.000246081,1.62029e-08
0.000246648,1.62831e-08
0.000247217,1.63638e-08
0.000247787,1.64449e-08
0.000248358,1.65264e-08
0.000248931,1.66083e-08
0.000249505,1.66906e-08
0.00025008,1.67733e-08
0.000250657,1.68564e-08
0.000251235,1.69399e-08
0.000251814,1.70238e-08
0.000252395,1.71082e-08
0.000252977,1.7193e-08
0.00025356,1.72781e-08
0.000254145,1.73638e-08
0.000254731,1.74498e-08
0.000255318,1.75363e-08
0.000255907,1.76232e-08
0.000256497,1.77105e-08
0.000257088,1.77983e-08
0.000257681,1.78864e-08
0.000258275,1.79751e-08
0.000258871,1.80642e-08
0.000259467,1.81537e-08
0.000260066,1.82436e-08
0.000260665,1.8334e-08
0.000261266,1.84249e-08
0.000261869,1.85162e-08
0.000262473,1.8608e-08
0.000263078,1.87002e-08
0.000263684,1.87929e-08
0.000264292,1.8886e-08
0.000264902,1.89796e-08
0.000265512,1.90736e-08
0.000266125,1.91682e-08
0.000266738,1.92632e-08
0.000267353,1.93586e-08
0.00026797,1.94546e-08
0.000268588,1.9551e-08
0.000269207,1.96479e-08
0.000269828,1.97453e-08
0.00027045,1.98431e-08
0.000271073,1.99415e-08
0.000271698,2.00403e-08
0.000272325,2.01396e-08
0.000272953,2.02395e-08
0.000273582,2.03398e-08
0.000274213,2.04406e-08
0.000274845,2.05419e-08
0.000275479,2.06437e-08
0.000276114,2.0746e-08
0.000276751,2.08489e-08
0.000277389,2.09522e-08
0.000278028,2.10561e-08
0.000278669,2.11604e-08
0.000279312,2.12653e-08
0.000279956,2.13707e-08
0.000280601,2.14767e-08
0.000281248,2.15831e-08
0.000281897,2.16901e-08
0.000282547,2.17976e-08
0.000283198,2.19057e-08
0.000283851,2.20143e-08
0.000284506,2.21234e-08
0.000285162,2.22331e-08
0.000285819,2.23433e-08
0.000286478,2.2454e-08
0.000287139,2.25653e-08
0.000287801,2.26772e-08
0.000288464,2.27896e-08
0.000289129,2.29026e-08
0.000289796,2.30161e-08
0.000290464,2.31302e-08
0.000291134,2.32449e-08
0.000291805,2.33601e-08
0.000292478,2.3476e-08
0.000293152,2.35923e-08
0.000293828,2.37093e-08
0.000294506,2.38268e-08
0.000295185,2.3945e-08
0.000295865,2.40637e-08
0.000296548,2.4183e-08
0.000297231,2.43029e-08
0.000297917,2.44234e-08
0.000298604,2.45445e-08
0.000299292,2.46662e-08
0.000299982,2.47885e-08
0.000300674,2.49114e-08
0.000301367,2.50349e-08
0.000302062,2.5159e-08
0.000302758,2.52837e-08
0.000303456,2.54091e-08
0.000304156,2.55351e-08
0.000304857,2.56617e-08
0.00030556,2.57889e-08
0.000306265,2.59168e-08
0.000306971,2.60453e-08
0.000307679,2.61745e-08
0.000308388,2.63042e-08
0.000309099,2.64347e-08
0.000309812,2.65658e-08
0.000310526,2.66975e-08
0.000311242,2.68299e-08
0.00031196,2.69629e-08
0.000312679,2.70966e-08
0.0003134,2.7231e-08
0.000314123,2.7366e-08
0.000314847,2.75017e-08
0.000315573,2.76381e-08
0.000316301,2.77752e-08
0.00031703,2.79129e-08
0.000317761,2.80513e-08
0.000318494,2.81904e-08
0.000319228,2.83302e-08
0.000319964,2.84707e-08
0.000320702,2.86119e-08
0.000321441,2.87538e-08
0.000322182,2.88964e-08
0.000322925,2.90397e-08
0.00032367,2.91837e-08
0.000324416,2.93285e-08
0.000325164,2.94739e-08
0.000325914,2.96201e-08
0.000326665,2.9767e-08
0.000327418,2.99146e-08
0.000328173,3.0063e-08
0.00032893,3.02121e-08
0.000329688,3.03619e-08
0.000330449,3.05125e-08
0.00033121,3.06638e-08
0.000331974,3.08159e-08
0.00033274,3.09688e-08
0.000333507,3.11224e-08
0.000334276,3.12767e-08
0.000335046,3.14319e-08
0.000335819,3.15878e-08
0.000336593,3.17444e-08
0.000337369,3.19019e-08
0.000338147,3.20601e-08
0.000338927,3.22192e-08
0.000339708,3.2379e-08
0.000340492,3.25396e-08
0.000341277,3.2701e-08
0.000342064,3.28632e-08
0.000342852,3.30262e-08
0.000343643,3.319e-08
0.000344435,3.33547e-08
0.000345229,3.35201e-08
0.000346025,3.36864e-08
0.000346823,3.38535e-08
0.000347623,3.40214e-08
0.000348424,3.41902e-08
0.000349228,3.43598e-08
0.000350033,3.45303e-08
0.00035084,3.47015e-08
0.000351649,3.48737e-08
0.00035246,3.50467e-08
0.000353272,3.52206e-08
0.000354087,3.53953e-08
0.000354903,3.55709e-08
0.000355722,3.57473e-08
0.000356542,3.59247e-08
0.000357364,3.61029e-08
0.000358188,3.6282e-08
0.000359014,3.6462e-08
0.000359841,3.66429e-08
0.000360671,3.68247e-08
0.000361503,3.70074e-08
0.000362336,3.7191e-08
0.000363172,3.73755e-08
0.000364009,3.7561e-08
0.000364848,3.77473e-08
0.00036569,3.79346e-08
0.000366533,3.81228e-08
0.000367378,3.8312e-08
0.000368225,3.85021e-08
0.000369074,3.86931e-08
0.000369925,3.88851e-08
0.000370778,3.9078e-08
0.000371633,3.92719e-08
0.00037249,3.94668e-08
0.000373349,3.96626e-08
0.000374209,3.98594e-08
0.000375072,4.00572e-08
0.000375937,4.02559e-08
0.000376804,4.04557e-08
0.000377673,4.06564e-08
0.000378543,4.08582e-08
0.000379416,4.10609e-08
0.000380291,4.12647e-08
0.000381168,4.14694e-08
0.000382047,4.16752e-08
0.000382928,4.1882e-08
0.00038381,4.20898e-08
0.000384695,4.22987e-08
0.000385582,4.25086e-08
0.000386471,4.27196e-08
0.000387363,4.29316e-08
0.000388256,4.31446e-08
0.000389151,4.33587e-08
0.000390048,4.35739e-08
0.000390947,4.37901e-08
0.000391849,4.40074e-08
0.000392752,4.42258e-08
0.000393658,4.44453e-08
0.000394566,4.46659e-08
0.000395475,4.48876e-08
0.000396387,4.51103e-08
0.000397301,4.53342e-08
0.000398217,4.55592e-08
0.000399135,4.57853e-08
0.000400056,4.60125e-08
0.000400978,4.62409e-08
0.000401903,4.64704e-08
0.000402829,4.67011e-08
0.000403758,4.69328e-08
0.000404689,4.71658e-08
0.000405622,4.73999e-08
0.000406557,4.76351e-08
0.000407495,4.78716e-08
0.000408434,4.81092e-08
0.000409376,4.8348e-08
0.00041032,4.85879e-08
0.000411266,4.88291e-08
0.000412214,4.90715e-08
0.000413165,4.9315e-08
0.000414117,4.95598e-08
0.000415072,4.98058e-08
0.000416029,5.0053e-08
0.000416988,5.03015e-08
0.00041795,5.05512e-08
0.000418914,5.08021e-08
0.000419879,5.10543e-08
0.000420848,5.13077e-08
0.000421818,5.15624e-08
0.000422791,5.18184e-08
0.000423765,5.20756e-08
0.000424742,5.23341e-08
0.000425722,5.25939e-08
0.000426703,5.2855e-08
0.000427687,5.31173e-08
0.000428673,5.3381e-08
0.000429662,5.3646e-08
0.000430652,5.39123e-08
0.000431645,5.418e-08
0.000432641,5.4449e-08
0.000433638,5.47193e-08
0.000434638,5.49909e-08
0.00043564,5.52639e-08
0.000436645,5.55383e-08
0.000437651,5.5814e-08
0.00043866,5.60911e-08
0.000439672,5.63696e-08
0.000440686,5.66494e-08
0.000441702,5.69307e-08
0.00044272,5.72133e-08
0.000443741,5.74974e-08
0.000444764,5.77829e-08
0.000445789,5.80697e-08
0.000446817,5.83581e-08
0.000447848,5.86478e-08
0.00044888,5.8939e-08
0.000449915,5.92316e-08
0.000450953,5.95257e-08
0.000451992,5.98213e-08
0.000453034,6.01183e-08
0.000454079,6.04168e-08
0.000455126,6.07168e-08
0.000456175,6.10183e-08
0.000457227,6.13212e-08
0.000458281,6.16257e-08
0.000459338,6.19317e-08
0.000460397,6.22392e-08
0.000461459,6.25483e-08
0.000462523,6.28589e-08
0.000463589,6.3171e-08
0.000464658,6.34847e-08
0.000465729,6.37999e-08
0.000466803,6.41167e-08
0.00046788,6.44351e-08
0.000468958,6.47551e-08
0.00047004,6.50767e-08
0.000471123,6.53998e-08
0.00047221,6.57246e-08
0.000473298,6.6051e-08
0.00047439,6.6379e-08
0.000475483,6.67086e-08
0.00047658,6.70399e-08
0.000477679,6.73728e-08
0.00047878,6.77074e-08
0.000479884,6.80437e-08
0.00048099,6.83816e-08
0.000482099,6.87212e-08
0.000483211,6.90625e-08
0.000484325,6.94055e-08
0.000485442,6.97501e-08
0.000486561,7.00966e-08
0.000487683,7.04447e-08
0.000488807,7.07946e-08
0.000489935,7.11462e-08
0.000491064,7.14995e-08
0.000492196,7.18546e-08
0.000493331,7.22115e-08
0.000494469,7.25701e-08
0.000495609,7.29306e-08
0.000496752,7.32928e-08
0.000497897,7.36568e-08
0.000499045,7.40227e-08
0.000500196,7.43903e-08
0.000501349,7.47598e-08
0.000502505,7.51312e-08
0.000503663,7.55043e-08
0.000504825,7.58794e-08
0.000505989,7.62563e-08
0.000507155,7.66351e-08
0.000508325,7.70157e-08
0.000509497,7.73983e-08
0.000510672,7.77827e-08
0.000511849,7.81691e-08
0.000513029,7.85574e-08
0.000514212,7.89476e-08
0.000515398,7.93398e-08
0.000516586,7.97339e-08
0.000517777,8.013e-08
0.000518971,8.0528e-08
0.000520168,8.0928e-08
0.000521367,8.13301e-08
0.000522569,8.17341e-08
0.000523774,8.21401e-08
0.000524982,8.25481e-08
0.000526192,8.29582e-08
0.000527405,8.33703e-08
0.000528621,8.37845e-08
0.00052984,8.42007e-08
0.000531062,8.4619e-08
0.000532286,8.50394e-08
0.000533514,8.54619e-08
0.000534744,8.58865e-08
0.000535977,8.63132e-08
0.000537212,8.6742e-08
0.000538451,8.71729e-08
0.000539693,8.7606e-08
0.000540937,8.80413e-08
0.000542184,8.84787e-08
0.000543434,8.89183e-08
0.000544687,8.936e-08
0.000545943,8.9804e-08
0.000547202,9.02502e-08
0.000548464,9.06986e-08
0.000549728,9.11492e-08
0.000550996,9.16021e-08
0.000552266,9.20573e-08
0.00055354,9.25147e-08
0.000554816,9.29743e-08
0.000556095,9.34363e-08
0.000557377,9.39005e-08
0.000558662,9.43671e-08
0.00055995,9.4836e-08
0.000561242,9.53072e-08
0.000562536,9.57808e-08
0.000563833,9.62567e-08
0.000565133,9.6735e-08
0.000566436,9.72157e-08
0.000567742,9.76988e-08
0.000569051,9.81843e-08
0.000570363,9.86721e-08
0.000571678,9.91625e-08
0.000572996,9.96552e-08
0.000574317,1.0015e-07
0.000575641,1.00648e-07
0.000576969,1.01148e-07
0.000578299,1.01651e-07
0.000579632,1.02156e-07
0.000580969,1.02664e-07
0.000582308,1.03174e-07
0.000583651,1.03687e-07
0.000584997,1.04202e-07
0.000586346,1.0472e-07
0.000587697,1.0524e-07
0.000589053,1.05763e-07
0.000590411,1.06289e-07
0.000591772,1.06817e-07
0.000593136,1.07348e-07
0.000594504,1.07881e-07
0.000595875,1.08418e-07
0.000597249,1.08956e-07
0.000598626,1.09498e-07
0.000600006,1.10042e-07
0.000601389,1.10589e-07
0.000602776,1.11139e-07
0.000604166,1.11691e-07
0.000605559,1.12246e-07
0.000606955,1.12804e-07
0.000608355,1.13368e-07
0.000609757,1.13936e-07
0.000611163,1.14506e-07
0.000612572,1.15079e-07
0.000613985,1.15655e-07
0.0006154,1.16233e-07
0.000616819,1.16815e-07
0.000618242,1.174e-07
0.000619667,1.17987e-07
0.000621096,1.18578e-07
0.000622528,1.19171e-07
0.000623963,1.19767e-07
0.000625402,1.20367e-07
0.000626844,1.20969e-07
0.000628289,1.21574e-07
0.000629738,1.22183e-07
0.00063119,1.22794e-07
0.000632645,1.23409e-07
0.000634104,1.24027e-07
0.000635566,1.24647e-07
0.000637031,1.25271e-07
0.0006385,1.25898e-07
0.000639972,1.26528e-07
0.000641448,1.27161e-07
0.000642927,1.27798e-07
0.000644409,1.28438e-07
0.000645895,1.2908e-07
0.000647384,1.29726e-07
0.000648877,1.30376e-07
0.000650373,1.31028e-07
0.000651873,1.31684e-07
0.000653376,1.32343e-07
0.000654882,1.33006e-07
0.000656392,1.33671e-07
0.000657906,1.34341e-07
0.000659423,1.35013e-07
0.000660943,1.35689e-07
0.000662467,1.36368e-07
0.000663994,1.37051e-07
0.000665525,1.37737e-07
0.00066706,1.38426e-07
0.000668598,1.39119e-07
0.00067014,1.39815e-07
0.000671685,1.40515e-07
0.000673233,1.41219e-07
0.000674786,1.41926e-07
0.000676341,1.42636e-07
0.000677901,1.4335e-07
0.000679464,1.44068e-07
0.000681031,1.44789e-07
0.000682601,1.45514e-07
0.000684175,1.46242e-07
0.000685752,1.46974e-07
0.000687333,1.4771e-07
0.000688918,1.4845e-07
0.000690507,1.49193e-07
0.000692099,1.4994e-07
0.000693694,1.50691e-07
0.000695294,1.51445e-07
0.000696897,1.52203e-07
0.000698504,1.52965e-07
0.000700114,1.53731e-07
0.000701729,1.54501e-07
0.000703347,1.55274e-07
0.000704968,1.56052e-07
0.000706594,1.56833e-07
0.000708223,1.57618e-07
0.000709856,1.58408e-07
0.000711493,1.59201e-07
0.000713133,1.59998e-07
0.000714777,1.60799e-07
0.000716425,1.61604e-07
0.000718077,1.62413e-07
0.000719733,1.63227e-07
0.000721393,1.64044e-07
0.000723056,1.64865e-07
0.000724723,1.65691e-07
0.000726394,1.66521e-07
0.000728069,1.67354e-07
0.000729748,1.68192e-07
0.00073143,1.69035e-07
0.000733117,1.69881e-07
0.000734807,1.70732e-07
0.000736501,1.71587e-07
0.000738199,1.72446e-07
0.000739901,1.7331e-07
0.000741607,1.74177e-07
0.000743317,1.7505e-07
0.000745031,1.75926e-07
0.000746749,1.76807e-07
0.000748471,1.77693e-07
0.000750197,1.78583e-07
0.000751926,1.79477e-07
0.00075366,1.80376e-07
0.000755398,1.81279e-07
0.000757139,1.82187e-07
0.000758885,1.831e-07
0.000760635,1.84017e-07
0.000762389,1.84938e-07
0.000764147,1.85865e-07
0.000765908,1.86795e-07
0.000767674,1.87731e-07
0.000769444,1.88671e-07
0.000771218,1.89616e-07
0.000772997,1.90566e-07
0.000774779,1.9152e-07
0.000776565,1.9248e-07
0.000778356,1.93444e-07
0.000780151,1.94413e-07
0.000781949,1.95387e-07
0.000783752,1.96365e-07
0.000785559,1.97349e-07
0.000787371,1.98337e-07
0.000789186,1.99331e-07
0.000791006,2.00329e-07
0.00079283,2.01333e-07
0.000794658,2.02341e-07
0.00079649,2.03355e-07
0.000798326,2.04373e-07
0.000800167,2.05397e-07
0.000802012,2.06426e-07
0.000803861,2.0746e-07
0.000805715,2.08499e-07
0.000807572,2.09544e-07
0.000809434,2.10594e-07
0.000811301,2.11649e-07
0.000813171,2.12709e-07
0.000815046,2.13775e-07
0.000816925,2.14845e-07
0.000818809,2.15922e-07
0.000820697,2.17004e-07
0.000822589,2.18091e-07
0.000824486,2.19183e-07
0.000826387,2.20281e-07
0.000828292,2.21385e-07
0.000830202,2.22494e-07
0.000832116,2.23609e-07
0.000834035,2.24729e-07
0.000835958,2.25855e-07
0.000837885,2.26987e-07
0.000839817,2.28124e-07
0.000841754,2.29267e-07
0.000843695,2.30416e-07
0.00084564,2.3157e-07
0.00084759,2.3273e-07
0.000849544,2.33896e-07
0.000851503,2.35068e-07
0.000853466,2.36246e-07
0.000855434,2.3743e-07
0.000857406,2.3862e-07
0.000859383,2.39815e-07
0.000861365,2.41017e-07
0.000863351,2.42224e-07
0.000865341,2.43438e-07
0.000867337,2.44658e-07
0.000869336,2.45884e-07
0.000871341,2.47116e-07
0.00087335,2.48354e-07
0.000875364,2.49599e-07
0.000877382,2.5085e-07
0.000879405,2.52107e-07
0.000881432,2.5337e-07
0.000883465,2.5464e-07
0.000885502,2.55916e-07
0.000887543,2.57198e-07
0.00088959,2.58487e-07
0.000891641,2.59783e-07
0.000893697,2.61084e-07
0.000895757,2.62393e-07
0.000897823,2.63708e-07
0.000899893,2.65029e-07
0.000901968,2.66358e-07
0.000904047,2.67693e-07
0.000906132,2.69034e-07
0.000908221,2.70382e-07
0.000910315,2.71738e-07
0.000912414,2.73099e-07
0.000914518,2.74468e-07
0.000916627,2.75844e-07
0.00091874,2.77226e-07
0.000920858,2.78616e-07
0.000922982,2.80012e-07
0.00092511,2.81416e-07
0.000927243,2.82826e-07
0.000929381,2.84244e-07
0.000931524,2.85668e-07
0.000933671,2.871e-07
0.000935824,2.88539e-07
0.000937982,2.89985e-07
0.000940145,2.91439e-07
0.000942312,2.929e-07
0.000944485,2.94368e-07
0.000946663,2.95843e-07
0.000948845,2.97326e-07
0.000951033,2.98817e-07
0.000953226,3.00315e-07
0.000955424,3.0182e-07
0.000957627,3.03333e-07
0.000959835,3.04853e-07
0.000962048,3.06382e-07
0.000964266,3.07917e-07
0.000966489,3.09461e-07
0.000968718,3.11012e-07
0.000970951,3.12571e-07
0.00097319,3.14138e-07
0.000975434,3.15713e-07
0.000977683,3.17296e-07
0.000979937,3.18886e-07
0.000982197,3.20485e-07
0.000984461,3.22092e-07
0.000986731,3.23707e-07
0.000989006,3.25329e-07
0.000991287,3.2696e-07
0.000993572,3.286e-07
0.000995863,3.30247e-07
0.000998159,3.31903e-07
0.00100046,3.33567e-07
0.00100277,3.35239e-07
0.00100508,3.3692e-07
0.0010074,3.38609e-07
0.00100972,3.40307e-07
0.00101205,3.42013e-07
0.00101438,3.43728e-07
0.00101672,3.45451e-07
0.00101906,3.47183e-07
0.00102141,3.48924e-07
0.00102377,3.50673e-07
0.00102613,3.52432e-07
0.0010285,3.54199e-07
0.00103087,3.55975e-07
0.00103324,3.57759e-07
0.00103563,3.59553e-07
0.00103801,3.61356e-07
0.00104041,3.63168e-07
0.00104281,3.64989e-07
0.00104521,3.66819e-07
0.00104762,3.68659e-07
0.00105004,3.70507e-07
0.00105246,3.72365e-07
0.00105488,3.74232e-07
0.00105732,3.76109e-07
0.00105975,3.77995e-07
0.0010622,3.7989e-07
0.00106465,3.81796e-07
0.0010671,3.8371e-07
0.00106956,3.85634e-07
0.00107203,3.87568e-07
0.0010745,3.89512e-07
0.00107698,3.91465e-07
0.00107946,3.93428e-07
0.00108195,3.95401e-07
0.00108444,3.97384e-07
0.00108694,3.99377e-07
0.00108945,4.0138e-07
0.00109196,4.03393e-07
0.00109448,4.05416e-07
0.001097,4.07449e-07
0.00109953,4.09493e-07
0.00110207,4.11546e-07
0.00110461,4.1361e-07
0.00110716,4.15685e-07
0.00110971,4.1777e-07
0.00111227,4.19865e-07
0.00111483,4.21971e-07
0.0011174,4.24087e-07
0.00111998,4.26214e-07
0.00112256,4.28352e-07
0.00112515,4.305e-07
0.00112774,4.3266e-07
0.00113034,4.3483e-07
0.00113295,4.37011e-07
0.00113556,4.39203e-07
0.00113818,4.41406e-07
0.00114081,4.4362e-07
0.00114344,4.45845e-07
0.00114607,4.48081e-07
0.00114871,4.50329e-07
0.00115136,4.52588e-07
0.00115402,4.54858e-07
0.00115668,4.57139e-07
0.00115935,4.59433e-07
0.00116202,4.61737e-07
0.0011647,4.64053e-07
0.00116738,4.66381e-07
0.00117007,4.68721e-07
0.00117277,4.71072e-07
0.00117548,4.73435e-07
0.00117819,4.7581e-07
0.0011809,4.78197e-07
0.00118363,4.80596e-07
0.00118636,4.83007e-07
0.00118909,4.8543e-07
0.00119183,4.87865e-07
0.00119458,4.90312e-07
0.00119733,4.92772e-07
0.0012001,4.95244e-07
0.00120286,4.97729e-07
0.00120564,5.00226e-07
0.00120842,5.02735e-07
0.0012112,5.05258e-07
0.00121399,5.07792e-07
0.00121679,5.1034e-07
0.0012196,5.129e-07
0.00122241,5.15474e-07
0.00122523,5.1806e-07
0.00122806,5.20659e-07
0.00123089,5.23271e-07
0.00123372,5.25897e-07
0.00123657,5.28535e-07
0.00123942,5.31187e-07
0.00124228,5.33852e-07
0.00124514,5.36531e-07
0.00124801,5.39223e-07
0.00125089,5.41928e-07
0.00125378,5.44647e-07
0.00125667,5.4738e-07
0.00125956,5.50127e-07
0.00126247,5.52887e-07
0.00126538,5.55661e-07
0.0012683,5.58449e-07
0.00127122,5.61252e-07
0.00127415,5.64068e-07
0.00127709,5.66898e-07
0.00128003,5.69743e-07
0.00128299,5.72602e-07
0.00128594,5.75475e-07
0.00128891,5.78363e-07
0.00129188,5.81265e-07
0.00129486,5.84182e-07
0.00129784,5.87113e-07
0.00130084,5.90059e-07
0.00130384,5.9302e-07
0.00130684,5.95996e-07
0.00130986,5.98987e-07
0.00131288,6.01993e-07
0.0013159,6.05014e-07
0.00131894,6.0805e-07
0.00132198,6.11102e-07
0.00132503,6.14168e-07
0.00132808,6.17251e-07
0.00133114,6.20348e-07
0.00133421,6.23461e-07
0.00133729,6.2659e-07
0.00134037,6.29735e-07
0.00134346,6.32895e-07
0.00134656,6.36072e-07
0.00134967,6.39264e-07
0.00135278,6.42472e-07
0.0013559,6.45697e-07
0.00135902,6.48937e-07
0.00136216,6.52194e-07
0.0013653,6.55468e-07
0.00136844,6.58757e-07
0.0013716,6.62064e-07
0.00137476,6.65387e-07
0.00137793,6.68726e-07
0.00138111,6.72083e-07
0.00138429,6.75456e-07
0.00138749,6.78846e-07
0.00139068,6.82253e-07
0.00139389,6.85678e-07
0.0013971,6.89119e-07
0.00140033,6.92578e-07
0.00140356,6.96055e-07
0.00140679,6.99548e-07
0.00141003,7.0306e-07
0.00141329,7.06589e-07
0.00141654,7.10135e-07
0.00141981,7.137e-07
0.00142308,7.17282e-07
0.00142637,7.20883e-07
0.00142965,7.24501e-07
0.00143295,7.28138e-07
0.00143625,7.31793e-07
0.00143957,7.35467e-07
0.00144289,7.39159e-07
0.00144621,7.42869e-07
0.00144955,7.46598e-07
0.00145289,7.50346e-07
0.00145624,7.54113e-07
0.0014596,7.57898e-07
0.00146296,7.61703e-07
0.00146634,7.65527e-07
0.00146972,7.6937e-07
0.0014731,7.73232e-07
0.0014765,7.77114e-07
0.00147991,7.81015e-07
0.00148332,7.84936e-07
0.00148674,7.88877e-07
0.00149017,7.92837e-07
0.0014936,7.96817e-07
0.00149705,8.00818e-07
0.0015005,8.04838e-07
0.00150396,8.08879e-07
0.00150742,8.1294e-07
0.0015109,8.17021e-07
0.00151438,8.21123e-07
0.00151788,8.25246e-07
0.00152138,8.29389e-07
0.00152488,8.33553e-07
0.0015284,8.37738e-07
0.00153192,8.41944e-07
0.00153546,8.46171e-07
0.001539,8.5042e-07
0.00154254,8.54689e-07
0.0015461,8.58981e-07
0.00154967,8.63294e-07
0.00155324,8.67628e-07
0.00155682,8.71984e-07
0.00156041,8.76363e-07
0.00156401,8.80763e-07
0.00156761,8.85185e-07
0.00157123,8.8963e-07
0.00157485,8.94097e-07
0.00157848,8.98586e-07
0.00158212,9.03098e-07
0.00158577,9.07633e-07
0.00158943,9.12191e-07
0.00159309,9.16771e-07
0.00159676,9.21374e-07
0.00160045,9.26001e-07
0.00160414,9.30651e-07
0.00160783,9.35324e-07
0.00161154,9.40021e-07
0.00161526,9.44741e-07
0.00161898,9.49485e-07
0.00162271,9.54253e-07
0.00162646,9.59045e-07
0.00163021,9.63861e-07
0.00163396,9.68701e-07
0.00163773,9.73566e-07
0.00164151,9.78455e-07
0.00164529,9.83368e-07
0.00164909,9.88307e-07
0.00165289,9.9327e-07
0.0016567,9.98258e-07
0.00166052,1.00327e-06
0.00166435,1.00831e-06
0.00166819,1.01337e-06
0.00167203,1.01846e-06
0.00167589,1.02358e-06
0.00167975,1.02872e-06
0.00168362,1.03388e-06
0.00168751,1.03908e-06
0.0016914,1.04429e-06
0.0016953,1.04954e-06
0.00169921,1.05481e-06
0.00170312,1.06011e-06
0.00170705,1.06543e-06
0.00171099,1.07078e-06
0.00171493,1.07616e-06
0.00171889,1.08157e-06
0.00172285,1.087e-06
0.00172682,1.09246e-06
0.0017308,1.09794e-06
0.00173479,1.10346e-06
0.00173879,1.109e-06
0.0017428,1.11457e-06
0.00174682,1.12017e-06
0.00175085,1.1258e-06
0.00175489,1.13145e-06
0.00175893,1.13713e-06
0.00176299,1.14284e-06
0.00176705,1.14859e-06
0.00177113,1.15435e-06
0.00177521,1.16015e-06
0.0017793,1.16598e-06
0.00178341,1.17184e-06
0.00178752,1.17772e-06
0.00179164,1.18364e-06
0.00179577,1.18958e-06
0.00179991,1.19556e-06
0.00180406,1.20156e-06
0.00180822,1.2076e-06
0.00181239,1.21367e-06
0.00181657,1.21976e-06
0.00182076,1.22589e-06
0.00182496,1.23205e-06
0.00182916,1.23824e-06
0.00183338,1.24446e-06
0.00183761,1.25071e-06
0.00184184,1.25699e-06
0.00184609,1.2633e-06
0.00185035,1.26965e-06
0.00185461,1.27603e-06
0.00185889,1.28244e-06
0.00186318,1.28888e-06
0.00186747,1.29536e-06
0.00187178,1.30186e-06
0.00187609,1.3084e-06
0.00188042,1.31498e-06
0.00188476,1.32158e-06
0.0018891,1.32822e-06
0.00189346,1.33489e-06
0.00189782,1.3416e-06
0.0019022,1.34834e-06
0.00190658,1.35511e-06
0.00191098,1.36192e-06
0.00191539,1.36876e-06
0.0019198,1.37564e-06
0.00192423,1.38255e-06
0.00192867,1.3895e-06
0.00193311,1.39648e-06
0.00193757,1.40349e-06
0.00194204,1.41055e-06
0.00194652,1.41763e-06
0.001951,1.42476e-06
0.0019555,1.43191e-06
0.00196001,1.43911e-06
0.00196453,1.44634e-06
0.00196906,1.4536e-06
0.0019736,1.46091e-06
0.00197815,1.46825e-06
0.00198271,1.47562e-06
0.00198728,1.48304e-06
0.00199186,1.49049e-06
0.00199646,1.49798e-06
0.00200106,1.50551e-06
0.00200567,1.51307e-06
0.0020103,1.52067e-06
0.00201493,1.52831e-06
0.00201958,1.53599e-06
0.00202424,1.54371e-06
0.0020289,1.55147e-06
0.00203358,1.55926e-06
0.00203827,1.5671e-06
0.00204297,1.57497e-06
0.00204768,1.58288e-06
0.0020524,1.59084e-06
0.00205713,1.59883e-06
0.00206188,1.60687e-06
0.00206663,1.61494e-06
0.0020714,1.62305e-06
0.00207617,1.63121e-06
0.00208096,1.63941e-06
0.00208576,1.64764e-06
0.00209057,1.65592e-06
0.00209539,1.66424e-06
0.00210022,1.67261e-06
0.00210506,1.68101e-06
0.00210991,1.68946e-06
0.00211478,1.69795e-06
0.00211966,1.70648e-06
0.00212454,1.71506e-06
0.00212944,1.72368e-06
0.00213435,1.73234e-06
0.00213927,1.74104e-06
0.0021442,1.74979e-06
0.00214915,1.75858e-06
0.0021541,1.76742e-06
0.00215907,1.7763e-06
0.00216405,1.78523e-06
0.00216904,1.7942e-06
0.00217404,1.80322e-06
0.00217905,1.81228e-06
0.00218408,1.82139e-06
0.00218911,1.83054e-06
0.00219416,1.83974e-06
0.00219922,1.84899e-06
0.00220429,1.85828e-06
0.00220937,1.86762e-06
0.00221447,1.877e-06
0.00221957,1.88644e-06
0.00222469,1.89592e-06
0.00222982,1.90545e-06
0.00223496,1.91502e-06
0.00224011,1.92465e-06
0.00224528,1.93432e-06
0.00225046,1.94404e-06
0.00225564,1.95381e-06
0.00226085,1.96363e-06
0.00226606,1.9735e-06
0.00227128,1.98342e-06
0.00227652,1.99339e-06
0.00228177,2.0034e-06
0.00228703,2.01347e-06
0.0022923,2.02359e-06
0.00229759,2.03376e-06
0.00230289,2.04399e-06
0.0023082,2.05426e-06
0.00231352,2.06458e-06
0.00231885,2.07496e-06
0.0023242,2.08539e-06
0.00232956,2.09587e-06
0.00233493,2.1064e-06
0.00234031,2.11699e-06
0.00234571,2.12763e-06
0.00235112,2.13833e-06
0.00235654,2.14907e-06
0.00236197,2.15988e-06
0.00236742,2.17073e-06
0.00237288,2.18164e-06
0.00237835,2.19261e-06
0.00238383,2.20363e-06
0.00238933,2.21471e-06
0.00239484,2.22584e-06
0.00240036,2.23703e-06
0.00240589,2.24827e-06
0.00241144,2.25957e-06
0.002417,2.27093e-06
0.00242257,2.28234e-06
0.00242816,2.29382e-06
0.00243376,2.30535e-06
0.00243937,2.31693e-06
0.00244499,2.32858e-06
0.00245063,2.34028e-06
0.00245628,2.35205e-06
0.00246194,2.36387e-06
0.00246762,2.37575e-06
0.00247331,2.3877e-06
0.00247901,2.3997e-06
0.00248473,2.41176e-06
0.00249046,2.42388e-06
0.0024962,2.43607e-06
0.00250196,2.44831e-06
0.00250772,2.46062e-06
0.00251351,2.47299e-06
0.0025193,2.48542e-06
0.00252511,2.49792e-06
0.00253093,2.51047e-06
0.00253677,2.52309e-06
0.00254262,2.53578e-06
0.00254848,2.54852e-06
0.00255436,2.56133e-06
0.00256025,2.57421e-06
0.00256615,2.58715e-06
0.00257207,2.60016e-06
0.002578,2.61323e-06
0.00258394,2.62636e-06
0.0025899,2.63957e-06
0.00259587,2.65284e-06
0.00260185,2.66617e-06
0.00260785,2.67958e-06
0.00261387,2.69305e-06
0.00261989,2.70659e-06
0.00262593,2.72019e-06
0.00263199,2.73387e-06
0.00263806,2.74761e-06
0.00264414,2.76142e-06
0.00265024,2.77531e-06
0.00265635,2.78926e-06
0.00266247,2.80328e-06
0.00266861,2.81737e-06
0.00267476,2.83154e-06
0.00268093,2.84577e-06
0.00268711,2.86008e-06
0.00269331,2.87446e-06
0.00269952,2.88891e-06
0.00270574,2.90343e-06
0.00271198,2.91803e-06
0.00271823,2.9327e-06
0.0027245,2.94745e-06
0.00273078,2.96226e-06
0.00273708,2.97716e-06
0.00274339,2.99212e-06
0.00274972,3.00717e-06
0.00275606,3.02229e-06
0.00276241,3.03748e-06
0.00276878,3.05275e-06
0.00277516,3.0681e-06
0.00278156,3.08353e-06
0.00278798,3.09903e-06
0.0027944,3.11461e-06
0.00280085,3.13027e-06
0.00280731,3.14601e-06
0.00281378,3.16182e-06
0.00282027,3.17772e-06
0.00282677,3.1937e-06
0.00283329,3.20975e-06
0.00283982,3.22589e-06
0.00284637,3.24211e-06
0.00285293,3.25841e-06
0.00285951,3.27479e-06
0.0028661,3.29126e-06
0.00287271,3.30781e-06
0.00287933,3.32444e-06
0.00288597,3.34115e-06
0.00289263,3.35795e-06
0.0028993,3.37484e-06
0.00290598,3.3918e-06
0.00291268,3.40886e-06
0.0029194,3.426e-06
0.00292613,3.44322e-06
0.00293287,3.46054e-06
0.00293964,3.47794e-06
0.00294641,3.49542e-06
0.00295321,3.513e-06
0.00296002,3.53066e-06
0.00296684,3.54841e-06
0.00297368,3.56626e-06
0.00298054,3.58419e-06
0.00298741,3.60221e-06
0.0029943,3.62032e-06
0.0030012,3.63852e-06
0.00300812,3.65682e-06
0.00301506,3.67521e-06
0.00302201,3.69368e-06
0.00302898,3.71226e-06
0.00303596,3.73092e-06
0.00304296,3.74968e-06
0.00304998,3.76854e-06
0.00305701,3.78749e-06
0.00306406,3.80653e-06
0.00307112,3.82567e-06
0.00307821,3.84491e-06
0.0030853,3.86424e-06
0.00309242,3.88367e-06
0.00309955,3.9032e-06
0.00310669,3.92282e-06
0.00311386,3.94255e-06
0.00312104,3.96237e-06
0.00312823,3.9823e-06
0.00313545,4.00232e-06
0.00314267,4.02245e-06
0.00314992,4.04267e-06
0.00315718,4.063e-06
0.00316446,4.08343e-06
0.00317176,4.10396e-06
0.00317907,4.1246e-06
0.0031864,4.14534e-06
0.00319375,4.16618e-06
0.00320111,4.18713e-06
0.00320849,4.20819e-06
0.00321589,4.22935e-06
0.00322331,4.25062e-06
0.00323074,4.27199e-06
0.00323819,4.29347e-06
0.00324565,4.31506e-06
0.00325314,4.33676e-06
0.00326064,4.35857e-06
0.00326816,4.38048e-06
0.00327569,4.40251e-06
0.00328324,4.42465e-06
0.00329081,4.4469e-06
0.0032984,4.46926e-06
0.00330601,4.49173e-06
0.00331363,4.51432e-06
0.00332127,4.53702e-06
0.00332893,4.55983e-06
0.0033366,4.58276e-06
0.0033443,4.60581e-06
0.00335201,4.62897e-06
0.00335974,4.65224e-06
0.00336748,4.67564e-06
0.00337525,4.69915e-06
0.00338303,4.72278e-06
0.00339083,4.74653e-06
0.00339865,4.7704e-06
0.00340648,4.79438e-06
0.00341434,4.81849e-06
0.00342221,4.84272e-06
0.0034301,4.86708e-06
0.00343801,4.89155e-06
0.00344594,4.91615e-06
0.00345388,4.94087e-06
0.00346185,4.96572e-06
0.00346983,4.99069e-06
0.00347783,5.01578e-06
0.00348585,5.041e-06
0.00349389,5.06635e-06
0.00350194,5.09183e-06
0.00351002,5.11744e-06
0.00351811,5.14317e-06
0.00352622,5.16903e-06
0.00353435,5.19503e-06
0.0035425,5.22115e-06
0.00355067,5.2474e-06
0.00355885,5.27379e-06
0.00356706,5.30031e-06
0.00357528,5.32697e-06
0.00358353,5.35375e-06
0.00359179,5.38068e-06
0.00360007,5.40773e-06
0.00360837,5.43493e-06
0.00361669,5.46226e-06
0.00362503,5.48972e-06
0.00363339,5.51733e-06
0.00364177,5.54508e-06
0.00365016,5.57296e-06
0.00365858,5.60098e-06
0.00366702,5.62915e-06
0.00367547,5.65746e-06
0.00368395,5.68591e-06
0.00369244,5.7145e-06
0.00370095,5.74324e-06
0.00370949,5.77212e-06
0.00371804,5.80114e-06
0.00372661,5.83031e-06
0.00373521,5.85963e-06
0.00374382,5.8891e-06
0.00375245,5.91871e-06
0.0037611,5.94848e-06
0.00376977,5.97839e-06
0.00377847,6.00845e-06
0.00378718,6.03867e-06
0.00379591,6.06903e-06
0.00380466,6.09955e-06
0.00381343,6.13023e-06
0.00382223,6.16105e-06
0.00383104,6.19203e-06
0.00383987,6.22317e-06
0.00384873,6.25447e-06
0.0038576,6.28592e-06
0.0038665,6.31753e-06
0.00387541,6.3493e-06
0.00388435,6.38122e-06
0.0038933,6.41331e-06
0.00390228,6.44556e-06
0.00391128,6.47797e-06
0.00392029,6.51055e-06
0.00392933,6.54329e-06
0.00393839,6.57619e-06
0.00394747,6.60926e-06
0.00395658,6.6425e-06
0.0039657,6.6759e-06
0.00397484,6.70947e-06
0.00398401,6.74321e-06
0.00399319,6.77712e-06
0.0040024,6.8112e-06
0.00401163,6.84545e-06
0.00402088,6.87987e-06
0.00403015,6.91447e-06
0.00403944,6.94924e-06
0.00404875,6.98418e-06
0.00405809,7.0193e-06
0.00406745,7.0546e-06
0.00407682,7.09007e-06
0.00408622,7.12572e-06
0.00409565,7.16156e-06
0.00410509,7.19757e-06
0.00411455,7.23376e-06
0.00412404,7.27014e-06
0.00413355,7.30669e-06
0.00414308,7.34344e-06
0.00415263,7.38036e-06
0.00416221,7.41747e-06
0.00417181,7.45477e-06
0.00418142,7.49226e-06
0.00419107,7.52993e-06
0.00420073,7.5678e-06
0.00421041,7.60585e-06
0.00422012,7.6441e-06
0.00422985,7.68253e-06
0.00423961,7.72116e-06
0.00424938,7.75999e-06
0.00425918,7.79901e-06
0.004269,7.83822e-06
0.00427884,7.87764e-06
0.00428871,7.91725e-06
0.0042986,7.95706e-06
0.00430851,7.99707e-06
0.00431844,8.03728e-06
0.0043284,8.0777e-06
0.00433838,8.11831e-06
0.00434838,8.15913e-06
0.00435841,8.20016e-06
0.00436846,8.24139e-06
0.00437853,8.28283e-06
0.00438862,8.32448e-06
0.00439874,8.36634e-06
0.00440889,8.4084e-06
0.00441905,8.45068e-06
0.00442924,8.49318e-06
0.00443945,8.53588e-06
0.00444969,8.5788e-06
0.00445995,8.62194e-06
0.00447023,8.66529e-06
0.00448054,8.70886e-06
0.00449087,8.75265e-06
0.00450122,8.79665e-06
0.0045116,8.84089e-06
0.00452201,8.88534e-06
0.00453243,8.93001e-06
0.00454288,8.97491e-06
0.00455336,9.02004e-06
0.00456386,9.06539e-06
0.00457438,9.11097e-06
0.00458493,9.15678e-06
0.0045955,9.20282e-06
0.00460609,9.24909e-06
0.00461671,9.2956e-06
0.00462736,9.34233e-06
0.00463803,9.3893e-06
0.00464872,9.43651e-06
0.00465944,9.48396e-06
0.00467018,9.53164e-06
0.00468095,9.57956e-06
0.00469174,9.62773e-06
0.00470256,9.67613e-06
0.0047134,9.72478e-06
0.00472427,9.77368e-06
0.00473516,9.82282e-06
0.00474608,9.8722e-06
0.00475703,9.92184e-06
0.00476799,9.97172e-06
0.00477899,1.00219e-05
0.00479001,1.00722e-05
0.00480105,1.01229e-05
0.00481212,1.01738e-05
0.00482322,1.02249e-05
0.00483434,1.02763e-05
0.00484548,1.0328e-05
0.00485666,1.03799e-05
0.00486785,1.04321e-05
0.00487908,1.04845e-05
0.00489033,1.05373e-05
0.0049016,1.05902e-05
0.0049129,1.06435e-05
0.00492423,1.0697e-05
0.00493559,1.07508e-05
0.00494697,1.08048e-05
0.00495837,1.08591e-05
0.0049698,1.09137e-05
0.00498126,1.09686e-05
0.00499275,1.10237e-05
0.00500426,1.10791e-05
0.0050158,1.11348e-05
0.00502736,1.11908e-05
0.00503895,1.12471e-05
0.00505057,1.13036e-05
0.00506222,1.13604e-05
0.00507389,1.14175e-05
0.00508559,1.14749e-05
0.00509731,1.15326e-05
0.00510907,1.15906e-05
0.00512085,1.16489e-05
0.00513265,1.17074e-05
0.00514449,1.17663e-05
0.00515635,1.18254e-05
0.00516824,1.18849e-05
0.00518016,1.19446e-05
0.0051921,1.20046e-05
0.00520407,1.2065e-05
0.00521607,1.21256e-05
0.0052281,1.21866e-05
0.00524015,1.22479e-05
0.00525223,1.23094e-05
0.00526434,1.23713e-05
0.00527648,1.24335e-05
0.00528865,1.2496e-05
0.00530084,1.25588e-05
0.00531306,1.26219e-05
0.00532531,1.26854e-05
0.00533759,1.27491e-05
0.0053499,1.28132e-05
0.00536224,1.28776e-05
0.0053746,1.29423e-05
0.00538699,1.30074e-05
0.00539941,1.30728e-05
0.00541186,1.31385e-05
0.00542434,1.32045e-05
0.00543685,1.32709e-05
0.00544938,1.33376e-05
0.00546195,1.34046e-05
0.00547454,1.3472e-05
0.00548716,1.35397e-05
0.00549981,1.36077e-05
0.0055125,1.36761e-05
0.00552521,1.37449e-05
0.00553795,1.38139e-05
0.00555071,1.38834e-05
0.00556351,1.39531e-05
0.00557634,1.40233e-05
0.0055892,1.40938e-05
0.00560208,1.41646e-05
0.005615,1.42358e-05
0.00562795,1.43073e-05
0.00564092,1.43792e-05
0.00565393,1.44515e-05
0.00566697,1.45241e-05
0.00568003,1.45971e-05
0.00569313,1.46705e-05
0.00570626,1.47442e-05
0.00571941,1.48183e-05
0.0057326,1.48927e-05
0.00574582,1.49676e-05
0.00575907,1.50428e-05
0.00577234,1.51184e-05
0.00578565,1.51944e-05
0.00579899,1.52707e-05
0.00581236,1.53475e-05
0.00582577,1.54246e-05
0.0058392,1.55021e-05
0.00585266,1.558e-05
0.00586616,1.56583e-05
0.00587968,1.5737e-05
0.00589324,1.5816e-05
0.00590683,1.58955e-05
0.00592045,1.59754e-05
0.0059341,1.60556e-05
0.00594778,1.61363e-05
0.00596149,1.62174e-05
0.00597524,1.62989e-05
0.00598902,1.63808e-05
0.00600282,1.64631e-05
0.00601667,1.65458e-05
0.00603054,1.66289e-05
0.00604444,1.67125e-05
0.00605838,1.67965e-05
0.00607235,1.68808e-05
0.00608635,1.69657e-05
0.00610038,1.70509e-05
0.00611445,1.71366e-05
0.00612855,1.72227e-05
0.00614268,1.73092e-05
0.00615684,1.73962e-05
0.00617104,1.74836e-05
0.00618526,1.75714e-05
0.00619953,1.76597e-05
0.00621382,1.77484e-05
0.00622815,1.78375e-05
0.00624251,1.79272e-05
0.0062569,1.80172e-05
0.00627133,1.81077e-05
0.00628579,1.81987e-05
0.00630028,1.82901e-05
0.00631481,1.8382e-05
0.00632937,1.84743e-05
0.00634396,1.85671e-05
0.00635859,1.86604e-05
0.00637325,1.87541e-05
0.00638794,1.88484e-05
0.00640267,1.8943e-05
0.00641743,1.90382e-05
0.00643223,1.91338e-05
0.00644706,1.92299e-05
0.00646193,1.93265e-05
0.00647683,1.94236e-05
0.00649176,1.95212e-05
0.00650673,1.96192e-05
0.00652173,1.97177e-05
0.00653677,1.98168e-05
0.00655184,1.99163e-05
0.00656695,2.00163e-05
0.00658209,2.01169e-05
0.00659726,2.02179e-05
0.00661248,2.03195e-05
0.00662772,2.04215e-05
0.006643,2.05241e-05
0.00665832,2.06272e-05
0.00667367,2.07307e-05
0.00668906,2.08349e-05
0.00670448,2.09395e-05
0.00671994,2.10447e-05
0.00673544,2.11503e-05
0.00675097,2.12566e-05
0.00676653,2.13633e-05
0.00678213,2.14706e-05
0.00679777,2.15784e-05
0.00681344,2.16868e-05
0.00682915,2.17957e-05
0.0068449,2.19051e-05
0.00686068,2.20151e-05
0.0068765,2.21257e-05
0.00689236,2.22368e-05
0.00690825,2.23484e-05
0.00692418,2.24606e-05
0.00694014,2.25734e-05
0.00695614,2.26867e-05
0.00697218,2.28007e-05
0.00698826,2.29151e-05
0.00700437,2.30302e-05
0.00702052,2.31458e-05
0.00703671,2.3262e-05
0.00705293,2.33788e-05
0.00706919,2.34962e-05
0.00708549,2.36142e-05
0.00710183,2.37327e-05
0.0071182,2.38519e-05
0.00713462,2.39716e-05
0.00715107,2.4092e-05
0.00716756,2.42129e-05
0.00718408,2.43345e-05
0.00720065,2.44566e-05
0.00721725,2.45794e-05
0.00723389,2.47028e-05
0.00725057,2.48268e-05
0.00726729,2.49514e-05
0.00728404,2.50767e-05
0.00730084,2.52026e-05
0.00731767,2.53291e-05
0.00733454,2.54562e-05
0.00735145,2.5584e-05
0.0073684,2.57124e-05
0.00738539,2.58415e-05
0.00740242,2.59712e-05
0.00741949,2.61015e-05
0.0074366,2.62325e-05
0.00745374,2.63642e-05
0.00747093,2.64965e-05
0.00748816,2.66295e-05
0.00750542,2.67631e-05
0.00752273,2.68974e-05
0.00754007,2.70324e-05
0.00755746,2.71681e-05
0.00757488,2.73044e-05
0.00759235,2.74415e-05
0.00760985,2.75792e-05
0.0076274,2.77176e-05
0.00764499,2.78567e-05
0.00766261,2.79965e-05
0.00768028,2.8137e-05
0.00769799,2.82781e-05
0.00771574,2.842e-05
0.00773353,2.85626e-05
0.00775136,2.8706e-05
0.00776923,2.885e-05
0.00778715,2.89948e-05
0.0078051,2.91402e-05
0.0078231,2.92864e-05
0.00784113,2.94334e-05
0.00785921,2.95811e-05
0.00787733,2.97295e-05
0.0078955,2.98786e-05
0.0079137,3.00285e-05
0.00793195,3.01792e-05
0.00795024,3.03306e-05
0.00796857,3.04827e-05
0.00798694,3.06357e-05
0.00800536,3.07894e-05
0.00802381,3.09438e-05
0.00804231,3.1099e-05
0.00806086,3.1255e-05
0.00807944,3.14118e-05
0.00809807,3.15694e-05
0.00811674,3.17277e-05
0.00813546,3.18869e-05
0.00815422,3.20468e-05
0.00817302,3.22076e-05
0.00819186,3.23691e-05
0.00821075,3.25315e-05
0.00822968,3.26946e-05
0.00824866,3.28586e-05
0.00826768,3.30234e-05
0.00828674,3.3189e-05
0.00830585,3.33555e-05
0.008325,3.35227e-05
0.00834419,3.36909e-05
0.00836343,3.38598e-05
0.00838271,3.40296e-05
0.00840204,3.42003e-05
0.00842142,3.43718e-05
0.00844083,3.45441e-05
0.00846029,3.47173e-05
0.0084798,3.48914e-05
0.00849935,3.50664e-05
0.00851895,3.52422e-05
0.00853859,3.54189e-05
0.00855828,3.55965e-05
0.00857801,3.5775e-05
0.00859779,3.59543e-05
0.00861761,3.61346e-05
0.00863748,3.63157e-05
0.0086574,3.64978e-05
0.00867736,3.66808e-05
0.00869737,3.68647e-05
0.00871742,3.70495e-05
0.00873752,3.72352e-05
0.00875767,3.74219e-05
0.00877786,3.76094e-05
0.0087981,3.7798e-05
0.00881839,3.79874e-05
0.00883872,3.81778e-05
0.0088591,3.83692e-05
0.00887952,3.85615e-05
0.0089,3.87548e-05
0.00892052,3.8949e-05
0.00894109,3.91443e-05
0.0089617,3.93404e-05
0.00898236,3.95376e-05
0.00900308,3.97358e-05
0.00902383,3.99349e-05
0.00904464,4.0135e-05
0.00906549,4.03362e-05
0.0090864,4.05383e-05
0.00910735,4.07414e-05
0.00912835,4.09456e-05
0.00914939,4.11508e-05
0.00917049,4.13569e-05
0.00919163,4.15642e-05
0.00921283,4.17724e-05
0.00923407,4.19817e-05
0.00925536,4.21921e-05
0.0092767,4.24035e-05
0.00929809,4.26159e-05
0.00931953,4.28294e-05
0.00934102,4.3044e-05
0.00936255,4.32596e-05
0.00938414,4.34763e-05
0.00940578,4.36941e-05
0.00942746,4.3913e-05
0.0094492,4.4133e-05
0.00947099,4.4354e-05
0.00949283,4.45762e-05
0.00951471,4.47995e-05
0.00953665,4.50239e-05
0.00955864,4.52494e-05
0.00958068,4.5476e-05
0.00960277,4.57038e-05
0.00962491,4.59327e-05
0.0096471,4.61627e-05
0.00966935,4.63939e-05
0.00969164,4.66263e-05
0.00971399,4.68598e-05
0.00973638,4.70944e-05
0.00975883,4.73302e-05
0.00978133,4.75672e-05
0.00980389,4.78054e-05
0.00982649,4.80448e-05
0.00984915,4.82854e-05
0.00987186,4.85271e-05
0.00989462,4.87701e-05
0.00991743,4.90143e-05
0.0099403,4.92597e-05
0.00996322,4.95063e-05
0.00998619,4.97541e-05
0.0100092,5.00032e-05
0.0100323,5.02535e-05
0.0100554,5.05051e-05
0.0100786,5.07579e-05
0.0101018,5.1012e-05
0.0101251,5.12673e-05
0.0101485,5.15239e-05
0.0101719,5.17818e-05
0.0101953,5.2041e-05
0.0102188,5.23014e-05
0.0102424,5.25632e-05
0.010266,5.28263e-05
0.0102897,5.30906e-05
0.0103134,5.33563e-05
0.0103372,5.36233e-05
0.010361,5.38917e-05
0.0103849,5.41613e-05
0.0104089,5.44324e-05
0.0104329,5.47047e-05
0.0104569,5.49784e-05
0.010481,5.52535e-05
0.0105052,5.553e-05
0.0105294,5.58078e-05
0.0105537,5.6087e-05
0.010578,5.63676e-05
0.0106024,5.66496e-05
0.0106269,5.6933e-05
0.0106514,5.72178e-05
0.0106759,5.7504e-05
0.0107005,5.77917e-05
0.0107252,5.80807e-05
0.0107499,5.83712e-05
0.0107747,5.86632e-05
0.0107996,5.89566e-05
0.0108245,5.92515e-05
0.0108494,5.95478e-05
0.0108744,5.98456e-05
0.0108995,6.01449e-05
0.0109247,6.04457e-05
0.0109498,6.07479e-05
0.0109751,6.10517e-05
0.0110004,6.1357e-05
0.0110258,6.16638e-05
0.0110512,6.19721e-05
0.0110767,6.2282e-05
0.0111022,6.25933e-05
0.0111278,6.29063e-05
0.0111535,6.32208e-05
0.0111792,6.35368e-05
0.0112049,6.38545e-05
0.0112308,6.41737e-05
0.0112567,6.44945e-05
0.0112826,6.48168e-05
0.0113086,6.51408e-05
0.0113347,6.54664e-05
0.0113609,6.57936e-05
0.0113871,6.61225e-05
0.0114133,6.64529e-05
0.0114396,6.6785e-05
0.011466,6.71188e-05
0.0114924,6.74542e-05
0.0115189,6.77913e-05
0.0115455,6.813e-05
0.0115721,6.84705e-05
0.0115988,6.88126e-05
0.0116255,6.91564e-05
0.0116523,6.95019e-05
0.0116792,6.98492e-05
0.0117061,7.01981e-05
0.0117331,7.05488e-05
0.0117602,7.09013e-05
0.0117873,7.12555e-05
0.0118145,7.16114e-05
0.0118417,7.19691e-05
0.011869,7.23286e-05
0.0118964,7.26899e-05
0.0119238,7.30529e-05
0.0119513,7.34178e-05
0.0119789,7.37844e-05
0.0120065,7.41529e-05
0.0120342,7.45232e-05
0.0120619,7.48954e-05
0.0120897,7.52694e-05
0.0121176,7.56452e-05
0.0121455,7.60229e-05
0.0121735,7.64025e-05
0.0122016,7.6784e-05
0.0122297,7.71673e-05
0.0122579,7.75526e-05
0.0122862,7.79397e-05
0.0123145,7.83288e-05
0.0123429,7.87198e-05
0.0123714,7.91128e-05
0.0123999,7.95077e-05
0.0124285,7.99045e-05
0.0124572,8.03033e-05
0.0124859,8.07041e-05
0.0125147,8.11069e-05
0.0125435,8.15117e-05
0.0125724,8.19184e-05
0.0126014,8.23272e-05
0.0126305,8.2738e-05
0.0126596,8.31509e-05
0.0126888,8.35658e-05
0.0127181,8.39827e-05
0.0127474,8.44017e-05
0.0127768,8.48228e-05
0.0128062,8.5246e-05
0.0128358,8.56713e-05
0.0128654,8.60986e-05
0.012895,8.65281e-05
0.0129248,8.69597e-05
0.0129546,8.73934e-05
0.0129844,8.78293e-05
0.0130144,8.82674e-05
0.0130444,8.87076e-05
0.0130744,8.915e-05
0.0131046,8.95946e-05
0.0131348,9.00413e-05
0.0131651,9.04903e-05
0.0131954,9.09415e-05
0.0132259,9.1395e-05
0.0132564,9.18506e-05
0.0132869,9.23086e-05
0.0133176,9.27688e-05
0.0133483,9.32312e-05
0.0133791,9.3696e-05
0.0134099,9.4163e-05
0.0134408,9.46324e-05
0.0134718,9.51041e-05
0.0135029,9.55781e-05
0.013534,9.60545e-05
0.0135652,9.65332e-05
0.0135965,9.70142e-05
0.0136278,9.74977e-05
0.0136593,9.79835e-05
0.0136908,9.84718e-05
0.0137223,9.89624e-05
0.013754,9.94555e-05
0.0137857,9.9951e-05
0.0138175,0.000100449
0.0138493,0.000100949
0.0138812,0.000101452
0.0139133,0.000101958
0.0139453,0.000102465
0.0139775,0.000102976
0.0140097,0.000103489
0.014042,0.000104004
0.0140744,0.000104522
0.0141068,0.000105043
0.0141394,0.000105566
0.014172,0.000106091
0.0142046,0.00010662
0.0142374,0.00010715
0.0142702,0.000107684
0.0143031,0.00010822
0.0143361,0.000108759
0.0143692,0.0001093
0.0144023,0.000109844
0.0144355,0.000110391
0.0144688,0.000110941
0.0145021,0.000111493
0.0145356,0.000112048
0.0145691,0.000112605
0.0146027,0.000113166
0.0146364,0.000113729
0.0146701,0.000114295
0.0147039,0.000114863
0.0147378,0.000115435
0.0147718,0.000116009
0.0148059,0.000116586
0.01484,0.000117166
0.0148742,0.000117749
0.0149085,0.000118335
0.0149429,0.000118923
0.0149774,0.000119515
0.0150119,0.000120109
0.0150465,0.000120707
0.0150812,0.000121307
0.015116,0.00012191
0.0151508,0.000122516
0.0151858,0.000123126
0.0152208,0.000123738
0.0152559,0.000124353
0.015291,0.000124971
0.0153263,0.000125593
0.0153616,0.000126217
0.015397,0.000126844
0.0154325,0.000127475
0.0154681,0.000128108
0.0155038,0.000128745
0.0155395,0.000129385
0.0155754,0.000130028
0.0156113,0.000130674
0.0156473,0.000131323
0.0156834,0.000131976
0.0157195,0.000132631
0.0157558,0.00013329
0.0157921,0.000133952
0.0158285,0.000134618
0.015865,0.000135287
0.0159016,0.000135959
0.0159382,0.000136634
0.015975,0.000137312
0.0160118,0.000137994
0.0160487,0.00013868
0.0160857,0.000139368
0.0161228,0.00014006
0.01616,0.000140756
0.0161973,0.000141455
0.0162346,0.000142157
0.0162721,0.000142863
0.0163096,0.000143572
0.0163472,0.000144284
0.0163849,0.000145
0.0164226,0.00014572
0.0164605,0.000146443
0.0164985,0.00014717
0.0165365,0.0001479
0.0165746,0.000148634
0.0166128,0.000149372
0.0166512,0.000150113
0.0166895,0.000150858
0.016728,0.000151606
0.0167666,0.000152358
0.0168053,0.000153114
0.016844,0.000153873
0.0168828,0.000154636
0.0169218,0.000155403
0.0169608,0.000156174
0.0169999,0.000156948
0.0170391,0.000157727
0.0170784,0.000158509
0.0171178,0.000159295
0.0171572,0.000160084
0.0171968,0.000160878
0.0172364,0.000161675
0.0172762,0.000162477
0.017316,0.000163282
0.0173559,0.000164091
0.0173959,0.000164904
0.0174361,0.000165722
0.0174763,0.000166543
0.0175166,0.000167368
0.0175569,0.000168197
0.0175974,0.000169031
0.017638,0.000169868
0.0176787,0.000170709
0.0177194,0.000171555
0.0177603,0.000172405
0.0178012,0.000173259
0.0178423,0.000174117
0.0178834,0.000174979
0.0179247,0.000175845
0.017966,0.000176716
0.0180074,0.000177591
0.0180489,0.00017847
0.0180905,0.000179354
0.0181322,0.000180242
0.0181741,0.000181134
0.018216,0.00018203
0.018258,0.000182931
0.0183001,0.000183836
0.0183423,0.000184746
0.0183845,0.00018566
0.0184269,0.000186579
0.0184694,0.000187502
0.018512,0.00018843
0.0185547,0.000189362
0.0185975,0.000190298
0.0186404,0.00019124
0.0186833,0.000192186
0.0187264,0.000193136
0.0187696,0.000194091
0.0188129,0.000195051
0.0188562,0.000196015
0.0188997,0.000196984
0.0189433,0.000197958
0.018987,0.000198937
0.0190307,0.00019992
0.0190746,0.000200908
0.0191186,0.000201901
0.0191627,0.000202899
0.0192069,0.000203902
0.0192512,0.000204909
0.0192955,0.000205922
0.01934,0.000206939
0.0193846,0.000207962
0.0194293,0.000208989
0.0194741,0.000210021
0.019519,0.000211059
0.019564,0.000212101
0.0196091,0.000213149
0.0196544,0.000214201
0.0196997,0.000215259
0.0197451,0.000216322
0.0197906,0.00021739
0.0198362,0.000218463
0.019882,0.000219541
0.0199278,0.000220625
0.0199738,0.000221714
0.0200198,0.000222808
0.020066,0.000223908
0.0201123,0.000225013
0.0201586,0.000226123
0.0202051,0.000227239
0.0202517,0.00022836
0.0202984,0.000229486
0.0203452,0.000230618
0.0203921,0.000231756
0.0204391,0.000232899
0.0204862,0.000234047
0.0205335,0.000235201
0.0205808,0.000236361
0.0206283,0.000237526
0.0206758,0.000238697
0.0207235,0.000239874
0.0207713,0.000241057
0.0208192,0.000242245
0.0208672,0.000243439
0.0209153,0.000244638
0.0209635,0.000245844
0.0210119,0.000247055
0.0210603,0.000248272
0.0211089,0.000249496
0.0211575,0.000250725
0.0212063,0.00025196
0.0212552,0.000253201
0.0213042,0.000254448
0.0213533,0.000255701
0.0214026,0.00025696
0.0214519,0.000258225
0.0215014,0.000259496
0.021551,0.000260774
0.0216007,0.000262058
0.0216505,0.000263348
0.0217004,0.000264644
0.0217504,0.000265946
0.0218006,0.000267255
0.0218508,0.00026857
0.0219012,0.000269891
0.0219517,0.000271219
0.0220023,0.000272553
0.0220531,0.000273894
0.0221039,0.000275241
0.0221549,0.000276595
0.0222059,0.000277955
0.0222571,0.000279322
0.0223085,0.000280695
0.0223599,0.000282075
0.0224115,0.000283462
0.0224631,0.000284855
0.0225149,0.000286256
0.0225668,0.000287662
0.0226189,0.000289076
0.022671,0.000290497
0.0227233,0.000291924
0.0227757,0.000293358
0.0228282,0.000294799
0.0228808,0.000296247
0.0229336,0.000297703
0.0229865,0.000299165
0.0230395,0.000300634
0.0230926,0.00030211
0.0231458,0.000303593
0.0231992,0.000305084
0.0232527,0.000306582
0.0233063,0.000308087
0.02336,0.000309599
0.0234139,0.000311118
0.0234679,0.000312645
0.023522,0.000314179
0.0235762,0.000315721
0.0236306,0.00031727
0.0236851,0.000318826
0.0237397,0.00032039
0.0237944,0.000321962
0.0238493,0.000323541
0.0239043,0.000325127
0.0239594,0.000326722
0.0240146,0.000328323
0.02407,0.000329933
0.0241255,0.000331551
0.0241811,0.000333176
0.0242369,0.000334809
0.0242928,0.00033645
0.0243488,0.000338098
0.0244049,0.000339755
0.0244612,0.00034142
0.0245176,0.000343092
0.0245741,0.000344773
0.0246308,0.000346462
0.0246876,0.000348159
0.0247445,0.000349864
0.0248016,0.000351577
0.0248587,0.000353298
0.0249161,0.000355028
0.0249735,0.000356766
0.0250311,0.000358512
0.0250888,0.000360267
0.0251466,0.00036203
0.0252046,0.000363802
0.0252627,0.000365582
0.025321,0.000367371
0.0253794,0.000369168
0.0254379,0.000370974
0.0254965,0.000372788
0.0255553,0.000374611
0.0256143,0.000376443
0.0256733,0.000378284
0.0257325,0.000380134
0.0257918,0.000381992
0.0258513,0.000383859
0.0259109,0.000385736
0.0259707,0.000387621
0.0260305,0.000389515
0.0260906,0.000391418
0.0261507,0.000393331
0.026211,0.000395253
0.0262714,0.000397183
0.026332,0.000399123
0.0263927,0.000401073
0.0264536,0.000403031
0.0265146,0.000404999
0.0265757,0.000406977
0.026637,0.000408964
0.0266984,0.00041096
0.02676,0.000412966
0.0268217,0.000414981
0.0268835,0.000417007
0.0269455,0.000419041
0.0270076,0.000421086
0.0270699,0.00042314
0.0271323,0.000425204
0.0271949,0.000427278
0.0272576,0.000429362
0.0273204,0.000431456
0.0273834,0.00043356
0.0274465,0.000435673
0.0275098,0.000437797
0.0275733,0.000439931
0.0276368,0.000442076
0.0277006,0.00044423
0.0277644,0.000446395
0.0278284,0.00044857
0.0278926,0.000450755
0.0279569,0.000452951
0.0280214,0.000455157
0.028086,0.000457374
0.0281507,0.000459601
0.0282157,0.000461839
0.0282807,0.000464088
0.0283459,0.000466347
0.0284113,0.000468617
0.0284768,0.000470898
0.0285424,0.00047319
0.0286083,0.000475492
0.0286742,0.000477806
0.0287403,0.00048013
0.0288066,0.000482466
0.028873,0.000484813
0.0289396,0.000487171
0.0290063,0.00048954
0.0290732,0.00049192
0.0291402,0.000494312
0.0292074,0.000496715
0.0292748,0.000499129
0.0293423,0.000501555
0.0294099,0.000503992
0.0294777,0.000506441
0.0295457,0.000508902
0.0296138,0.000511374
0.0296821,0.000513858
0.0297505,0.000516354
0.0298191,0.000518861
0.0298879,0.000521381
0.0299568,0.000523912
0.0300259,0.000526456
0.0300951,0.000529011
0.0301645,0.000531579
0.030234,0.000534158
0.0303037,0.00053675
0.0303736,0.000539355
0.0304436,0.000541971
0.0305138,0.0005446
0.0305842,0.000547242
0.0306547,0.000549896
0.0307254,0.000552562
0.0307962,0.000555241
0.0308672,0.000557933
0.0309384,0.000560637
0.0310098,0.000563355
0.0310813,0.000566085
0.0311529,0.000568828
0.0312247,0.000571584
0.0312967,0.000574353
0.0313689,0.000577135
0.0314412,0.00057993
0.0315137,0.000582739
0.0315864,0.000585561
0.0316592,0.000588396
0.0317322,0.000591244
0.0318054,0.000594106
0.0318787,0.000596981
0.0319522,0.00059987
0.0320259,0.000602773
0.0320997,0.000605689
0.0321737,0.000608619
0.0322479,0.000611563
0.0323223,0.000614521
0.0323968,0.000617492
0.0324715,0.000620478
0.0325464,0.000623478
0.0326214,0.000626491
0.0326966,0.000629519
0.032772,0.000632562
0.0328476,0.000635618
0.0329233,0.000638689
0.0329992,0.000641775
0.0330753,0.000644875
0.0331516,0.000647989
0.033228,0.000651119
0.0333046,0.000654263
0.0333814,0.000657421
0.0334584,0.000660595
0.0335355,0.000663783
0.0336128,0.000666987
0.0336903,0.000670205
0.033768,0.000673439
0.0338459,0.000676688
0.0339239,0.000679952
0.0340021,0.000683232
0.0340805,0.000686526
0.0341591,0.000689837
0.0342379,0.000693162
0.0343168,0.000696504
0.0343959,0.000699861
0.0344753,0.000703234
0.0345547,0.000706623
0.0346344,0.000710027
0.0347143,0.000713448
0.0347943,0.000716884
0.0348745,0.000720337
0.034955,0.000723806
0.0350355,0.000727291
0.0351163,0.000730792
0.0351973,0.00073431
0.0352785,0.000737844
0.0353598,0.000741395
0.0354413,0.000744963
0.035523,0.000748547
0.0356049,0.000752148
0.035687,0.000755766
0.0357693,0.0007594
0.0358518,0.000763052
0.0359345,0.000766721
0.0360173,0.000770407
0.0361004,0.00077411
0.0361836,0.00077783
0.036267,0.000781568
0.0363506,0.000785323
0.0364345,0.000789096
0.0365185,0.000792887
0.0366027,0.000796695
0.0366871,0.000800521
0.0367716,0.000804364
0.0368564,0.000808226
0.0369414,0.000812106
0.0370266,0.000816004
0.037112,0.00081992
0.0371975,0.000823854
0.0372833,0.000827806
0.0373693,0.000831778
0.0374554,0.000835767
0.0375418,0.000839775
0.0376283,0.000843802
0.0377151,0.000847848
0.0378021,0.000851912
0.0378892,0.000855995
0.0379766,0.000860098
0.0380641,0.000864219
0.0381519,0.00086836
0.0382399,0.000872519
0.038328,0.000876699
0.0384164,0.000880897
0.038505,0.000885116
0.0385938,0.000889353
0.0386828,0.000893611
0.038772,0.000897888
0.0388614,0.000902185
0.038951,0.000906502
0.0390408,0.00091084
0.0391308,0.000915197
0.039221,0.000919575
0.0393114,0.000923972
0.0394021,0.000928391
0.0394929,0.00093283
0.039584,0.000937289
0.0396753,0.000941769
0.0397667,0.00094627
0.0398584,0.000950792
0.0399503,0.000955335
0.0400424,0.000959898
0.0401348,0.000964483
0.0402273,0.00096909
0.0403201,0.000973717
0.040413,0.000978366
0.0405062,0.000983037
0.0405996,0.000987729
0.0406932,0.000992443
0.040787,0.000997178
0.0408811,0.00100194
0.0409753,0.00100672
0.0410698,0.00101152
0.0411645,0.00101634
0.0412594,0.00102119
0.0413546,0.00102606
0.0414499,0.00103095
0.0415455,0.00103586
0.0416413,0.0010408
0.0417373,0.00104576
0.0418335,0.00105074
0.04193,0.00105575
0.0420266,0.00106077
0.0421235,0.00106583
0.0422207,0.0010709
0.042318,0.001076
0.0424156,0.00108112
0.0425134,0.00108627
0.0426114,0.00109144
0.0427097,0.00109663
0.0428081,0.00110185
0.0429068,0.00110709
0.0430058,0.00111235
0.0431049,0.00111764
0.0432043,0.00112296
0.0433039,0.00112829
0.0434038,0.00113366
0.0435039,0.00113905
0.0436042,0.00114446
0.0437047,0.0011499
0.0438055,0.00115536
0.0439065,0.00116085
0.0440077,0.00116636
0.0441092,0.0011719
0.0442109,0.00117746
0.0443128,0.00118305
0.044415,0.00118867
0.0445174,0.00119431
0.04462,0.00119998
0.0447229,0.00120567
0.044826,0.00121139
0.0449294,0.00121713
0.045033,0.0012229
0.0451368,0.0012287
0.0452409,0.00123453
0.0453452,0.00124038
0.0454498,0.00124626
0.0455545,0.00125217
0.0456596,0.0012581
0.0457649,0.00126406
0.0458704,0.00127005
0.0459761,0.00127606
0.0460821,0.0012821
0.0461884,0.00128817
0.0462949,0.00129427
0.0464016,0.0013004
0.0465086,0.00130655
0.0466159,0.00131273
0.0467233,0.00131895
0.0468311,0.00132518
0.0469391,0.00133145
0.0470473,0.00133775
0.0471558,0.00134407
0.0472645,0.00135043
0.0473735,0.00135681
0.0474827,0.00136322
0.0475922,0.00136967
0.0477019,0.00137614
0.0478119,0.00138264
0.0479221,0.00138917
0.0480326,0.00139573
0.0481434,0.00140232
0.0482544,0.00140894
0.0483656,0.00141559
0.0484772,0.00142228
0.0485889,0.00142899
0.048701,0.00143573
0.0488132,0.0014425
0.0489258,0.00144931
0.0490386,0.00145615
0.0491517,0.00146301
0.049265,0.00146991
0.0493786,0.00147684
0.0494924,0.0014838
0.0496066,0.0014908
0.0497209,0.00149782
0.0498356,0.00150488
0.0499505,0.00151197
0.0500657,0.00151909
0.0501811,0.00152624
0.0502968,0.00153343
0.0504128,0.00154065
0.050529,0.0015479
0.0506455,0.00155519
0.0507623,0.00156251
0.0508793,0.00156986
0.0509966,0.00157725
0.0511142,0.00158467
0.0512321,0.00159212
0.0513502,0.00159961
0.0514686,0.00160713
0.0515873,0.00161468
0.0517062,0.00162228
0.0518254,0.0016299
0.0519449,0.00163756
0.0520647,0.00164525
0.0521847,0.00165298
0.0523051,0.00166075
0.0524257,0.00166855
0.0525465,0.00167638
0.0526677,0.00168425
0.0527891,0.00169216
0.0529108,0.0017001
0.0530328,0.00170808
0.0531551,0.0017161
0.0532777,0.00172415
0.0534005,0.00173224
0.0535236,0.00174036
0.0536471,0.00174852
0.0537708,0.00175672
0.0538947,0.00176496
0.054019,0.00177323
0.0541435,0.00178155
0.0542684,0.00178989
0.0543935,0.00179828
0.0545189,0.00180671
0.0546446,0.00181517
0.0547706,0.00182367
0.0548969,0.00183221
0.0550235,0.00184079
0.0551504,0.00184941
0.0552775,0.00185807
0.055405,0.00186676
0.0555327,0.0018755
0.0556608,0.00188427
0.0557891,0.00189309
0.0559177,0.00190194
0.0560467,0.00191084
0.0561759,0.00191978
0.0563054,0.00192875
0.0564352,0.00193777
0.0565654,0.00194683
0.0566958,0.00195593
0.0568265,0.00196507
0.0569575,0.00197425
0.0570889,0.00198347
0.0572205,0.00199274
0.0573524,0.00200204
0.0574847,0.00201139
0.0576172,0.00202078
0.05775,0.00203022
0.0578832,0.00203969
0.0580167,0.00204921
0.0581504,0.00205878
0.0582845,0.00206838
0.0584189,0.00207803
0.0585536,0.00208773
0.0586886,0.00209746
0.0588239,0.00210724
0.0589595,0.00211707
0.0590955,0.00212694
0.0592317,0.00213685
0.0593683,0.00214681
0.0595052,0.00215682
0.0596424,0.00216687
0.0597799,0.00217696
0.0599178,0.0021871
0.0600559,0.00219729
0.0601944,0.00220752
0.0603332,0.0022178
0.0604723,0.00222812
0.0606117,0.0022385
0.0607515,0.00224892
0.0608915,0.00225938
0.0610319,0.00226989
0.0611727,0.00228045
0.0613137,0.00229106
0.0614551,0.00230172
0.0615968,0.00231242
0.0617388,0.00232318
0.0618811,0.00233398
0.0620238,0.00234483
0.0621668,0.00235573
0.0623102,0.00236667
0.0624538,0.00237767
0.0625978,0.00238872
0.0627422,0.00239982
0.0628868,0.00241096
0.0630318,0.00242216
0.0631772,0.00243341
0.0633228,0.00244471
0.0634688,0.00245606
0.0636152,0.00246746
0.0637619,0.00247891
0.0639089,0.00249042
0.0640562,0.00250197
0.0642039,0.00251358
0.064352,0.00252524
0.0645003,0.00253695
0.064649,0.00254872
0.0647981,0.00256054
0.0649475,0.00257241
0.0650973,0.00258434
0.0652474,0.00259632
0.0653978,0.00260835
0.0655486,0.00262044
0.0656997,0.00263258
0.0658512,0.00264478
0.066003,0.00265703
0.0661552,0.00266933
0.0663078,0.0026817
0.0664606,0.00269412
0.0666139,0.00270659
0.0667675,0.00271912
0.0669214,0.00273171
0.0670757,0.00274435
0.0672304,0.00275705
0.0673854,0.00276981
0.0675408,0.00278262
0.0676965,0.0027955
0.0678526,0.00280843
0.068009,0.00282142
0.0681658,0.00283446
0.068323,0.00284757
0.0684805,0.00286074
0.0686384,0.00287396
0.0687967,0.00288724
0.0689553,0.00290059
0.0691143,0.00291399
0.0692737,0.00292746
0.0694334,0.00294098
0.0695935,0.00295457
0.0697539,0.00296822
0.0699148,0.00298192
0.070076,0.00299569
0.0702375,0.00300953
0.0703995,0.00302342
0.0705618,0.00303738
0.0707245,0.0030514
0.0708876,0.00306548
0.071051,0.00307963
0.0712148,0.00309384
0.071379,0.00310811
0.0715436,0.00312245
0.0717086,0.00313685
0.0718739,0.00315132
0.0720396,0.00316585
0.0722057,0.00318045
0.0723722,0.00319511
0.0725391,0.00320984
0.0727063,0.00322463
0.072874,0.0032395
0.073042,0.00325443
0.0732104,0.00326942
0.0733792,0.00328448
0.0735484,0.00329962
0.073718,0.00331482
0.073888,0.00333008
0.0740583,0.00334542
0.0742291,0.00336082
0.0744002,0.0033763
0.0745718,0.00339184
0.0747437,0.00340746
0.0749161,0.00342314
0.0750888,0.0034389
0.0752619,0.00345472
0.0754355,0.00347062
0.0756094,0.00348659
0.0757837,0.00350263
0.0759585,0.00351874
0.0761336,0.00353492
0.0763091,0.00355118
0.0764851,0.00356751
0.0766614,0.00358391
0.0768382,0.00360039
0.0770154,0.00361694
0.0771929,0.00363357
0.0773709,0.00365027
0.0775493,0.00366705
0.0777281,0.0036839
0.0779073,0.00370082
0.078087,0.00371783
0.078267,0.00373491
0.0784475,0.00375206
0.0786283,0.0037693
0.0788096,0.00378661
0.0789913,0.00380399
0.0791735,0.00382146
0.079356,0.00383901
0.079539,0.00385663
0.0797224,0.00387433
0.0799062,0.00389212
0.0800904,0.00390998
0.0802751,0.00392792
0.0804602,0.00394595
0.0806457,0.00396405
0.0808317,0.00398224
0.081018,0.0040005
0.0812048,0.00401885
0.0813921,0.00403729
0.0815797,0.0040558
0.0817678,0.0040744
0.0819564,0.00409308
0.0821453,0.00411185
0.0823347,0.0041307
0.0825246,0.00414963
0.0827149,0.00416865
0.0829056,0.00418776
0.0830967,0.00420695
0.0832883,0.00422623
0.0834804,0.00424559
0.0836728,0.00426504
0.0838658,0.00428458
0.0840591,0.00430421
0.084253,0.00432393
0.0844472,0.00434373
0.0846419,0.00436362
0.0848371,0.0043836
0.0850327,0.00440368
0.0852287,0.00442384
0.0854253,0.00444409
0.0856222,0.00446443
0.0858196,0.00448487
0.0860175,0.0045054
0.0862159,0.00452601
0.0864146,0.00454673
0.0866139,0.00456753
0.0868136,0.00458843
0.0870138,0.00460942
0.0872144,0.00463051
0.0874155,0.00465169
0.087617,0.00467297
0.087819,0.00469434
0.0880215,0.00471581
0.0882245,0.00473737
0.0884279,0.00475904
0.0886318,0.00478079
0.0888361,0.00480265
0.089041,0.00482461
0.0892463,0.00484666
0.0894521,0.00486882
0.0896583,0.00489107
0.089865,0.00491342
0.0900722,0.00493587
0.0902799,0.00495843
0.0904881,0.00498108
0.0906967,0.00500384
0.0909058,0.0050267
0.0911154,0.00504967
0.0913255,0.00507273
0.0915361,0.0050959
0.0917471,0.00511918
0.0919587,0.00514255
0.0921707,0.00516604
0.0923832,0.00518963
0.0925962,0.00521332
0.0928097,0.00523713
0.0930237,0.00526103
0.0932382,0.00528505
0.0934532,0.00530918
0.0936687,0.00533341
0.0938846,0.00535775
0.0941011,0.0053822
0.0943181,0.00540676
0.0945355,0.00543144
0.0947535,0.00545622
0.094972,0.00548111
0.095191,0.00550612
0.0954104,0.00553124
0.0956304,0.00555647
0.0958509,0.00558182
0.0960719,0.00560728
0.0962934,0.00563285
0.0965155,0.00565854
0.096738,0.00568435
0.0969611,0.00571027
0.0971846,0.00573631
0.0974087,0.00576246
0.0976333,0.00578873
0.0978584,0.00581512
0.098084,0.00584163
0.0983102,0.00586826
0.0985369,0.00589501
0.0987641,0.00592188
0.0989918,0.00594887
0.09922,0.00597598
0.0994488,0.00600321
0.0996781,0.00603057
0.0999079,0.00605805
0.100138,0.00608565
0.100369,0.00611338
0.100601,0.00614123
0.100833,0.00616921
0.101065,0.00619731
0.101298,0.00622554
0.101532,0.0062539
0.101766,0.00628238
0.102,0.00631099
0.102236,0.00633974
0.102471,0.00636861
0.102708,0.00639761
0.102944,0.00642674
0.103182,0.006456
0.10342,0.0064854
0.103658,0.00651492
0.103897,0.00654458
0.104137,0.00657438
0.104377,0.0066043
0.104617,0.00663437
0.104859,0.00666456
0.1051,0.0066949
0.105343,0.00672537
0.105586,0.00675598
0.105829,0.00678672
0.106073,0.00681761
0.106318,0.00684863
0.106563,0.00687979
0.106808,0.0069111
0.107055,0.00694254
0.107302,0.00697413
0.107549,0.00700585
0.107797,0.00703773
0.108046,0.00706974
0.108295,0.0071019
0.108544,0.0071342
0.108795,0.00716665
0.109045,0.00719925
0.109297,0.00723199
0.109549,0.00726488
0.109801,0.00729792
0.110055,0.00733111
0.110308,0.00736444
0.110563,0.00739793
0.110818,0.00743157
0.111073,0.00746536
0.111329,0.0074993
0.111586,0.0075334
0.111843,0.00756764
0.112101,0.00760205
0.11236,0.00763661
0.112619,0.00767132
0.112878,0.00770619
0.113139,0.00774122
0.113399,0.0077764
0.113661,0.00781175
0.113923,0.00784725
0.114186,0.00788291
0.114449,0.00791874
0.114713,0.00795472
0.114977,0.00799087
0.115242,0.00802718
0.115508,0.00806366
0.115774,0.0081003
0.116041,0.0081371
0.116309,0.00817407
0.116577,0.00821121
0.116846,0.00824852
0.117115,0.00828599
0.117385,0.00832363
0.117656,0.00836144
0.117927,0.00839943
0.118199,0.00843758
0.118472,0.0084759
0.118745,0.0085144
0.119019,0.00855308
0.119293,0.00859192
0.119568,0.00863094
0.119844,0.00867014
0.12012,0.00870952
0.120397,0.00874907
0.120675,0.0087888
0.120953,0.00882871
0.121232,0.0088688
0.121511,0.00890907
0.121792,0.00894953
0.122072,0.00899016
0.122354,0.00903098
0.122636,0.00907198
0.122919,0.00911317
0.123202,0.00915455
0.123486,0.00919611
0.123771,0.00923785
0.124056,0.00927979
0.124342,0.00932192
0.124629,0.00936423
0.124916,0.00940674
0.125204,0.00944944
0.125493,0.00949233
0.125782,0.00953541
0.126072,0.00957869
0.126363,0.00962217
0.126654,0.00966584
0.126946,0.00970971
0.127239,0.00975377
0.127533,0.00979804
0.127827,0.0098425
0.128121,0.00988717
0.128417,0.00993204
0.128713,0.00997711
0.12901,0.0100224
0.129307,0.0100679
0.129605,0.0101135
0.129904,0.0101594
0.130204,0.0102055
0.130504,0.0102518
0.130805,0.0102983
0.131106,0.0103451
0.131409,0.010392
0.131712,0.0104391
0.132015,0.0104865
0.13232,0.0105341
0.132625,0.0105819
0.132931,0.0106299
0.133237,0.0106781
0.133544,0.0107265
0.133852,0.0107752
0.134161,0.0108241
0.13447,0.0108732
0.13478,0.0109225
0.135091,0.010972
0.135402,0.0110218
0.135715,0.0110718
0.136028,0.011122
0.136341,0.0111724
0.136656,0.0112231
0.136971,0.011274
0.137286,0.0113251
0.137603,0.0113765
0.13792,0.0114281
0.138238,0.0114799
0.138557,0.011532
0.138876,0.0115843
0.139197,0.0116368
0.139518,0.0116895
0.139839,0.0117426
0.140162,0.0117958
0.140485,0.0118493
0.140809,0.011903
0.141133,0.011957
0.141459,0.0120112
0.141785,0.0120656
0.142112,0.0121204
0.14244,0.0121753
0.142768,0.0122305
0.143097,0.0122859
0.143427,0.0123416
0.143758,0.0123976
0.144089,0.0124538
0.144422,0.0125103
0.144755,0.012567
0.145088,0.0126239
0.145423,0.0126812
0.145758,0.0127386
0.146094,0.0127964
0.146431,0.0128544
0.146769,0.0129126
0.147107,0.0129712
0.147446,0.01303
0.147786,0.013089
0.148127,0.0131484
0.148469,0.0132079
0.148811,0.0132678
0.149154,0.0133279
0.149498,0.0133883
0.149843,0.013449
0.150188,0.01351
0.150534,0.0135712
0.150881,0.0136327
0.151229,0.0136945
0.151578,0.0137565
0.151927,0.0138189
0.152278,0.0138815
0.152629,0.0139444
0.152981,0.0140076
0.153334,0.014071
0.153687,0.0141348
0.154041,0.0141988
0.154397,0.0142632
0.154753,0.0143278
0.155109,0.0143927
0.155467,0.0144579
0.155825,0.0145234
0.156185,0.0145892
0.156545,0.0146553
0.156906,0.0147217
0.157268,0.0147884
0.15763,0.0148554
0.157994,0.0149227
0.158358,0.0149903
0.158723,0.0150582
0.159089,0.0151264
0.159456,0.015195
0.159824,0.0152638
0.160192,0.0153329
0.160561,0.0154024
0.160932,0.0154722
0.161303,0.0155422
0.161675,0.0156126
0.162047,0.0156834
0.162421,0.0157544
0.162795,0.0158257
0.163171,0.0158974
0.163547,0.0159694
0.163924,0.0160418
0.164302,0.0161144
0.164681,0.0161874
0.165061,0.0162607
0.165441,0.0163343
0.165823,0.0164083
0.166205,0.0164826
0.166588,0.0165572
0.166972,0.0166322
0.167357,0.0167075
0.167743,0.0167832
0.16813,0.0168592
0.168518,0.0169355
0.168906,0.0170122
0.169296,0.0170892
0.169686,0.0171666
0.170077,0.0172443
0.170469,0.0173224
0.170862,0.0174008
0.171256,0.0174796
0.171651,0.0175588
0.172047,0.0176383
0.172444,0.0177181
0.172841,0.0177983
0.17324,0.0178789
0.173639,0.0179598
0.17404,0.0180411
0.174441,0.0181228
0.174843,0.0182048
0.175246,0.0182872
0.17565,0.01837
0.176055,0.0184532
0.176461,0.0185367
0.176868,0.0186206
0.177276,0.0187049
0.177685,0.0187895
0.178094,0.0188746
0.178505,0.01896
0.178917,0.0190458
0.179329,0.019132
0.179743,0.0192186
0.180157,0.0193055
0.180572,0.0193929
0.180989,0.0194807
0.181406,0.0195688
0.181824,0.0196574
0.182244,0.0197463
0.182664,0.0198356
0.183085,0.0199254
0.183507,0.0200156
0.18393,0.0201061
0.184354,0.0201971
0.184779,0.0202885
0.185205,0.0203802
0.185632,0.0204724
0.18606,0.0205651
0.186489,0.0206581
0.186919,0.0207515
0.18735,0.0208454
0.187782,0.0209397
0.188215,0.0210344
0.188649,0.0211296
0.189084,0.0212252
0.18952,0.0213212
0.189957,0.0214176
0.190395,0.0215145
0.190834,0.0216118
0.191274,0.0217095
0.191715,0.0218077
0.192157,0.0219063
0.1926,0.0220054
0.193044,0.0221049
0.193489,0.0222048
0.193936,0.0223052
0.194383,0.0224061
0.194831,0.0225074
0.19528,0.0226092
0.19573,0.0227114
0.196182,0.0228141
0.196634,0.0229172
0.197087,0.0230208
0.197542,0.0231249
0.197997,0.0232295
0.198454,0.0233345
0.198911,0.0234399
0.19937,0.0235459
0.19983,0.0236523
0.20029,0.0237592
0.200752,0.0238666
0.201215,0.0239745
0.201679,0.0240829
0.202144,0.0241917
0.20261,0.024301
0.203077,0.0244108
0.203546,0.0245212
0.204015,0.024632
0.204485,0.0247433
0.204957,0.0248551
0.205429,0.0249674
0.205903,0.0250802
0.206378,0.0251935
0.206854,0.0253073
0.207331,0.0254217
0.207809,0.0255365
0.208288,0.0256519
0.208768,0.0257677
0.209249,0.0258841
0.209732,0.0260011
0.210215,0.0261185
0.2107,0.0262365
0.211186,0.026355
0.211673,0.026474
0.212161,0.0265936
0.21265,0.0267137
0.21314,0.0268343
0.213632,0.0269555
0.214124,0.0270772
0.214618,0.0271994
0.215113,0.0273223
0.215609,0.0274456
0.216106,0.0275695
0.216604,0.027694
0.217104,0.027819
0.217604,0.0279446
0.218106,0.0280707
0.218609,0.0281974
0.219113,0.0283247
0.219618,0.0284526
0.220125,0.028581
0.220632,0.02871
0.221141,0.0288395
0.221651,0.0289697
0.222162,0.0291004
0.222674,0.0292317
0.223187,0.0293636
0.223702,0.0294961
0.224218,0.0296292
0.224735,0.0297628
0.225253,0.0298971
0.225772,0.030032
0.226293,0.0301675
0.226815,0.0303035
0.227338,0.0304402
0.227862,0.0305775
0.228387,0.0307154
0.228914,0.0308539
0.229442,0.0309931
0.229971,0.0311328
0.230501,0.0312732
0.231032,0.0314142
0.231565,0.0315559
0.232099,0.0316981
0.232634,0.0318411
0.23317,0.0319846
0.233708,0.0321288
0.234247,0.0322736
0.234787,0.0324191
0.235328,0.0325652
0.235871,0.032712
0.236415,0.0328594
0.23696,0.0330075
0.237506,0.0331562
0.238054,0.0333056
0.238603,0.0334557
0.239153,0.0336064
0.239704,0.0337578
0.240257,0.0339099
0.240811,0.0340626
0.241366,0.0342161
0.241923,0.0343702
0.242481,0.034525
0.24304,0.0346805
0.2436,0.0348366
0.244162,0.0349935
0.244725,0.0351511
0.245289,0.0353094
0.245854,0.0354683
0.246421,0.035628
0.24699,0.0357884
0.247559,0.0359495
0.24813,0.0361113
0.248702,0.0362739
0.249275,0.0364371
0.24985,0.0366011
0.250426,0.0367658
0.251004,0.0369312
0.251582,0.0370974
0.252162,0.0372643
0.252744,0.037432
0.253327,0.0376004
0.253911,0.0377695
0.254496,0.0379394
0.255083,0.03811
0.255671,0.0382814
0.256261,0.0384536
0.256851,0.0386265
0.257444,0.0388002
0.258037,0.0389747
0.258632,0.0391499
0.259228,0.0393259
0.259826,0.0395027
0.260425,0.0396802
0.261026,0.0398586
0.261628,0.0400377
0.262231,0.0402176
0.262835,0.0403984
0.263441,0.0405799
0.264049,0.0407622
0.264658,0.0409454
0.265268,0.0411293
0.26588,0.041314
0.266493,0.0414996
0.267107,0.041686
0.267723,0.0418732
0.26834,0.0420613
0.268959,0.0422501
0.269579,0.0424398
0.270201,0.0426304
0.270824,0.0428217
0.271448,0.043014
0.272074,0.043207
0.272701,0.0434009
0.27333,0.0435957
0.27396,0.0437913
0.274592,0.0439878
0.275225,0.0441852
0.27586,0.0443834
0.276496,0.0445825
0.277133,0.0447825
0.277772,0.0449834
0.278413,0.0451851
0.279055,0.0453877
0.279698,0.0455912
0.280343,0.0457957
0.280989,0.046001
0.281637,0.0462072
0.282287,0.0464143
0.282937,0.0466223
0.28359,0.0468313
0.284244,0.0470411
0.284899,0.0472519
0.285556,0.0474636
0.286214,0.0476763
0.286874,0.0478898
0.287536,0.0481043
0.288199,0.0483198
0.288863,0.0485362
0.289529,0.0487535
0.290197,0.0489718
0.290866,0.049191
0.291537,0.0494112
0.292209,0.0496324
0.292882,0.0498546
0.293558,0.0500777
0.294235,0.0503018
0.294913,0.0505268
0.295593,0.0507529
0.296275,0.0509799
0.296958,0.0512079
0.297642,0.051437
0.298329,0.051667
0.299016,0.051898
0.299706,0.0521301
0.300397,0.0523631
0.30109,0.0525972
0.301784,0.0528323
0.30248,0.0530684
0.303177,0.0533056
0.303876,0.0535438
0.304577,0.053783
0.305279,0.0540233
0.305983,0.0542646
0.306688,0.0545069
0.307396,0.0547503
0.308104,0.0549948
0.308815,0.0552404
0.309527,0.055487
0.31024,0.0557347
0.310956,0.0559834
0.311673,0.0562333
0.312391,0.0564842
0.313112,0.0567362
0.313834,0.0569893
0.314557,0.0572435
0.315282,0.0574989
0.316009,0.0577553
0.316738,0.0580128
0.317468,0.0582715
0.3182,0.0585312
0.318934,0.0587922
0.319669,0.0590542
0.320406,0.0593174
0.321145,0.0595817
0.321886,0.0598471
0.322628,0.0601137
0.323372,0.0603815
0.324117,0.0606504
0.324865,0.0609205
0.325614,0.0611917
0.326364,0.0614641
0.327117,0.0617377
0.327871,0.0620125
0.328627,0.0622885
0.329385,0.0625656
0.330144,0.062844
0.330905,0.0631235
0.331668,0.0634043
0.332433,0.0636862
0.3332,0.0639694
0.333968,0.0642538
0.334738,0.0645395
0.33551,0.0648263
0.336283,0.0651144
0.337059,0.0654037
0.337836,0.0656943
0.338615,0.0659861
0.339396,0.0662792
0.340178,0.0665736
0.340962,0.0668692
0.341749,0.0671661
0.342537,0.0674642
0.343326,0.0677636
0.344118,0.0680644
0.344911,0.0683664
0.345707,0.0686697
0.346504,0.0689743
0.347303,0.0692802
0.348103,0.0695874
0.348906,0.0698959
0.349711,0.0702058
0.350517,0.0705169
0.351325,0.0708295
0.352135,0.0711433
0.352947,0.0714585
0.353761,0.071775
0.354576,0.0720929
0.355394,0.0724121
0.356213,0.0727327
0.357035,0.0730547
0.357858,0.0733781
0.358683,0.0737028
0.35951,0.0740289
0.360339,0.0743564
0.36117,0.0746853
0.362003,0.0750156
0.362837,0.0753473
0.363674,0.0756804
0.364512,0.0760149
0.365353,0.0763509
0.366195,0.0766882
0.36704,0.077027
0.367886,0.0773673
0.368734,0.077709
0.369584,0.0780521
0.370436,0.0783967
0.371291,0.0787427
0.372147,0.0790903
0.373005,0.0794393
0.373865,0.0797897
0.374727,0.0801417
0.375591,0.0804951
0.376457,0.08085
0.377325,0.0812065
0.378195,0.0815644
0.379067,0.0819239
0.379941,0.0822848
0.380817,0.0826473
0.381695,0.0830113
0.382575,0.0833769
0.383457,0.083744
0.384341,0.0841126
0.385227,0.0844828
0.386116,0.0848546
0.387006,0.0852279
0.387898,0.0856028
0.388793,0.0859792
0.389689,0.0863573
0.390588,0.0867369
0.391488,0.0871181
0.392391,0.0875009
0.393295,0.0878854
0.394202,0.0882714
0.395111,0.088659
0.396022,0.0890483
0.396935,0.0894392
0.397851,0.0898318
0.398768,0.0902259
0.399687,0.0906218
0.400609,0.0910193
0.401533,0.0914184
0.402458,0.0918192
0.403386,0.0922217
0.404316,0.0926258
0.405249,0.0930317
0.406183,0.0934392
0.40712,0.0938484
0.408058,0.0942594
0.408999,0.094672
0.409942,0.0950864
0.410887,0.0955024
0.411835,0.0959202
0.412784,0.0963398
0.413736,0.0967611
0.41469,0.0971841
0.415646,0.0976089
0.416604,0.0980354
0.417565,0.0984637
0.418528,0.0988938
0.419493,0.0993256
0.42046,0.0997593
0.42143,0.100195
0.422401,0.100632
0.423375,0.101071
0.424351,0.101512
0.42533,0.101954
0.42631,0.102399
0.427293,0.102845
0.428279,0.103293
0.429266,0.103743
0.430256,0.104195
0.431248,0.104649
0.432242,0.105104
0.433239,0.105562
0.434238,0.106021
0.435239,0.106482
0.436242,0.106945
0.437248,0.10741
0.438256,0.107877
0.439267,0.108346
0.44028,0.108817
0.441295,0.109289
0.442312,0.109764
0.443332,0.11024
0.444354,0.110719
0.445379,0.111199
0.446406,0.111682
0.447435,0.112166
0.448467,0.112652
0.449501,0.11314
0.450537,0.113631
0.451576,0.114123
0.452617,0.114617
0.453661,0.115113
0.454707,0.115611
0.455755,0.116112
0.456806,0.116614
0.457859,0.117118
0.458915,0.117625
0.459973,0.118133
0.461034,0.118643
0.462097,0.119156
0.463162,0.11967
0.46423,0.120187
0.465301,0.120706
0.466373,0.121227
0.467449,0.121749
0.468526,0.122274
0.469607,0.122802
0.47069,0.123331
0.471775,0.123862
0.472863,0.124396
0.473953,0.124931
0.475046,0.125469
0.476141,0.126009
0.477239,0.126551
0.478339,0.127095
0.479442,0.127641
0.480548,0.12819
0.481656,0.128741
0.482766,0.129294
0.483879,0.129849
0.484995,0.130406
0.486113,0.130966
0.487234,0.131527
0.488357,0.132091
0.489483,0.132658
0.490612,0.133226
0.491743,0.133797
0.492877,0.13437
0.494013,0.134945
0.495152,0.135523
0.496294,0.136102
0.497438,0.136684
0.498585,0.137269
0.499735,0.137855
0.500887,0.138444
0.502042,0.139036
0.5032,0.139629
0.50436,0.140225
0.505523,0.140824
0.506688,0.141424
0.507857,0.142027
0.509028,0.142632
0.510201,0.14324
0.511378,0.14385
0.512557,0.144463
0.513739,0.145077
0.514923,0.145695
0.51611,0.146314
0.5173,0.146936
0.518493,0.147561
0.519689,0.148188
0.520887,0.148817
0.522088,0.149449
0.523292,0.150083
0.524498,0.150719
0.525707,0.151358
0.52692,0.152
0.528135,0.152644
0.529352,0.15329
0.530573,0.153939
0.531796,0.154591
0.533022,0.155245
0.534251,0.155901
0.535483,0.15656
0.536718,0.157222
0.537955,0.157886
0.539196,0.158553
0.540439,0.159222
0.541685,0.159893
0.542934,0.160568
0.544186,0.161245
0.54544,0.161924
0.546698,0.162606
0.547959,0.16329
0.549222,0.163978
0.550488,0.164667
0.551758,0.16536
0.55303,0.166055
0.554305,0.166752
0.555583,0.167453
0.556864,0.168156
0.558148,0.168861
0.559435,0.169569
0.560725,0.17028
0.562018,0.170994
0.563313,0.17171
0.564612,0.172429
0.565914,0.17315
0.567219,0.173875
0.568527,0.174602
0.569838,0.175331
0.571152,0.176064
0.572468,0.176799
0.573788,0.177537
0.575111,0.178277
0.576437,0.179021
0.577766,0.179767
0.579099,0.180516
0.580434,0.181267
0.581772,0.182022
0.583114,0.182779
0.584458,0.183539
0.585806,0.184302
0.587156,0.185068
0.58851,0.185836
0.589867,0.186607
0.591227,0.187381
0.59259,0.188158
0.593957,0.188938
0.595326,0.18972
0.596699,0.190506
0.598075,0.191294
0.599454,0.192085
0.600836,0.192879
0.602221,0.193676
0.60361,0.194476
0.605001,0.195279
0.606396,0.196084
0.607794,0.196893
0.609196,0.197704
0.6106,0.198518
0.612008,0.199336
0.613419,0.200156
0.614834,0.200979
0.616251,0.201805
0.617672,0.202634
0.619097,0.203466
0.620524,0.204301
0.621955,0.205139
0.623389,0.20598
0.624826,0.206824
0.626267,0.20767
0.627711,0.20852
0.629158,0.209373
0.630609,0.210229
0.632063,0.211088
0.63352,0.21195
0.634981,0.212815
0.636445,0.213683
0.637912,0.214554
0.639383,0.215428
0.640857,0.216305
0.642335,0.217185
0.643816,0.218069
0.6453,0.218955
0.646788,0.219845
0.64828,0.220737
0.649774,0.221633
0.651273,0.222531
0.652774,0.223433
0.654279,0.224338
0.655788,0.225246
0.6573,0.226157
0.658815,0.227072
0.660334,0.227989
0.661857,0.22891
0.663383,0.229833
0.664913,0.23076
0.666446,0.23169
0.667982,0.232623
0.669522,0.23356
0.671066,0.234499
0.672613,0.235442
0.674164,0.236388
0.675719,0.237337
0.677277,0.238289
0.678838,0.239245
0.680404,0.240203
0.681972,0.241165
0.683545,0.24213
0.685121,0.243099
0.6867,0.24407
0.688284,0.245045
0.689871,0.246023
0.691461,0.247004
0.693056,0.247988
0.694654,0.248976
0.696255,0.249967
0.697861,0.250961
0.69947,0.251959
0.701083,0.25296
0.702699,0.253964
0.704319,0.254971
0.705943,0.255982
0.707571,0.256996
0.709202,0.258013
0.710838,0.259033
0.712477,0.260057
0.714119,0.261084
0.715766,0.262114
0.717416,0.263148
0.71907,0.264185
0.720728,0.265225
0.72239,0.266269
0.724056,0.267316
0.725725,0.268366
0.727398,0.26942
0.729076,0.270477
0.730757,0.271537
0.732442,0.272601
0.73413,0.273668
0.735823,0.274738
0.73752,0.275812
0.73922,0.276889
0.740924,0.277969
0.742633,0.279053
0.744345,0.28014
0.746061,0.281231
0.747782,0.282324
0.749506,0.283422
0.751234,0.284522
0.752966,0.285626
0.754702,0.286734
0.756442,0.287844
0.758186,0.288959
0.759934,0.290076
0.761687,0.291197
0.763443,0.292321
0.765203,0.293449
0.766967,0.29458
0.768736,0.295715
0.770508,0.296853
0.772285,0.297994
0.774066,0.299139
0.77585,0.300287
0.777639,0.301438
0.779432,0.302593
0.781229,0.303752
0.783031,0.304913
0.784836,0.306079
0.786646,0.307247
0.788459,0.308419
0.790277,0.309594
0.7921,0.310773
0.793926,0.311956
0.795756,0.313141
0.797591,0.31433
0.79943,0.315523
0.801273,0.316719
0.803121,0.317918
0.804973,0.319121
0.806829,0.320327
0.808689,0.321536
0.810554,0.322749
0.812423,0.323966
0.814296,0.325186
0.816173,0.326409
0.818055,0.327636
0.819941,0.328866
0.821832,0.330099
0.823727,0.331336
0.825626,0.332576
0.82753,0.33382
0.829438,0.335067
0.83135,0.336318
0.833267,0.337572
0.835188,0.338829
0.837114,0.34009
0.839044,0.341354
0.840979,0.342621
0.842918,0.343892
0.844861,0.345167
0.846809,0.346444
0.848762,0.347725
0.850719,0.34901
0.85268,0.350298
0.854646,0.351589
0.856617,0.352884
0.858592,0.354182
0.860571,0.355483
0.862556,0.356788
0.864545,0.358096
0.866538,0.359407
0.868536,0.360722
0.870538,0.36204
0.872546,0.363362
0.874557,0.364687
0.876574,0.366015
0.878595,0.367346
0.880621,0.368681
0.882651,0.370019
0.884686,0.371361
0.886726,0.372706
0.888771,0.374054
0.89082,0.375405
0.892874,0.37676
0.894933,0.378118
0.896996,0.37948
0.899064,0.380844
0.901137,0.382212
0.903215,0.383583
0.905298,0.384958
0.907385,0.386335
0.909477,0.387716
0.911574,0.389101
0.913676,0.390488
0.915783,0.391879
0.917894,0.393273
0.92001,0.39467
0.922132,0.39607
0.924258,0.397474
0.926389,0.39888
0.928525,0.40029
0.930666,0.401703
0.932812,0.40312
0.934962,0.404539
0.937118,0.405962
0.939279,0.407387
0.941445,0.408816
0.943615,0.410248
0.945791,0.411683
0.947972,0.413121
0.950157,0.414563
0.952348,0.416007
0.954544,0.417455
0.956745,0.418905
0.958951,0.420359
0.961162,0.421815
0.963378,0.423275
0.965599,0.424738
0.967826,0.426204
0.970057,0.427672
0.972294,0.429144
0.974536,0.430619
0.976783,0.432097
0.979035,0.433577
0.981292,0.435061
0.983555,0.436547
0.985823,0.438037
0.988096,0.439529
0.990374,0.441025
0.992657,0.442523
0.994946,0.444024
0.99724,0.445528
0.999539,0.447034
1.00184,0.448544
1.00415,0.450056
1.00647,0.451572
1.00879,0.45309
1.01112,0.45461
1.01345,0.456134
1.01578,0.45766
1.01813,0.459189
1.02047,0.460721
1.02283,0.462255
1.02518,0.463793
1.02755,0.465332
1.02992,0.466875
1.03229,0.46842
1.03467,0.469968
1.03706,0.471518
1.03945,0.473071
1.04185,0.474626
1.04425,0.476184
1.04666,0.477745
1.04907,0.479308
1.05149,0.480874
1.05391,0.482442
1.05634,0.484013
1.05878,0.485586
1.06122,0.487161
1.06367,0.488739
1.06612,0.490319
1.06858,0.491902
1.07104,0.493487
1.07351,0.495074
1.07599,0.496664
1.07847,0.498256
1.08095,0.49985
1.08345,0.501447
1.08594,0.503045
1.08845,0.504646
1.09096,0.506249
1.09347,0.507855
1.09599,0.509462
1.09852,0.511072
1.10105,0.512684
1.10359,0.514298
1.10614,0.515913
1.10869,0.517531
1.11124,0.519151
1.11381,0.520773
1.11637,0.522397
1.11895,0.524023
1.12153,0.525651
1.12411,0.527281
1.12671,0.528913
1.1293,0.530546
1.13191,0.532181
1.13452,0.533819
1.13713,0.535457
1.13975,0.537098
1.14238,0.538741
1.14502,0.540385
1.14766,0.542031
1.1503,0.543678
1.15296,0.545327
1.15561,0.546978
1.15828,0.54863
1.16095,0.550284
1.16363,0.55194
1.16631,0.553597
1.169,0.555255
1.17169,0.556915
1.17439,0.558576
1.1771,0.560239
1.17982,0.561903
1.18254,0.563569
1.18526,0.565235
1.188,0.566903
1.19074,0.568573
1.19348,0.570243
1.19623,0.571915
1.19899,0.573588
1.20176,0.575262
1.20453,0.576937
1.2073,0.578613
1.21009,0.58029
1.21288,0.581969
1.21567,0.583648
1.21848,0.585328
1.22129,0.587009
1.2241,0.588691
1.22692,0.590374
1.22975,0.592058
1.23259,0.593743
1.23543,0.595428
1.23828,0.597114
1.24113,0.598801
1.244,0.600488
1.24686,0.602176
1.24974,0.603865
1.25262,0.605554
1.25551,0.607244
1.2584,0.608935
1.26131,0.610625
1.26421,0.612317
1.26713,0.614008
1.27005,0.6157
1.27298,0.617393
1.27591,0.619086
1.27886,0.620779
1.2818,0.622472
1.28476,0.624165
1.28772,0.625859
1.29069,0.627553
1.29367,0.629246
1.29665,0.63094
1.29964,0.632634
1.30264,0.634328
1.30564,0.636022
1.30865,0.637716
1.31167,0.639409
1.31469,0.641103
1.31772,0.642796
1.32076,0.644489
1.32381,0.646182
1.32686,0.647875
1.32992,0.649567
1.33298,0.651259
1.33606,0.65295
1.33914,0.654641
1.34223,0.656332
1.34532,0.658022
1.34842,0.659711
1.35153,0.6614
1.35465,0.663088
1.35777,0.664775
1.3609,0.666462
1.36404,0.668148
1.36718,0.669833
1.37034,0.671518
1.3735,0.673201
1.37666,0.674884
1.37984,0.676565
1.38302,0.678246
1.38621,0.679925
1.3894,0.681604
1.39261,0.683281
1.39582,0.684957
1.39904,0.686632
1.40226,0.688306
1.4055,0.689979
1.40874,0.69165
1.41198,0.69332
1.41524,0.694988
1.4185,0.696655
1.42177,0.698321
1.42505,0.699985
1.42834,0.701647
1.43163,0.703308
1.43493,0.704967
1.43824,0.706625
1.44156,0.708281
1.44488,0.709935
1.44821,0.711587
1.45155,0.713237
1.4549,0.714886
1.45825,0.716532
1.46161,0.718177
1.46498,0.71982
1.46836,0.72146
1.47175,0.723099
1.47514,0.724735
1.47854,0.726369
1.48195,0.728001
1.48537,0.72963
1.48879,0.731258
1.49223,0.732883
1.49567,0.734505
1.49912,0.736125
1.50257,0.737743
1.50604,0.739358
1.50951,0.740971
1.51299,0.742581
1.51648,0.744188
1.51997,0.745793
1.52348,0.747395
1.52699,0.748994
1.53051,0.75059
1.53404,0.752184
1.53758,0.753774
1.54112,0.755362
1.54468,0.756946
1.54824,0.758528
1.55181,0.760107
1.55539,0.761682
1.55897,0.763255
1.56257,0.764824
1.56617,0.76639
1.56978,0.767952
1.5734,0.769512
1.57703,0.771068
1.58066,0.77262
1.58431,0.774169
1.58796,0.775715
1.59162,0.777257
1.59529,0.778796
1.59897,0.780331
1.60266,0.781862
1.60635,0.78339
1.61006,0.784914
1.61377,0.786434
1.61749,0.787951
1.62122,0.789463
1.62496,0.790972
1.6287,0.792477
1.63246,0.793977
1.63622,0.795474
1.64,0.796967
1.64378,0.798456
1.64757,0.79994
1.65137,0.801421
1.65517,0.802897
1.65899,0.804369
1.66282,0.805837
1.66665,0.8073
1.67049,0.808759
1.67434,0.810214
1.6782,0.811664
1.68207,0.81311
1.68595,0.814551
1.68984,0.815988
1.69374,0.81742
1.69764,0.818848
1.70156,0.820271
1.70548,0.821689
1.70941,0.823102
1.71335,0.824511
1.7173,0.825915
1.72126,0.827314
1.72523,0.828708
1.72921,0.830098
1.7332,0.831482
1.73719,0.832862
1.7412,0.834236
1.74521,0.835605
1.74924,0.83697
1.75327,0.838329
1.75731,0.839683
1.76136,0.841032
1.76543,0.842376
1.7695,0.843714
1.77358,0.845048
1.77767,0.846376
1.78176,0.847698
1.78587,0.849015
1.78999,0.850327
1.79412,0.851634
1.79825,0.852935
1.8024,0.85423
1.80656,0.85552
1.81072,0.856805
1.8149,0.858084
1.81908,0.859357
1.82327,0.860625
1.82748,0.861887
1.83169,0.863143
1.83592,0.864394
1.84015,0.865639
1.84439,0.866878
1.84864,0.868111
1.85291,0.869339
1.85718,0.87056
1.86146,0.871776
1.86575,0.872986
1.87005,0.87419
1.87437,0.875388
1.87869,0.87658
1.88302,0.877767
1.88736,0.878947
1.89171,0.880121
1.89608,0.881289
1.90045,0.882451
1.90483,0.883607
1.90922,0.884757
1.91362,0.885901
1.91804,0.887038
1.92246,0.888169
1.92689,0.889295
1.93133,0.890414
1.93579,0.891526
1.94025,0.892633
1.94472,0.893733
1.94921,0.894827
1.9537,0.895915
1.95821,0.896996
1.96272,0.898071
1.96725,0.89914
1.97178,0.900203
1.97633,0.901259
1.98089,0.902308
1.98545,0.903352
1.99003,0.904388
1.99462,0.905419
1.99922,0.906443
2.00383,0.907461
2.00845,0.908472
2.01308,0.909476
2.01772,0.910475
2.02237,0.911466
2.02704,0.912452
2.03171,0.91343
2.03639,0.914403
2.04109,0.915368
2.0458,0.916328
2.05051,0.91728
2.05524,0.918227
2.05998,0.919166
2.06473,0.9201
2.06949,0.921026
2.07426,0.921946
2.07904,0.92286
2.08384,0.923767
2.08864,0.924667
2.09346,0.925561
2.09828,0.926448
2.10312,0.927329
2.10797,0.928203
2.11283,0.929071
2.1177,0.929932
2.12259,0.930787
2.12748,0.931635
2.13239,0.932476
2.1373,0.933311
2.14223,0.934139
2.14717,0.934961
2.15212,0.935776
2.15708,0.936585
2.16206,0.937387
2.16704,0.938183
2.17204,0.938972
2.17705,0.939755
2.18207,0.940531
2.1871,0.941301
2.19214,0.942064
2.19719,0.942821
2.20226,0.943572
2.20734,0.944315
2.21243,0.945053
2.21753,0.945784
2.22264,0.946509
2.22777,0.947227
2.2329,0.947939
2.23805,0.948644
2.24321,0.949343
2.24838,0.950036
2.25357,0.950722
2.25876,0.951402
2.26397,0.952076
2.26919,0.952743
2.27442,0.953404
2.27967,0.954059
2.28492,0.954708
2.29019,0.95535
2.29547,0.955987
2.30077,0.956617
2.30607,0.95724
2.31139,0.957858
2.31672,0.95847
2.32206,0.959075
2.32741,0.959674
2.33278,0.960268
2.33816,0.960855
2.34355,0.961436
2.34895,0.962011
2.35437,0.962581
2.3598,0.963144
2.36524,0.963701
2.37069,0.964253
2.37616,0.964798
2.38164,0.965338
2.38713,0.965872
2.39263,0.9664
2.39815,0.966922
2.40368,0.967438
2.40922,0.967949
2.41477,0.968454
2.42034,0.968953
2.42592,0.969447
2.43152,0.969935
2.43712,0.970418
2.44274,0.970894
2.44837,0.971366
2.45402,0.971832
2.45968,0.972292
2.46535,0.972747
2.47103,0.973196
2.47673,0.97364
2.48244,0.974079
2.48816,0.974513
2.4939,0.974941
2.49965,0.975364
2.50542,0.975781
2.51119,0.976194
2.51698,0.976601
2.52279,0.977003
2.5286,0.9774
2.53443,0.977792
2.54028,0.978179
2.54613,0.978561
2.552,0.978938
2.55789,0.97931
2.56379,0.979677
2.5697,0.980039
2.57562,0.980397
2.58156,0.980749
2.58751,0.981097
2.59348,0.98144
2.59946,0.981779
2.60545,0.982112
2.61146,0.982442
2.61748,0.982766
2.62352,0.983086
2.62957,0.983402
2.63563,0.983713
2.64171,0.98402
2.6478,0.984322
2.6539,0.98462
2.66002,0.984913
2.66615,0.985203
2.6723,0.985488
2.67846,0.985768
2.68464,0.986045
2.69083,0.986318
2.69703,0.986586
2.70325,0.98685
2.70948,0.987111
2.71573,0.987367
2.72199,0.987619
2.72827,0.987868
2.73456,0.988112
2.74086,0.988353
2.74718,0.98859
2.75352,0.988823
2.75987,0.989053
2.76623,0.989279
2.77261,0.989501
2.779,0.989719
2.78541,0.989934
2.79183,0.990146
2.79827,0.990354
2.80472,0.990558
2.81119,0.990759
2.81767,0.990957
2.82417,0.991151
2.83068,0.991342
2.8372,0.99153
2.84375,0.991714
2.8503,0.991896
2.85687,0.992074
2.86346,0.992249
2.87006,0.992421
2.87668,0.99259
2.88331,0.992756
2.88996,0.992919
2.89663,0.993079
2.9033,0.993236
2.91,0.99339
2.91671,0.993541
2.92343,0.99369
2.93017,0.993836
2.93693,0.993979
2.9437,0.994119
2.95049,0.994257
2.95729,0.994392
2.96411,0.994525
2.97094,0.994655
2.97779,0.994783
2.98466,0.994908
2.99154,0.99503
2.99844,0.99515
3.00535,0.995268
3.01228,0.995384
3.01923,0.995497
3.02619,0.995608
3.03317,0.995717
3.04016,0.995823
3.04717,0.995927
3.0542,0.99603
3.06124,0.99613
3.0683,0.996228
3.07537,0.996324
3.08246,0.996417
3.08957,0.996509
3.09669,0.996599
3.10383,0.996687
3.11099,0.996774
3.11816,0.996858
3.12535,0.99694
3.13256,0.997021
3.13978,0.9971
3.14702,0.997177
3.15428,0.997253
3.16155,0.997327
3.16884,0.997399
3.17615,0.997469
3.18347,0.997538
3.19081,0.997605
3.19817,0.997671
3.20554,0.997735
3.21293,0.997798
3.22034,0.99786
3.22776,0.997919
3.23521,0.997978
3.24267,0.998035
3.25014,0.998091
3.25764,0.998145
3.26515,0.998198
3.27268,0.99825
3.28022,0.998301
3.28778,0.99835
3.29537,0.998398
3.30296,0.998445
3.31058,0.998491
3.31821,0.998535
3.32586,0.998579
3.33353,0.998621
3.34122,0.998662
3.34892,0.998703
3.35664,0.998742
3.36438,0.99878
3.37214,0.998817
3.37992,0.998853
3.38771,0.998889
3.39552,0.998923
3.40335,0.998956
3.4112,0.998989
3.41906,0.999021
3.42694,0.999052
3.43485,0.999082
3.44277,0.999111
3.4507,0.999139
3.45866,0.999167
3.46663,0.999194
3.47463,0.99922
3.48264,0.999245
3.49067,0.99927
3.49872,0.999294
3.50678,0.999317
3.51487,0.999339
3.52297,0.999361
3.5311,0.999383
3.53924,0.999403
3.5474,0.999424
3.55558,0.999443
3.56378,0.999462
3.57199,0.99948
3.58023,0.999498
3.58848,0.999515
3.59676,0.999532
3.60505,0.999549
3.61336,0.999564
3.62169,0.99958
3.63004,0.999594
3.63841,0.999609
3.6468,0.999623
3.65521,0.999636
3.66364,0.999649
3.67209,0.999662
3.68055,0.999674
3.68904,0.999686
3.69755,0.999697
3.70607,0.999709
3.71462,0.999719
3.72318,0.99973
3.73177,0.99974
3.74037,0.99975
3.74899,0.999759
3.75764,0.999768
3.7663,0.999777
3.77499,0.999785
3.78369,0.999794
3.79241,0.999801
3.80116,0.999809
3.80992,0.999817
3.81871,0.999824
3.82751,0.999831
3.83634,0.999837
3.84518,0.999844
3.85405,0.99985
3.86293,0.999856
3.87184,0.999862
3.88077,0.999867
3.88972,0.999873
3.89869,0.999878
3.90767,0.999883
3.91668,0.999887
3.92572,0.999892
3.93477,0.999897
3.94384,0.999901
3.95293,0.999905
3.96205,0.999909
3.97118,0.999913
3.98034,0.999916
3.98952,0.99992
3.99871,0.999923
4.00793,0.999927
4.01718,0.99993
4.02644,0.999933
4.03572,0.999936
4.04503,0.999939
4.05435,0.999941
4.0637,0.999944
4.07307,0.999946
4.08246,0.999949
4.09188,0.999951
4.10131,0.999953
4.11077,0.999955
4.12024,0.999957
4.12974,0.999959
4.13927,0.999961
4.14881,0.999963
4.15838,0.999965
4.16796,0.999966
4.17757,0.999968
4.18721,0.999969
4.19686,0.999971
4.20654,0.999972
4.21624,0.999973
4.22596,0.999975
4.2357,0.999976
4.24547,0.999977
4.25526,0.999978
4.26507,0.999979
4.2749,0.99998
4.28476,0.999981
4.29464,0.999982
4.30454,0.999983
4.31447,0.999984
4.32441,0.999985
4.33438,0.999985
4.34438,0.999986
4.35439,0.999987
4.36443,0.999988
4.3745,0.999988
4.38458,0.999989
4.39469,0.999989
4.40483,0.99999
4.41498,0.99999
4.42516,0.999991
4.43537,0.999991
4.44559,0.999992
4.45584,0.999992
4.46612,0.999993
4.47641,0.999993
4.48673,0.999993
4.49708,0.999994
4.50745,0.999994
4.51784,0.999994
4.52826,0.999995
4.5387,0.999995
4.54916,0.999995
4.55965,0.999996
4.57017,0.999996
4.5807,0.999996
4.59127,0.999996
4.60185,0.999996
4.61246,0.999997
4.6231,0.999997
4.63376,0.999997
4.64444,0.999997
4.65515,0.999997
4.66588,0.999998
4.67664,0.999998
4.68742,0.999998
4.69823,0.999998
4.70906,0.999998
4.71992,0.999998
4.7308,0.999998
4.74171,0.999998
4.75265,0.999998
4.7636,0.999999
4.77459,0.999999
4.7856,0.999999
4.79663,0.999999
4.80769,0.999999
4.81877,0.999999
4.82988,0.999999
4.84102,0.999999
4.85218,0.999999
4.86337,0.999999
4.87458,0.999999
4.88582,0.999999
4.89709,0.999999
4.90838,0.999999
4.9197,0.999999
4.93104,0.999999
4.94241,0.999999
4.95381,1
4.96523,1
4.97668,1
4.98815,1
4.99965,1
5.01118,1
5.02273,1
5.03432,1
5.04592,1
5.05756,1
5.06922,1
5.08091,1
5.09262,1
5.10436,1
5.11613,1
5.12793,1
5.13975,1
5.1516,1
5.16348,1
5.17539,1
5.18732,1
5.19928,1
5.21127,1
5.22328,1
5.23533,1
5.2474,1
5.2595,1
5.27162,1
5.28378,1
5.29596,1
5.30817,1
5.32041,1
5.33268,1
5.34497,1
5.3573,1
5.36965,1
5.38203,1
5.39444,1
5.40688,1
5.41934,1
5.43184,1
5.44436,1
5.45692,1
5.4695,1
5.48211,1
5.49475,1
5.50742,1
5.52012,1
5.53285,1
5.5456,1
5.55839,1
5.57121,1
5.58405,1
5.59693,1
5.60983,1
5.62277,1
5.63573,1
5.64872,1
5.66175,1
5.6748,1
5.68789,1
5.701,1
5.71415,1
5.72732,1
5.74053,1
5.75376,1
5.76703,1
5.78033,1
5.79365,1
5.80701,1
5.8204,1
5.83382,1
5.84727,1
5.86076,1
5.87427,1
5.88781,1
5.90139,1
5.915,1
5.92863,1
5.9423,1
5.956,1
5.96974,1
5.9835,1
5.9973,1
6.01113,1
6.02499,1
6.03888,1
6.0528,1
6.06676,1
6.08074,1
6.09477,1
6.10882,1
6.1229,1
6.13702,1
6.15117,1
6.16535,1
6.17957,1
6.19382,1
6.2081,1
6.22241,1
6.23676,1
6.25114,1
6.26555,1
6.28,1
6.29448,1
6.30899,1
6.32354,1
6.33812,1
6.35273,1
6.36738,1
6.38206,1
6.39678,1
6.41153,1
6.42631,1
6.44113,1
6.45598,1
6.47086,1
6.48578,1
6.50074,1
6.51573,1
6.53075,1
6.54581,1
6.5609,1
6.57603,1
6.59119,1
6.60639,1
6.62162,1
6.63689,1
6.65219,1
6.66753,1
6.6829,1
6.69831,1
6.71375,1
6.72923,1
6.74475,1
6.7603,1
6.77589,1
6.79151,1
6.80717,1
6.82287,1
6.8386,1
6.85436,1
6.87017,1
6.88601,1
6.90189,1
6.9178,1
6.93375,1
6.94974,1
6.96576,1
6.98182,1
6.99792,1
7.01406,1
7.03023,1
7.04644,1
7.06268,1
7.07897,1
7.09529,1
7.11165,1
7.12805,1
7.14448,1
7.16096,1
7.17747,1
7.19402,1
7.2106,1
7.22723,1
7.24389,1
7.26059,1
7.27734,1
7.29411,1
7.31093,1
7.32779,1
7.34469,1
7.36162,1
7.37859,1
7.39561,1
7.41266,1
7.42975,1
7.44688,1
7.46405,1
7.48126,1
7.49851,1
7.5158,1
7.53313,1
7.5505,1
7.56791,1
7.58536,1
7.60285,1
7.62038,1
7.63795,1
7.65556,1
7.67321,1
7.6909,1
7.70863,1
7.72641,1
7.74422,1
7.76208,1
7.77997,1
7.79791,1
7.81589,1
7.83391,1
7.85198,1
7.87008,1
7.88823,1
7.90641,1
7.92464,1
7.94292,1
7.96123,1
7.97959,1
7.99799,1
8.01643,1
8.03491,1
8.05344,1
8.072,1
8.09062,1
8.10927,1
8.12797,1
8.14671,1
8.16549,1
8.18432,1
8.20319,1
8.2221,1
8.24106,1
8.26006,1
8.27911,1
8.2982,1
8.31733,1
8.33651,1
8.35573,1
8.375,1
8.39431,1
8.41366,1
8.43306,1
8.4525,1
8.47199,1
8.49153,1
8.51111,1
8.53073,1
8.5504,1
8.57011,1
8.58987,1
8.60968,1
8.62953,1
8.64943,1
8.66937,1
8.68936,1
8.7094,1
8.72948,1
8.7496,1
8.76978,1
8.79,1
8.81027,1
8.83058,1
8.85094,1
8.87135,1
8.8918,1
8.9123,1
8.93285,1
8.95345,1
8.97409,1
8.99479,1
9.01552,1
9.03631,1
9.05715,1
9.07803,1
9.09896,1
9.11994,1
9.14097,1
9.16204,1
9.18317,1
9.20434,1
9.22557,1
9.24684,1
9.26816,1
9.28953,1
9.31095,1
9.33241,1
9.35393,1
9.3755,1
9.39712,1
9.41878,1
9.4405,1
9.46227,1
9.48408,1
9.50595,1
9.52787,1
9.54984,1
9.57186,1
9.59393,1
9.61605,1
9.63822,1
9.66044,1
9.68272,1
9.70504,1
9.72742,1
9.74985,1
9.77233,1
9.79486,1
9.81744,1
9.84008,1
9.86277,1
9.88551,1
9.9083,1
9.93115,1
9.95405,1
9.977,1
10,1
